2025/05/28 05:18:50 proto: duplicate proto type registered: k8s.io.apimachinery.pkg.runtime.RawExtension
2025/05/28 05:18:50 proto: duplicate proto type registered: k8s.io.apimachinery.pkg.runtime.TypeMeta
2025/05/28 05:18:50 proto: duplicate proto type registered: k8s.io.apimachinery.pkg.runtime.Unknown
[90m2025-05-28 05:18:51.011[0m [32mINF[0m [36mmodule=[0mcmd/nodelet/app/server.go:48
[90m2025-05-28 05:18:51.011[0m [32mINF[0m [1misPod的值为：false[0m
[90m2025-05-28 05:18:51.011[0m [32mINF[0m [36mmodule=[0mpkg/nodelet/config.go:67 [36mmsg=[0m"ConfigPath is empty, using default"
[90m2025-05-28 05:18:51.011[0m [32mINF[0m [1mconfigPath:/home/public/goprojects/reference/frameworkConf.yaml[0m
[90m2025-05-28 05:18:51.020[0m [32mINF[0m [1maddress:http://127.0.0.1:10000==============[0m
[90m2025-05-28 05:18:51.020[0m [32mINF[0m [1mapiserverHost: http://127.0.0.1:10000[0m
[90m2025-05-28 05:18:51.020[0m [32mINF[0m [36mmodule=[0mcmd/nodelet/app/server.go:58 [36mmsg=[0m"Starting Resourcelet\t | version\t | v0.0.0"
[90m2025-05-28 05:18:51.021[0m [32mINF[0m [36mmodule=[0mpkg/nodelet/node/node_exporter.go:48 [36mmsg=[0m"Init nodeExporter module"
[90m2025-05-28 05:18:51.021[0m [32mINF[0m [36mmodule=[0mpkg/nodelet/node/collector/collector.go:48 [36mmsg=[0m"New nodeCollector"
[90m2025-05-28 05:18:51.040[0m [32mINF[0m [1mDataSavedDir: ../tmp/data[0m
[90m2025-05-28 05:18:51.040[0m [32mINF[0m [1mUploadURL: http://localhost:8888/upload[0m
[90m2025-05-28 05:18:51.040[0m [32mINF[0m [1mForwardURL: http://localhost:8888/forward[0m
[90m2025-05-28 05:18:51.040[0m [32mINF[0m [1mDownloadURL: http://localhost:8888/download?filename=[0m
[90m2025-05-28 05:18:51.040[0m [32mINF[0m [36mmodule=[0mpkg/nodelet/task/task_exporter.go:135 [36mmsg=[0m"Init task exporter"
[90m2025-05-28 05:18:51.040[0m [32mINF[0m [36mmodule=[0mpkg/nodelet/task/monitor/group_handler.go:85 [36mmsg=[0m"GroupHandler component start"
[90m2025-05-28 05:18:51.041[0m [32mINF[0m [36mmodule=[0mpkg/nodelet/task/monitor/group_monitor.go:99 [36mmsg=[0m"GroupMonitor component start"
[90m2025-05-28 05:18:51.041[0m [32mINF[0m [36mmodule=[0mpkg/nodelet/task/monitor/group_monitor.go:458 [36mmsg=[0m"Running queue start checking"
[90m2025-05-28 05:18:51.041[0m [32mINF[0m [36mmodule=[0mpkg/nodelet/task/monitor/group_monitor.go:982 [36mmsg=[0m"Error queue start checking"
[90m2025-05-28 05:18:51.041[0m [32mINF[0m [36mmodule=[0mpkg/nodelet/task/monitor/group_monitor.go:299 [36mmsg=[0m"Copy Pending queue start checking"
[90m2025-05-28 05:18:51.041[0m [32mINF[0m [36mmodule=[0mpkg/nodelet/task/monitor/group_monitor.go:195 [36mmsg=[0m"Pending queue start checking"
[90m2025-05-28 05:18:51.041[0m [32mINF[0m [36mmodule=[0mpkg/nodelet/task/monitor/group_monitor.go:849 [36mmsg=[0m"Completed queue start checking"
[90m2025-05-28 05:18:51.041[0m [32mINF[0m [36mmodule=[0mpkg/nodelet/task/monitor/group_monitor.go:794 [36mmsg=[0m"Migrated queue start checking"
[90m2025-05-28 05:19:18.732[0m [32mINF[0m [1mReceive-GroupName：T1.G1-01971554-45d1-73ef-b91b-b0a784ffeb46,groupStatus:ReadyToDeploy[0m
[90m2025-05-28 05:19:18.732[0m [32mINF[0m [1mcheckResource方法：g.Status.Phase:ReadyToDeploy[0m
[90m2025-05-28 05:19:18.780[0m [32mINF[0m [1m==========================Task的Status.Phase:Unknown[0m
[90m2025-05-28 05:19:19.186[0m [32mINF[0m [1m****************************ashdkhaskldhklashdk****************************************[0m
[90m2025-05-28 05:19:19.186[0m [32mINF[0m [1mcommand runtime for runtime task:T1.G1.A1.R1-01971554-45d1-73ef-b91b-b0a784ffeb46[0m
[90m2025-05-28 05:19:19.186[0m [32mINF[0m [1mcommand.go: EnvVar:[{ } {PATH /home/public/anaconda3/envs/yolo/bin/python}][0m
[90m2025-05-28 05:19:19.186[0m [32mINF[0m [1mcommand.go: cmd:python[0m
[90m2025-05-28 05:19:19.186[0m [32mINF[0m [1mpath:PATH, value:/home/public/anaconda3/envs/yolo/bin/python[0m
[90m2025-05-28 05:19:19.187[0m [32mINF[0m [1mafter cmd:/home/public/anaconda3/envs/yolo/bin/python[0m
[90m2025-05-28 05:19:19.187[0m [32mINF[0m [1mruntime Name:	 T1.G1.A1.R1-01971554-45d1-73ef-b91b-b0a784ffeb46 is Running[0m
[90m2025-05-28 05:19:19.187[0m [32mINF[0m [36mmodule=[0mpkg/nodelet/task/monitor/group_monitor.go:1022 [36mmsg=[0m"Handling runtime start status update"
[90m2025-05-28 05:19:19.188[0m [32mINF[0m [1mprocess id:	 2221749 is Running[0m
[90m2025-05-28 05:19:19.188[0m [32mINF[0m [36mmodule=[0mpkg/client-go/clients/typed/core/event_expansion.go:25 [36mmsg=[0m---CreateForEventSink---
[90m2025-05-28 05:19:19.189[0m [32mINF[0m [1mGet runtime start event notify, the phase:Running[0m
[90m2025-05-28 05:19:19.203[0m [32mINF[0m [36mmodule=[0mpkg/client-go/clients/typed/core/event_expansion.go:25 [36mmsg=[0m---CreateForEventSink---
[90m2025-05-28 05:19:19.222[0m [32mINF[0m [36mmodule=[0mpkg/client-go/clients/typed/core/event_expansion.go:25 [36mmsg=[0m---CreateForEventSink---
[90m2025-05-28 05:19:19.232[0m [32mINF[0m [36mmodule=[0mpkg/client-go/clients/typed/core/event_expansion.go:25 [36mmsg=[0m---CreateForEventSink---
[90m2025-05-28 05:19:19.246[0m [32mINF[0m [1mSTART ：taskStatus:Running,groupStatus:Running, action status: Running, runtime Status: Running[0m
New https://pypi.org/project/ultralytics/8.3.146 available 😃 Update with 'pip install -U ultralytics'
Ultralytics 8.3.105 🚀 Python-3.10.16 torch-2.5.1 CPU (Common KVM processor)
[34m[1mengine/trainer: [0mtask=segment, mode=train, model=/home/public/workspace/heongtong_yolo_linux/yolo11x-seg.pt, data=/home/public/workspace/heongtong_yolo_linux/segment_train.yaml, epochs=100, time=None, patience=100, batch=2, imgsz=640, save=True, save_period=-1, cache=False, device=cpu, workers=0, project=None, name=train, exist_ok=False, pretrained=True, optimizer=auto, verbose=True, seed=0, deterministic=True, single_cls=False, rect=False, cos_lr=False, close_mosaic=10, resume=False, amp=True, fraction=1.0, profile=False, freeze=None, multi_scale=False, overlap_mask=True, mask_ratio=4, dropout=0.0, val=True, split=val, save_json=False, conf=None, iou=0.7, max_det=300, half=False, dnn=False, plots=True, source=None, vid_stride=1, stream_buffer=False, visualize=False, augment=False, agnostic_nms=False, classes=None, retina_masks=False, embed=None, show=False, save_frames=False, save_txt=False, save_conf=False, save_crop=False, show_labels=True, show_conf=True, show_boxes=True, line_width=None, format=torchscript, keras=False, optimize=False, int8=False, dynamic=False, simplify=True, opset=None, workspace=None, nms=False, lr0=0.01, lrf=0.01, momentum=0.937, weight_decay=0.0005, warmup_epochs=3.0, warmup_momentum=0.8, warmup_bias_lr=0.1, box=7.5, cls=0.5, dfl=1.5, pose=12.0, kobj=1.0, nbs=64, hsv_h=0.015, hsv_s=0.7, hsv_v=0.4, degrees=0.0, translate=0.1, scale=0.5, shear=0.0, perspective=0.0, flipud=0.0, fliplr=0.5, bgr=0.0, mosaic=1.0, mixup=0.0, copy_paste=0.0, copy_paste_mode=flip, auto_augment=randaugment, erasing=0.4, crop_fraction=1.0, cfg=None, tracker=botsort.yaml, save_dir=runs/segment/train
Overriding model.yaml nc=80 with nc=1

                   from  n    params  module                                       arguments                     
  0                  -1  1      2784  ultralytics.nn.modules.conv.Conv             [3, 96, 3, 2]                 
  1                  -1  1    166272  ultralytics.nn.modules.conv.Conv             [96, 192, 3, 2]               
  2                  -1  2    389760  ultralytics.nn.modules.block.C3k2            [192, 384, 2, True, 0.25]     
  3                  -1  1   1327872  ultralytics.nn.modules.conv.Conv             [384, 384, 3, 2]              
  4                  -1  2   1553664  ultralytics.nn.modules.block.C3k2            [384, 768, 2, True, 0.25]     
  5                  -1  1   5309952  ultralytics.nn.modules.conv.Conv             [768, 768, 3, 2]              
  6                  -1  2   5022720  ultralytics.nn.modules.block.C3k2            [768, 768, 2, True]           
  7                  -1  1   5309952  ultralytics.nn.modules.conv.Conv             [768, 768, 3, 2]              
  8                  -1  2   5022720  ultralytics.nn.modules.block.C3k2            [768, 768, 2, True]           
  9                  -1  1   1476864  ultralytics.nn.modules.block.SPPF            [768, 768, 5]                 
 10                  -1  2   3264768  ultralytics.nn.modules.block.C2PSA           [768, 768, 2]                 
 11                  -1  1         0  torch.nn.modules.upsampling.Upsample         [None, 2, 'nearest']          
 12             [-1, 6]  1         0  ultralytics.nn.modules.conv.Concat           [1]                           
 13                  -1  2   5612544  ultralytics.nn.modules.block.C3k2            [1536, 768, 2, True]          
 14                  -1  1         0  torch.nn.modules.upsampling.Upsample         [None, 2, 'nearest']          
 15             [-1, 4]  1         0  ultralytics.nn.modules.conv.Concat           [1]                           
 16                  -1  2   1700352  ultralytics.nn.modules.block.C3k2            [1536, 384, 2, True]          
 17                  -1  1   1327872  ultralytics.nn.modules.conv.Conv             [384, 384, 3, 2]              
 18            [-1, 13]  1         0  ultralytics.nn.modules.conv.Concat           [1]                           
 19                  -1  2   5317632  ultralytics.nn.modules.block.C3k2            [1152, 768, 2, True]          
 20                  -1  1   5309952  ultralytics.nn.modules.conv.Conv             [768, 768, 3, 2]              
 21            [-1, 10]  1         0  ultralytics.nn.modules.conv.Concat           [1]                           
 22                  -1  2   5612544  ultralytics.nn.modules.block.C3k2            [1536, 768, 2, True]          
 23        [16, 19, 22]  1   8323187  ultralytics.nn.modules.head.Segment          [1, 32, 384, [384, 768, 768]] 
[W528 05:19:24.532684325 NNPACK.cpp:61] Could not initialize NNPACK! Reason: Unsupported hardware.
YOLO11x-seg summary: 379 layers, 62,051,411 parameters, 62,051,395 gradients

Transferred 1071/1077 items from pretrained weights
Freezing layer 'model.23.dfl.conv.weight'
[34m[1mtrain: [0mScanning /home/public/workspace/heongtong_yolo_linux/标签数据集/train/labels.cache... 136 images, 0 backgrounds, 0 corrupt: 100%|██████████| 136/136 [00:00<?, ?it/s][34m[1mtrain: [0mScanning /home/public/workspace/heongtong_yolo_linux/标签数据集/train/labels.cache... 136 images, 0 backgrounds, 0 corrupt: 100%|██████████| 136/136 [00:00<?, ?it/s]
[34m[1mval: [0mScanning /home/public/workspace/heongtong_yolo_linux/标签数据集/valid/labels.cache... 17 images, 0 backgrounds, 0 corrupt: 100%|██████████| 17/17 [00:00<?, ?it/s][34m[1mval: [0mScanning /home/public/workspace/heongtong_yolo_linux/标签数据集/valid/labels.cache... 17 images, 0 backgrounds, 0 corrupt: 100%|██████████| 17/17 [00:00<?, ?it/s]
Plotting labels to runs/segment/train/labels.jpg... 
[34m[1moptimizer:[0m 'optimizer=auto' found, ignoring 'lr0=0.01' and 'momentum=0.937' and determining best 'optimizer', 'lr0' and 'momentum' automatically... 
[34m[1moptimizer:[0m AdamW(lr=0.002, momentum=0.9) with parameter groups 176 weight(decay=0.0), 187 weight(decay=0.0005), 186 bias(decay=0.0)
Image sizes 640 train, 640 val
Using 0 dataloader workers
Logging results to [1mruns/segment/train[0m
Starting training for 100 epochs...

      Epoch    GPU_mem   box_loss   seg_loss   cls_loss   dfl_loss  Instances       Size
  0%|          | 0/68 [00:00<?, ?it/s][90m2025-05-28 05:19:42.403[0m [32mINF[0m [1mcommand T1.G1.A1.R1-01971554-45d1-73ef-b91b-b0a784ffeb46 completed[0m
[90m2025-05-28 05:19:42.403[0m [32mINF[0m [36mmodule=[0mpkg/nodelet/task/monitor/group_monitor.go:1212 [36mmsg=[0m"Handling runtime end status update"
[90m2025-05-28 05:19:42.405[0m [32mINF[0m [1mGet runtime finish event notify, the phase:Succeeded[0m
[90m2025-05-28 05:19:42.510[0m [32mINF[0m [1mruntime.Spec.Name:R1,runtime.Spec.Type:command[0m
[90m2025-05-28 05:19:42.510[0m [32mINF[0m [1mRuntime END: taskStatus:Running, groupStatus:Running, actionStatus:Running, runtimeStatus:Succeeded[0m
[90m2025-05-28 05:19:42.522[0m [32mINF[0m [36mmodule=[0mpkg/nodelet/task/monitor/group_monitor.go:666 [36mmsg=[0m****************************************1234554564**********************
[90m2025-05-28 05:19:42.522[0m [32mINF[0m [1mcommand runtime for runtime task:T1.G1.A1.R2-01971554-45d1-73ef-b91b-b0a784ffeb46[0m
[90m2025-05-28 05:19:42.522[0m [32mINF[0m [1mcommand.go: EnvVar:[{ } {PATH /home/public/anaconda3/envs/yolo/bin/python}][0m
[90m2025-05-28 05:19:42.522[0m [32mINF[0m [1mcommand.go: cmd:python[0m
[90m2025-05-28 05:19:42.522[0m [32mINF[0m [1mpath:PATH, value:/home/public/anaconda3/envs/yolo/bin/python[0m
[90m2025-05-28 05:19:42.522[0m [32mINF[0m [1mafter cmd:/home/public/anaconda3/envs/yolo/bin/python[0m
[90m2025-05-28 05:19:42.522[0m [32mINF[0m [1mruntime Name:	 T1.G1.A1.R2-01971554-45d1-73ef-b91b-b0a784ffeb46 is Running[0m
[90m2025-05-28 05:19:42.523[0m [32mINF[0m [1mprocess id:	 2221824 is Running[0m
[90m2025-05-28 05:19:42.523[0m [32mINF[0m [36mmodule=[0mpkg/nodelet/task/monitor/group_monitor.go:1022 [36mmsg=[0m"Handling runtime start status update"
[90m2025-05-28 05:19:42.524[0m [32mINF[0m [36mmodule=[0mpkg/client-go/clients/typed/core/event_expansion.go:25 [36mmsg=[0m---CreateForEventSink---
[90m2025-05-28 05:19:42.526[0m [32mINF[0m [1mGet runtime start event notify, the phase:Running[0m
[90m2025-05-28 05:19:42.555[0m [32mINF[0m [1mSTART ：taskStatus:Running,groupStatus:Running, action status: Running, runtime Status: Running[0m

image 1/2 /home/public/workspace/heongtong_yolo_linux/test_picture1.jpg: 480x640 3 infoTags, 4071.8ms
image 2/2 /home/public/workspace/heongtong_yolo_linux/test_picture2.jpg: 480x640 7 infoTags, 3948.2ms
Speed: 2.8ms preprocess, 4010.0ms inference, 7.9ms postprocess per image at shape (1, 3, 480, 640)
[90m2025-05-28 05:19:56.130[0m [32mINF[0m [1mcommand T1.G1.A1.R2-01971554-45d1-73ef-b91b-b0a784ffeb46 completed[0m
[90m2025-05-28 05:19:56.130[0m [32mINF[0m [36mmodule=[0mpkg/nodelet/task/monitor/group_monitor.go:1212 [36mmsg=[0m"Handling runtime end status update"
[90m2025-05-28 05:19:56.132[0m [32mINF[0m [1mGet runtime finish event notify, the phase:Succeeded[0m
[90m2025-05-28 05:19:56.145[0m [32mINF[0m [1m=======================runtimeHasSucceed:true[0m
[90m2025-05-28 05:19:56.153[0m [32mINF[0m [1m-----------------------------runtimeHasSucceed:true[0m
[90m2025-05-28 05:19:56.153[0m [32mINF[0m [36mmodule=[0mpkg/client-go/clients/typed/core/event_expansion.go:25 [36mmsg=[0m---CreateForEventSink---
[90m2025-05-28 05:19:56.164[0m [32mINF[0m [36mmodule=[0mpkg/client-go/clients/typed/core/event_expansion.go:25 [36mmsg=[0m---CreateForEventSink---
[90m2025-05-28 05:19:56.180[0m [32mINF[0m [1mruntime.Spec.Name:R2,runtime.Spec.Type:command[0m
[90m2025-05-28 05:19:56.180[0m [32mINF[0m [1mRuntime END: taskStatus:Running, groupStatus:Succeeded, actionStatus:Succeeded, runtimeStatus:Succeeded[0m
[90m2025-05-28 05:19:56.208[0m [32mINF[0m [36mmodule=[0mpkg/nodelet/task/monitor/group_monitor.go:778 [36mmsg=[0m"Move to completed queue"
[90m2025-05-28 05:19:58.132[0m [32mINF[0m [1mbrotherGroupName:T1.G5-01971554-45d1-73ef-b91b-b0a784ffeb46[0m
[90m2025-05-28 05:19:58.134[0m [32mINF[0m [1mbrotherGroupName:T1.G6-01971554-45d1-73ef-b91b-b0a784ffeb46[0m
[90m2025-05-28 05:19:58.136[0m [32mINF[0m [1mDelete group:G1[0m
[90m2025-05-28 05:19:58.136[0m [32mINF[0m [1mgroup_manager删除group：T1.G1-01971554-45d1-73ef-b91b-b0a784ffeb46[0m
[90m2025-05-28 05:34:56.560[0m [32mINF[0m [1mReceive-GroupName：T1.G1-01971562-8f42-7007-9026-f53c7431b74b,groupStatus:ReadyToDeploy[0m
[90m2025-05-28 05:34:56.560[0m [32mINF[0m [1mcheckResource方法：g.Status.Phase:ReadyToDeploy[0m
[90m2025-05-28 05:34:56.612[0m [32mINF[0m [1m==========================Task的Status.Phase:Unknown[0m
[90m2025-05-28 05:34:56.812[0m [32mINF[0m [1m****************************ashdkhaskldhklashdk****************************************[0m
[90m2025-05-28 05:34:56.813[0m [32mINF[0m [1mcommand runtime for runtime task:T1.G1.A1.R1-01971562-8f42-7007-9026-f53c7431b74b[0m
[90m2025-05-28 05:34:56.813[0m [32mINF[0m [1mcommand.go: EnvVar:[{ } {PATH /home/public/anaconda3/envs/yolo/bin/python}][0m
[90m2025-05-28 05:34:56.813[0m [32mINF[0m [1mcommand.go: cmd:python[0m
[90m2025-05-28 05:34:56.813[0m [32mINF[0m [1mpath:PATH, value:/home/public/anaconda3/envs/yolo/bin/python[0m
[90m2025-05-28 05:34:56.813[0m [32mINF[0m [1mafter cmd:/home/public/anaconda3/envs/yolo/bin/python[0m
[90m2025-05-28 05:34:56.813[0m [32mINF[0m [1mruntime Name:	 T1.G1.A1.R1-01971562-8f42-7007-9026-f53c7431b74b is Running[0m
[90m2025-05-28 05:34:56.817[0m [32mINF[0m [1mprocess id:	 2225370 is Running[0m
[90m2025-05-28 05:34:56.817[0m [32mINF[0m [36mmodule=[0mpkg/nodelet/task/monitor/group_monitor.go:1022 [36mmsg=[0m"Handling runtime start status update"
[90m2025-05-28 05:34:56.818[0m [32mINF[0m [36mmodule=[0mpkg/client-go/clients/typed/core/event_expansion.go:25 [36mmsg=[0m---CreateForEventSink---
[90m2025-05-28 05:34:56.821[0m [32mINF[0m [1mGet runtime start event notify, the phase:Running[0m
[90m2025-05-28 05:34:56.837[0m [32mINF[0m [36mmodule=[0mpkg/client-go/clients/typed/core/event_expansion.go:25 [36mmsg=[0m---CreateForEventSink---
[90m2025-05-28 05:34:56.844[0m [32mINF[0m [36mmodule=[0mpkg/client-go/clients/typed/core/event_expansion.go:25 [36mmsg=[0m---CreateForEventSink---
[90m2025-05-28 05:34:56.854[0m [32mINF[0m [36mmodule=[0mpkg/client-go/clients/typed/core/event_expansion.go:25 [36mmsg=[0m---CreateForEventSink---
[90m2025-05-28 05:34:56.860[0m [32mINF[0m [1mSTART ：taskStatus:Running,groupStatus:Running, action status: Running, runtime Status: Running[0m
New https://pypi.org/project/ultralytics/8.3.146 available 😃 Update with 'pip install -U ultralytics'
Ultralytics 8.3.105 🚀 Python-3.10.16 torch-2.5.1 CPU (Common KVM processor)
[34m[1mengine/trainer: [0mtask=segment, mode=train, model=/home/public/workspace/heongtong_yolo_linux/yolo11x-seg.pt, data=/home/public/workspace/heongtong_yolo_linux/segment_train.yaml, epochs=100, time=None, patience=100, batch=2, imgsz=640, save=True, save_period=-1, cache=False, device=cpu, workers=0, project=None, name=train, exist_ok=False, pretrained=True, optimizer=auto, verbose=True, seed=0, deterministic=True, single_cls=False, rect=False, cos_lr=False, close_mosaic=10, resume=False, amp=True, fraction=1.0, profile=False, freeze=None, multi_scale=False, overlap_mask=True, mask_ratio=4, dropout=0.0, val=True, split=val, save_json=False, conf=None, iou=0.7, max_det=300, half=False, dnn=False, plots=True, source=None, vid_stride=1, stream_buffer=False, visualize=False, augment=False, agnostic_nms=False, classes=None, retina_masks=False, embed=None, show=False, save_frames=False, save_txt=False, save_conf=False, save_crop=False, show_labels=True, show_conf=True, show_boxes=True, line_width=None, format=torchscript, keras=False, optimize=False, int8=False, dynamic=False, simplify=True, opset=None, workspace=None, nms=False, lr0=0.01, lrf=0.01, momentum=0.937, weight_decay=0.0005, warmup_epochs=3.0, warmup_momentum=0.8, warmup_bias_lr=0.1, box=7.5, cls=0.5, dfl=1.5, pose=12.0, kobj=1.0, nbs=64, hsv_h=0.015, hsv_s=0.7, hsv_v=0.4, degrees=0.0, translate=0.1, scale=0.5, shear=0.0, perspective=0.0, flipud=0.0, fliplr=0.5, bgr=0.0, mosaic=1.0, mixup=0.0, copy_paste=0.0, copy_paste_mode=flip, auto_augment=randaugment, erasing=0.4, crop_fraction=1.0, cfg=None, tracker=botsort.yaml, save_dir=runs/segment/train
Overriding model.yaml nc=80 with nc=1

                   from  n    params  module                                       arguments                     
  0                  -1  1      2784  ultralytics.nn.modules.conv.Conv             [3, 96, 3, 2]                 
  1                  -1  1    166272  ultralytics.nn.modules.conv.Conv             [96, 192, 3, 2]               
  2                  -1  2    389760  ultralytics.nn.modules.block.C3k2            [192, 384, 2, True, 0.25]     
  3                  -1  1   1327872  ultralytics.nn.modules.conv.Conv             [384, 384, 3, 2]              
  4                  -1  2   1553664  ultralytics.nn.modules.block.C3k2            [384, 768, 2, True, 0.25]     
  5                  -1  1   5309952  ultralytics.nn.modules.conv.Conv             [768, 768, 3, 2]              
  6                  -1  2   5022720  ultralytics.nn.modules.block.C3k2            [768, 768, 2, True]           
  7                  -1  1   5309952  ultralytics.nn.modules.conv.Conv             [768, 768, 3, 2]              
  8                  -1  2   5022720  ultralytics.nn.modules.block.C3k2            [768, 768, 2, True]           
  9                  -1  1   1476864  ultralytics.nn.modules.block.SPPF            [768, 768, 5]                 
 10                  -1  2   3264768  ultralytics.nn.modules.block.C2PSA           [768, 768, 2]                 
 11                  -1  1         0  torch.nn.modules.upsampling.Upsample         [None, 2, 'nearest']          
 12             [-1, 6]  1         0  ultralytics.nn.modules.conv.Concat           [1]                           
 13                  -1  2   5612544  ultralytics.nn.modules.block.C3k2            [1536, 768, 2, True]          
 14                  -1  1         0  torch.nn.modules.upsampling.Upsample         [None, 2, 'nearest']          
 15             [-1, 4]  1         0  ultralytics.nn.modules.conv.Concat           [1]                           
 16                  -1  2   1700352  ultralytics.nn.modules.block.C3k2            [1536, 384, 2, True]          
 17                  -1  1   1327872  ultralytics.nn.modules.conv.Conv             [384, 384, 3, 2]              
 18            [-1, 13]  1         0  ultralytics.nn.modules.conv.Concat           [1]                           
 19                  -1  2   5317632  ultralytics.nn.modules.block.C3k2            [1152, 768, 2, True]          
 20                  -1  1   5309952  ultralytics.nn.modules.conv.Conv             [768, 768, 3, 2]              
 21            [-1, 10]  1         0  ultralytics.nn.modules.conv.Concat           [1]                           
 22                  -1  2   5612544  ultralytics.nn.modules.block.C3k2            [1536, 768, 2, True]          
 23        [16, 19, 22]  1   8323187  ultralytics.nn.modules.head.Segment          [1, 32, 384, [384, 768, 768]] 
[W528 05:35:03.180233589 NNPACK.cpp:61] Could not initialize NNPACK! Reason: Unsupported hardware.
YOLO11x-seg summary: 379 layers, 62,051,411 parameters, 62,051,395 gradients

Transferred 1071/1077 items from pretrained weights
Freezing layer 'model.23.dfl.conv.weight'
[34m[1mtrain: [0mScanning /home/public/workspace/heongtong_yolo_linux/标签数据集/train/labels.cache... 136 images, 0 backgrounds, 0 corrupt: 100%|██████████| 136/136 [00:00<?, ?it/s][34m[1mtrain: [0mScanning /home/public/workspace/heongtong_yolo_linux/标签数据集/train/labels.cache... 136 images, 0 backgrounds, 0 corrupt: 100%|██████████| 136/136 [00:00<?, ?it/s]
[34m[1mval: [0mScanning /home/public/workspace/heongtong_yolo_linux/标签数据集/valid/labels.cache... 17 images, 0 backgrounds, 0 corrupt: 100%|██████████| 17/17 [00:00<?, ?it/s][34m[1mval: [0mScanning /home/public/workspace/heongtong_yolo_linux/标签数据集/valid/labels.cache... 17 images, 0 backgrounds, 0 corrupt: 100%|██████████| 17/17 [00:00<?, ?it/s]
Plotting labels to runs/segment/train/labels.jpg... 
[34m[1moptimizer:[0m 'optimizer=auto' found, ignoring 'lr0=0.01' and 'momentum=0.937' and determining best 'optimizer', 'lr0' and 'momentum' automatically... 
[34m[1moptimizer:[0m AdamW(lr=0.002, momentum=0.9) with parameter groups 176 weight(decay=0.0), 187 weight(decay=0.0005), 186 bias(decay=0.0)
Image sizes 640 train, 640 val
Using 0 dataloader workers
Logging results to [1mruns/segment/train[0m
Starting training for 100 epochs...

      Epoch    GPU_mem   box_loss   seg_loss   cls_loss   dfl_loss  Instances       Size
  0%|          | 0/68 [00:00<?, ?it/s][90m2025-05-28 05:35:20.771[0m [32mINF[0m [1mcommand T1.G1.A1.R1-01971562-8f42-7007-9026-f53c7431b74b completed[0m
[90m2025-05-28 05:35:20.771[0m [32mINF[0m [36mmodule=[0mpkg/nodelet/task/monitor/group_monitor.go:1212 [36mmsg=[0m"Handling runtime end status update"
[90m2025-05-28 05:35:20.773[0m [32mINF[0m [1mGet runtime finish event notify, the phase:Succeeded[0m
[90m2025-05-28 05:35:20.802[0m [32mINF[0m [1mruntime.Spec.Name:R1,runtime.Spec.Type:command[0m
[90m2025-05-28 05:35:20.802[0m [32mINF[0m [1mRuntime END: taskStatus:Running, groupStatus:Running, actionStatus:Running, runtimeStatus:Succeeded[0m
[90m2025-05-28 05:35:20.863[0m [32mINF[0m [36mmodule=[0mpkg/nodelet/task/monitor/group_monitor.go:666 [36mmsg=[0m****************************************1234554564**********************
[90m2025-05-28 05:35:20.863[0m [32mINF[0m [1mcommand runtime for runtime task:T1.G1.A1.R2-01971562-8f42-7007-9026-f53c7431b74b[0m
[90m2025-05-28 05:35:20.863[0m [32mINF[0m [1mcommand.go: EnvVar:[{ } {PATH /home/public/anaconda3/envs/yolo/bin/python}][0m
[90m2025-05-28 05:35:20.863[0m [32mINF[0m [1mcommand.go: cmd:python[0m
[90m2025-05-28 05:35:20.863[0m [32mINF[0m [1mpath:PATH, value:/home/public/anaconda3/envs/yolo/bin/python[0m
[90m2025-05-28 05:35:20.863[0m [32mINF[0m [1mafter cmd:/home/public/anaconda3/envs/yolo/bin/python[0m
[90m2025-05-28 05:35:20.863[0m [32mINF[0m [1mruntime Name:	 T1.G1.A1.R2-01971562-8f42-7007-9026-f53c7431b74b is Running[0m
[90m2025-05-28 05:35:20.864[0m [32mINF[0m [1mprocess id:	 2225663 is Running[0m
[90m2025-05-28 05:35:20.864[0m [32mINF[0m [36mmodule=[0mpkg/nodelet/task/monitor/group_monitor.go:1022 [36mmsg=[0m"Handling runtime start status update"
[90m2025-05-28 05:35:20.865[0m [32mINF[0m [36mmodule=[0mpkg/client-go/clients/typed/core/event_expansion.go:25 [36mmsg=[0m---CreateForEventSink---
[90m2025-05-28 05:35:20.866[0m [32mINF[0m [1mGet runtime start event notify, the phase:Running[0m
[90m2025-05-28 05:35:20.890[0m [32mINF[0m [1mSTART ：taskStatus:Running,groupStatus:Running, action status: Running, runtime Status: Running[0m

image 1/2 /home/public/workspace/heongtong_yolo_linux/test_picture1.jpg: 480x640 3 infoTags, 3319.3ms
image 2/2 /home/public/workspace/heongtong_yolo_linux/test_picture2.jpg: 480x640 7 infoTags, 3353.7ms
Speed: 2.4ms preprocess, 3336.5ms inference, 4.3ms postprocess per image at shape (1, 3, 480, 640)
[90m2025-05-28 05:35:32.927[0m [32mINF[0m [1mcommand T1.G1.A1.R2-01971562-8f42-7007-9026-f53c7431b74b completed[0m
[90m2025-05-28 05:35:32.927[0m [32mINF[0m [36mmodule=[0mpkg/nodelet/task/monitor/group_monitor.go:1212 [36mmsg=[0m"Handling runtime end status update"
[90m2025-05-28 05:35:32.929[0m [32mINF[0m [1mGet runtime finish event notify, the phase:Succeeded[0m
[90m2025-05-28 05:35:32.941[0m [32mINF[0m [1m=======================runtimeHasSucceed:true[0m
[90m2025-05-28 05:35:32.949[0m [32mINF[0m [1m-----------------------------runtimeHasSucceed:true[0m
[90m2025-05-28 05:35:32.950[0m [32mINF[0m [36mmodule=[0mpkg/client-go/clients/typed/core/event_expansion.go:25 [36mmsg=[0m---CreateForEventSink---
[90m2025-05-28 05:35:32.958[0m [32mINF[0m [36mmodule=[0mpkg/client-go/clients/typed/core/event_expansion.go:25 [36mmsg=[0m---CreateForEventSink---
[90m2025-05-28 05:35:32.974[0m [32mINF[0m [1mruntime.Spec.Name:R2,runtime.Spec.Type:command[0m
[90m2025-05-28 05:35:32.974[0m [32mINF[0m [1mRuntime END: taskStatus:Running, groupStatus:Succeeded, actionStatus:Succeeded, runtimeStatus:Succeeded[0m
[90m2025-05-28 05:35:33.080[0m [32mINF[0m [36mmodule=[0mpkg/nodelet/task/monitor/group_monitor.go:778 [36mmsg=[0m"Move to completed queue"
[90m2025-05-28 05:35:34.365[0m [32mINF[0m [1mbrotherGroupName:T1.G6-01971562-8f42-7007-9026-f53c7431b74b[0m
[90m2025-05-28 05:35:34.367[0m [32mINF[0m [1mDelete group:G1[0m
[90m2025-05-28 05:35:34.367[0m [32mINF[0m [1mgroup_manager删除group：T1.G1-01971562-8f42-7007-9026-f53c7431b74b[0m
[90m2025-05-28 05:35:39.139[0m [32mINF[0m [1mReceive-GroupName：T1.G1-01971563-3240-728e-9bb2-a2189a0391fc,groupStatus:ReadyToDeploy[0m
[90m2025-05-28 05:35:39.139[0m [32mINF[0m [1mcheckResource方法：g.Status.Phase:ReadyToDeploy[0m
[90m2025-05-28 05:35:39.188[0m [32mINF[0m [1m==========================Task的Status.Phase:Unknown[0m
[90m2025-05-28 05:35:39.330[0m [32mINF[0m [1m****************************ashdkhaskldhklashdk****************************************[0m
[90m2025-05-28 05:35:39.330[0m [32mINF[0m [1mcommand runtime for runtime task:T1.G1.A1.R1-01971563-3240-728e-9bb2-a2189a0391fc[0m
[90m2025-05-28 05:35:39.330[0m [32mINF[0m [1mcommand.go: EnvVar:[{ } {PATH /home/public/anaconda3/envs/yolo/bin/python}][0m
[90m2025-05-28 05:35:39.330[0m [32mINF[0m [1mcommand.go: cmd:python[0m
[90m2025-05-28 05:35:39.330[0m [32mINF[0m [1mpath:PATH, value:/home/public/anaconda3/envs/yolo/bin/python[0m
[90m2025-05-28 05:35:39.330[0m [32mINF[0m [1mafter cmd:/home/public/anaconda3/envs/yolo/bin/python[0m
[90m2025-05-28 05:35:39.330[0m [32mINF[0m [1mruntime Name:	 T1.G1.A1.R1-01971563-3240-728e-9bb2-a2189a0391fc is Running[0m
[90m2025-05-28 05:35:39.331[0m [32mINF[0m [1mprocess id:	 2225762 is Running[0m
[90m2025-05-28 05:35:39.331[0m [32mINF[0m [36mmodule=[0mpkg/nodelet/task/monitor/group_monitor.go:1022 [36mmsg=[0m"Handling runtime start status update"
[90m2025-05-28 05:35:39.331[0m [32mINF[0m [36mmodule=[0mpkg/client-go/clients/typed/core/event_expansion.go:25 [36mmsg=[0m---CreateForEventSink---
[90m2025-05-28 05:35:39.332[0m [32mINF[0m [1mGet runtime start event notify, the phase:Running[0m
[90m2025-05-28 05:35:39.346[0m [32mINF[0m [36mmodule=[0mpkg/client-go/clients/typed/core/event_expansion.go:25 [36mmsg=[0m---CreateForEventSink---
[90m2025-05-28 05:35:39.356[0m [32mINF[0m [36mmodule=[0mpkg/client-go/clients/typed/core/event_expansion.go:25 [36mmsg=[0m---CreateForEventSink---
[90m2025-05-28 05:35:39.367[0m [32mINF[0m [36mmodule=[0mpkg/client-go/clients/typed/core/event_expansion.go:25 [36mmsg=[0m---CreateForEventSink---
[90m2025-05-28 05:35:39.375[0m [32mINF[0m [1mSTART ：taskStatus:Running,groupStatus:Running, action status: Running, runtime Status: Running[0m
New https://pypi.org/project/ultralytics/8.3.146 available 😃 Update with 'pip install -U ultralytics'
Ultralytics 8.3.105 🚀 Python-3.10.16 torch-2.5.1 CPU (Common KVM processor)
[34m[1mengine/trainer: [0mtask=segment, mode=train, model=/home/public/workspace/heongtong_yolo_linux/yolo11x-seg.pt, data=/home/public/workspace/heongtong_yolo_linux/segment_train.yaml, epochs=100, time=None, patience=100, batch=2, imgsz=640, save=True, save_period=-1, cache=False, device=cpu, workers=0, project=None, name=train, exist_ok=False, pretrained=True, optimizer=auto, verbose=True, seed=0, deterministic=True, single_cls=False, rect=False, cos_lr=False, close_mosaic=10, resume=False, amp=True, fraction=1.0, profile=False, freeze=None, multi_scale=False, overlap_mask=True, mask_ratio=4, dropout=0.0, val=True, split=val, save_json=False, conf=None, iou=0.7, max_det=300, half=False, dnn=False, plots=True, source=None, vid_stride=1, stream_buffer=False, visualize=False, augment=False, agnostic_nms=False, classes=None, retina_masks=False, embed=None, show=False, save_frames=False, save_txt=False, save_conf=False, save_crop=False, show_labels=True, show_conf=True, show_boxes=True, line_width=None, format=torchscript, keras=False, optimize=False, int8=False, dynamic=False, simplify=True, opset=None, workspace=None, nms=False, lr0=0.01, lrf=0.01, momentum=0.937, weight_decay=0.0005, warmup_epochs=3.0, warmup_momentum=0.8, warmup_bias_lr=0.1, box=7.5, cls=0.5, dfl=1.5, pose=12.0, kobj=1.0, nbs=64, hsv_h=0.015, hsv_s=0.7, hsv_v=0.4, degrees=0.0, translate=0.1, scale=0.5, shear=0.0, perspective=0.0, flipud=0.0, fliplr=0.5, bgr=0.0, mosaic=1.0, mixup=0.0, copy_paste=0.0, copy_paste_mode=flip, auto_augment=randaugment, erasing=0.4, crop_fraction=1.0, cfg=None, tracker=botsort.yaml, save_dir=runs/segment/train
Overriding model.yaml nc=80 with nc=1

                   from  n    params  module                                       arguments                     
  0                  -1  1      2784  ultralytics.nn.modules.conv.Conv             [3, 96, 3, 2]                 
  1                  -1  1    166272  ultralytics.nn.modules.conv.Conv             [96, 192, 3, 2]               
  2                  -1  2    389760  ultralytics.nn.modules.block.C3k2            [192, 384, 2, True, 0.25]     
  3                  -1  1   1327872  ultralytics.nn.modules.conv.Conv             [384, 384, 3, 2]              
  4                  -1  2   1553664  ultralytics.nn.modules.block.C3k2            [384, 768, 2, True, 0.25]     
  5                  -1  1   5309952  ultralytics.nn.modules.conv.Conv             [768, 768, 3, 2]              
  6                  -1  2   5022720  ultralytics.nn.modules.block.C3k2            [768, 768, 2, True]           
  7                  -1  1   5309952  ultralytics.nn.modules.conv.Conv             [768, 768, 3, 2]              
  8                  -1  2   5022720  ultralytics.nn.modules.block.C3k2            [768, 768, 2, True]           
  9                  -1  1   1476864  ultralytics.nn.modules.block.SPPF            [768, 768, 5]                 
 10                  -1  2   3264768  ultralytics.nn.modules.block.C2PSA           [768, 768, 2]                 
 11                  -1  1         0  torch.nn.modules.upsampling.Upsample         [None, 2, 'nearest']          
 12             [-1, 6]  1         0  ultralytics.nn.modules.conv.Concat           [1]                           
 13                  -1  2   5612544  ultralytics.nn.modules.block.C3k2            [1536, 768, 2, True]          
 14                  -1  1         0  torch.nn.modules.upsampling.Upsample         [None, 2, 'nearest']          
 15             [-1, 4]  1         0  ultralytics.nn.modules.conv.Concat           [1]                           
 16                  -1  2   1700352  ultralytics.nn.modules.block.C3k2            [1536, 384, 2, True]          
 17                  -1  1   1327872  ultralytics.nn.modules.conv.Conv             [384, 384, 3, 2]              
 18            [-1, 13]  1         0  ultralytics.nn.modules.conv.Concat           [1]                           
 19                  -1  2   5317632  ultralytics.nn.modules.block.C3k2            [1152, 768, 2, True]          
 20                  -1  1   5309952  ultralytics.nn.modules.conv.Conv             [768, 768, 3, 2]              
 21            [-1, 10]  1         0  ultralytics.nn.modules.conv.Concat           [1]                           
 22                  -1  2   5612544  ultralytics.nn.modules.block.C3k2            [1536, 768, 2, True]          
 23        [16, 19, 22]  1   8323187  ultralytics.nn.modules.head.Segment          [1, 32, 384, [384, 768, 768]] 
[W528 05:35:44.555255408 NNPACK.cpp:61] Could not initialize NNPACK! Reason: Unsupported hardware.
YOLO11x-seg summary: 379 layers, 62,051,411 parameters, 62,051,395 gradients

Transferred 1071/1077 items from pretrained weights
Freezing layer 'model.23.dfl.conv.weight'
[34m[1mtrain: [0mScanning /home/public/workspace/heongtong_yolo_linux/标签数据集/train/labels.cache... 136 images, 0 backgrounds, 0 corrupt: 100%|██████████| 136/136 [00:00<?, ?it/s][34m[1mtrain: [0mScanning /home/public/workspace/heongtong_yolo_linux/标签数据集/train/labels.cache... 136 images, 0 backgrounds, 0 corrupt: 100%|██████████| 136/136 [00:00<?, ?it/s]
[34m[1mval: [0mScanning /home/public/workspace/heongtong_yolo_linux/标签数据集/valid/labels.cache... 17 images, 0 backgrounds, 0 corrupt: 100%|██████████| 17/17 [00:00<?, ?it/s][34m[1mval: [0mScanning /home/public/workspace/heongtong_yolo_linux/标签数据集/valid/labels.cache... 17 images, 0 backgrounds, 0 corrupt: 100%|██████████| 17/17 [00:00<?, ?it/s]
Plotting labels to runs/segment/train/labels.jpg... 
[34m[1moptimizer:[0m 'optimizer=auto' found, ignoring 'lr0=0.01' and 'momentum=0.937' and determining best 'optimizer', 'lr0' and 'momentum' automatically... 
[34m[1moptimizer:[0m AdamW(lr=0.002, momentum=0.9) with parameter groups 176 weight(decay=0.0), 187 weight(decay=0.0005), 186 bias(decay=0.0)
Image sizes 640 train, 640 val
Using 0 dataloader workers
Logging results to [1mruns/segment/train[0m
Starting training for 100 epochs...

      Epoch    GPU_mem   box_loss   seg_loss   cls_loss   dfl_loss  Instances       Size
  0%|          | 0/68 [00:00<?, ?it/s][90m2025-05-28 05:36:02.135[0m [32mINF[0m [1mcommand T1.G1.A1.R1-01971563-3240-728e-9bb2-a2189a0391fc completed[0m
[90m2025-05-28 05:36:02.135[0m [32mINF[0m [36mmodule=[0mpkg/nodelet/task/monitor/group_monitor.go:1212 [36mmsg=[0m"Handling runtime end status update"
[90m2025-05-28 05:36:02.137[0m [32mINF[0m [1mGet runtime finish event notify, the phase:Succeeded[0m
[90m2025-05-28 05:36:02.172[0m [32mINF[0m [1mruntime.Spec.Name:R1,runtime.Spec.Type:command[0m
[90m2025-05-28 05:36:02.172[0m [32mINF[0m [1mRuntime END: taskStatus:Running, groupStatus:Running, actionStatus:Running, runtimeStatus:Succeeded[0m
[90m2025-05-28 05:36:02.221[0m [32mINF[0m [36mmodule=[0mpkg/nodelet/task/monitor/group_monitor.go:666 [36mmsg=[0m****************************************1234554564**********************
[90m2025-05-28 05:36:02.221[0m [32mINF[0m [1mcommand runtime for runtime task:T1.G1.A1.R2-01971563-3240-728e-9bb2-a2189a0391fc[0m
[90m2025-05-28 05:36:02.221[0m [32mINF[0m [1mcommand.go: EnvVar:[{ } {PATH /home/public/anaconda3/envs/yolo/bin/python}][0m
[90m2025-05-28 05:36:02.221[0m [32mINF[0m [1mcommand.go: cmd:python[0m
[90m2025-05-28 05:36:02.221[0m [32mINF[0m [1mpath:PATH, value:/home/public/anaconda3/envs/yolo/bin/python[0m
[90m2025-05-28 05:36:02.221[0m [32mINF[0m [1mafter cmd:/home/public/anaconda3/envs/yolo/bin/python[0m
[90m2025-05-28 05:36:02.221[0m [32mINF[0m [1mruntime Name:	 T1.G1.A1.R2-01971563-3240-728e-9bb2-a2189a0391fc is Running[0m
[90m2025-05-28 05:36:02.222[0m [32mINF[0m [1mprocess id:	 2225942 is Running[0m
[90m2025-05-28 05:36:02.223[0m [32mINF[0m [36mmodule=[0mpkg/client-go/clients/typed/core/event_expansion.go:25 [36mmsg=[0m---CreateForEventSink---
[90m2025-05-28 05:36:02.223[0m [32mINF[0m [36mmodule=[0mpkg/nodelet/task/monitor/group_monitor.go:1022 [36mmsg=[0m"Handling runtime start status update"
[90m2025-05-28 05:36:02.225[0m [32mINF[0m [1mGet runtime start event notify, the phase:Running[0m
[90m2025-05-28 05:36:02.257[0m [32mINF[0m [1mSTART ：taskStatus:Running,groupStatus:Running, action status: Running, runtime Status: Running[0m

image 1/2 /home/public/workspace/heongtong_yolo_linux/test_picture1.jpg: 480x640 3 infoTags, 3533.7ms
image 2/2 /home/public/workspace/heongtong_yolo_linux/test_picture2.jpg: 480x640 7 infoTags, 3667.5ms
Speed: 2.9ms preprocess, 3600.6ms inference, 6.7ms postprocess per image at shape (1, 3, 480, 640)
[90m2025-05-28 05:36:14.989[0m [32mINF[0m [1mcommand T1.G1.A1.R2-01971563-3240-728e-9bb2-a2189a0391fc completed[0m
[90m2025-05-28 05:36:14.990[0m [32mINF[0m [36mmodule=[0mpkg/nodelet/task/monitor/group_monitor.go:1212 [36mmsg=[0m"Handling runtime end status update"
[90m2025-05-28 05:36:14.992[0m [32mINF[0m [1mGet runtime finish event notify, the phase:Succeeded[0m
[90m2025-05-28 05:36:15.005[0m [32mINF[0m [1m=======================runtimeHasSucceed:true[0m
[90m2025-05-28 05:36:15.014[0m [32mINF[0m [1m-----------------------------runtimeHasSucceed:true[0m
[90m2025-05-28 05:36:15.014[0m [32mINF[0m [36mmodule=[0mpkg/client-go/clients/typed/core/event_expansion.go:25 [36mmsg=[0m---CreateForEventSink---
[90m2025-05-28 05:36:15.023[0m [32mINF[0m [36mmodule=[0mpkg/client-go/clients/typed/core/event_expansion.go:25 [36mmsg=[0m---CreateForEventSink---
[90m2025-05-28 05:36:15.044[0m [32mINF[0m [1mruntime.Spec.Name:R2,runtime.Spec.Type:command[0m
[90m2025-05-28 05:36:15.044[0m [32mINF[0m [1mRuntime END: taskStatus:Running, groupStatus:Succeeded, actionStatus:Succeeded, runtimeStatus:Succeeded[0m
[90m2025-05-28 05:36:15.068[0m [32mINF[0m [36mmodule=[0mpkg/nodelet/task/monitor/group_monitor.go:778 [36mmsg=[0m"Move to completed queue"
[90m2025-05-28 05:36:16.161[0m [32mINF[0m [1mbrotherGroupName:T1.G2-01971563-3240-728e-9bb2-a2189a0391fc[0m
[90m2025-05-28 05:36:16.163[0m [32mINF[0m [1mDelete group:G1[0m
[90m2025-05-28 05:36:16.163[0m [32mINF[0m [1mgroup_manager删除group：T1.G1-01971563-3240-728e-9bb2-a2189a0391fc[0m
[90m2025-05-28 05:36:34.521[0m [32mINF[0m [1mReceive-GroupName：T1.G1-01971564-0c24-7ae6-bff1-715a81087b2e,groupStatus:ReadyToDeploy[0m
[90m2025-05-28 05:36:34.521[0m [32mINF[0m [1mcheckResource方法：g.Status.Phase:ReadyToDeploy[0m
[90m2025-05-28 05:36:34.572[0m [32mINF[0m [1m==========================Task的Status.Phase:Unknown[0m
[90m2025-05-28 05:36:34.895[0m [32mINF[0m [1m****************************ashdkhaskldhklashdk****************************************[0m
[90m2025-05-28 05:36:34.895[0m [32mINF[0m [1mcommand runtime for runtime task:T1.G1.A1.R1-01971564-0c24-7ae6-bff1-715a81087b2e[0m
[90m2025-05-28 05:36:34.895[0m [32mINF[0m [1mcommand.go: EnvVar:[{ } {PATH /home/public/anaconda3/envs/yolo/bin/python}][0m
[90m2025-05-28 05:36:34.895[0m [32mINF[0m [1mcommand.go: cmd:python[0m
[90m2025-05-28 05:36:34.895[0m [32mINF[0m [1mpath:PATH, value:/home/public/anaconda3/envs/yolo/bin/python[0m
[90m2025-05-28 05:36:34.895[0m [32mINF[0m [1mafter cmd:/home/public/anaconda3/envs/yolo/bin/python[0m
[90m2025-05-28 05:36:34.895[0m [32mINF[0m [1mruntime Name:	 T1.G1.A1.R1-01971564-0c24-7ae6-bff1-715a81087b2e is Running[0m
[90m2025-05-28 05:36:34.896[0m [32mINF[0m [36mmodule=[0mpkg/nodelet/task/monitor/group_monitor.go:1022 [36mmsg=[0m"Handling runtime start status update"
[90m2025-05-28 05:36:34.897[0m [32mINF[0m [1mprocess id:	 2226260 is Running[0m
[90m2025-05-28 05:36:34.897[0m [32mINF[0m [36mmodule=[0mpkg/client-go/clients/typed/core/event_expansion.go:25 [36mmsg=[0m---CreateForEventSink---
[90m2025-05-28 05:36:34.899[0m [32mINF[0m [1mGet runtime start event notify, the phase:Running[0m
[90m2025-05-28 05:36:34.916[0m [32mINF[0m [36mmodule=[0mpkg/client-go/clients/typed/core/event_expansion.go:25 [36mmsg=[0m---CreateForEventSink---
[90m2025-05-28 05:36:34.923[0m [32mINF[0m [36mmodule=[0mpkg/client-go/clients/typed/core/event_expansion.go:25 [36mmsg=[0m---CreateForEventSink---
[90m2025-05-28 05:36:34.933[0m [32mINF[0m [36mmodule=[0mpkg/client-go/clients/typed/core/event_expansion.go:25 [36mmsg=[0m---CreateForEventSink---
[90m2025-05-28 05:36:34.941[0m [32mINF[0m [1mSTART ：taskStatus:Running,groupStatus:Running, action status: Running, runtime Status: Running[0m
New https://pypi.org/project/ultralytics/8.3.146 available 😃 Update with 'pip install -U ultralytics'
Ultralytics 8.3.105 🚀 Python-3.10.16 torch-2.5.1 CPU (Common KVM processor)
[34m[1mengine/trainer: [0mtask=segment, mode=train, model=/home/public/workspace/heongtong_yolo_linux/yolo11x-seg.pt, data=/home/public/workspace/heongtong_yolo_linux/segment_train.yaml, epochs=100, time=None, patience=100, batch=2, imgsz=640, save=True, save_period=-1, cache=False, device=cpu, workers=0, project=None, name=train, exist_ok=False, pretrained=True, optimizer=auto, verbose=True, seed=0, deterministic=True, single_cls=False, rect=False, cos_lr=False, close_mosaic=10, resume=False, amp=True, fraction=1.0, profile=False, freeze=None, multi_scale=False, overlap_mask=True, mask_ratio=4, dropout=0.0, val=True, split=val, save_json=False, conf=None, iou=0.7, max_det=300, half=False, dnn=False, plots=True, source=None, vid_stride=1, stream_buffer=False, visualize=False, augment=False, agnostic_nms=False, classes=None, retina_masks=False, embed=None, show=False, save_frames=False, save_txt=False, save_conf=False, save_crop=False, show_labels=True, show_conf=True, show_boxes=True, line_width=None, format=torchscript, keras=False, optimize=False, int8=False, dynamic=False, simplify=True, opset=None, workspace=None, nms=False, lr0=0.01, lrf=0.01, momentum=0.937, weight_decay=0.0005, warmup_epochs=3.0, warmup_momentum=0.8, warmup_bias_lr=0.1, box=7.5, cls=0.5, dfl=1.5, pose=12.0, kobj=1.0, nbs=64, hsv_h=0.015, hsv_s=0.7, hsv_v=0.4, degrees=0.0, translate=0.1, scale=0.5, shear=0.0, perspective=0.0, flipud=0.0, fliplr=0.5, bgr=0.0, mosaic=1.0, mixup=0.0, copy_paste=0.0, copy_paste_mode=flip, auto_augment=randaugment, erasing=0.4, crop_fraction=1.0, cfg=None, tracker=botsort.yaml, save_dir=runs/segment/train
Overriding model.yaml nc=80 with nc=1

                   from  n    params  module                                       arguments                     
  0                  -1  1      2784  ultralytics.nn.modules.conv.Conv             [3, 96, 3, 2]                 
  1                  -1  1    166272  ultralytics.nn.modules.conv.Conv             [96, 192, 3, 2]               
  2                  -1  2    389760  ultralytics.nn.modules.block.C3k2            [192, 384, 2, True, 0.25]     
  3                  -1  1   1327872  ultralytics.nn.modules.conv.Conv             [384, 384, 3, 2]              
  4                  -1  2   1553664  ultralytics.nn.modules.block.C3k2            [384, 768, 2, True, 0.25]     
  5                  -1  1   5309952  ultralytics.nn.modules.conv.Conv             [768, 768, 3, 2]              
  6                  -1  2   5022720  ultralytics.nn.modules.block.C3k2            [768, 768, 2, True]           
  7                  -1  1   5309952  ultralytics.nn.modules.conv.Conv             [768, 768, 3, 2]              
  8                  -1  2   5022720  ultralytics.nn.modules.block.C3k2            [768, 768, 2, True]           
  9                  -1  1   1476864  ultralytics.nn.modules.block.SPPF            [768, 768, 5]                 
 10                  -1  2   3264768  ultralytics.nn.modules.block.C2PSA           [768, 768, 2]                 
 11                  -1  1         0  torch.nn.modules.upsampling.Upsample         [None, 2, 'nearest']          
 12             [-1, 6]  1         0  ultralytics.nn.modules.conv.Concat           [1]                           
 13                  -1  2   5612544  ultralytics.nn.modules.block.C3k2            [1536, 768, 2, True]          
 14                  -1  1         0  torch.nn.modules.upsampling.Upsample         [None, 2, 'nearest']          
 15             [-1, 4]  1         0  ultralytics.nn.modules.conv.Concat           [1]                           
 16                  -1  2   1700352  ultralytics.nn.modules.block.C3k2            [1536, 384, 2, True]          
 17                  -1  1   1327872  ultralytics.nn.modules.conv.Conv             [384, 384, 3, 2]              
 18            [-1, 13]  1         0  ultralytics.nn.modules.conv.Concat           [1]                           
 19                  -1  2   5317632  ultralytics.nn.modules.block.C3k2            [1152, 768, 2, True]          
 20                  -1  1   5309952  ultralytics.nn.modules.conv.Conv             [768, 768, 3, 2]              
 21            [-1, 10]  1         0  ultralytics.nn.modules.conv.Concat           [1]                           
 22                  -1  2   5612544  ultralytics.nn.modules.block.C3k2            [1536, 768, 2, True]          
 23        [16, 19, 22]  1   8323187  ultralytics.nn.modules.head.Segment          [1, 32, 384, [384, 768, 768]] 
[W528 05:36:39.067495300 NNPACK.cpp:61] Could not initialize NNPACK! Reason: Unsupported hardware.
YOLO11x-seg summary: 379 layers, 62,051,411 parameters, 62,051,395 gradients

Transferred 1071/1077 items from pretrained weights
Freezing layer 'model.23.dfl.conv.weight'
[34m[1mtrain: [0mScanning /home/public/workspace/heongtong_yolo_linux/标签数据集/train/labels.cache... 136 images, 0 backgrounds, 0 corrupt: 100%|██████████| 136/136 [00:00<?, ?it/s][34m[1mtrain: [0mScanning /home/public/workspace/heongtong_yolo_linux/标签数据集/train/labels.cache... 136 images, 0 backgrounds, 0 corrupt: 100%|██████████| 136/136 [00:00<?, ?it/s]
[34m[1mval: [0mScanning /home/public/workspace/heongtong_yolo_linux/标签数据集/valid/labels.cache... 17 images, 0 backgrounds, 0 corrupt: 100%|██████████| 17/17 [00:00<?, ?it/s][34m[1mval: [0mScanning /home/public/workspace/heongtong_yolo_linux/标签数据集/valid/labels.cache... 17 images, 0 backgrounds, 0 corrupt: 100%|██████████| 17/17 [00:00<?, ?it/s]
Plotting labels to runs/segment/train/labels.jpg... 
[34m[1moptimizer:[0m 'optimizer=auto' found, ignoring 'lr0=0.01' and 'momentum=0.937' and determining best 'optimizer', 'lr0' and 'momentum' automatically... 
[34m[1moptimizer:[0m AdamW(lr=0.002, momentum=0.9) with parameter groups 176 weight(decay=0.0), 187 weight(decay=0.0005), 186 bias(decay=0.0)
Image sizes 640 train, 640 val
Using 0 dataloader workers
Logging results to [1mruns/segment/train[0m
Starting training for 100 epochs...

      Epoch    GPU_mem   box_loss   seg_loss   cls_loss   dfl_loss  Instances       Size
  0%|          | 0/68 [00:00<?, ?it/s][90m2025-05-28 05:36:57.623[0m [32mINF[0m [1mcommand T1.G1.A1.R1-01971564-0c24-7ae6-bff1-715a81087b2e completed[0m
[90m2025-05-28 05:36:57.623[0m [32mINF[0m [36mmodule=[0mpkg/nodelet/task/monitor/group_monitor.go:1212 [36mmsg=[0m"Handling runtime end status update"
[90m2025-05-28 05:36:57.625[0m [32mINF[0m [1mGet runtime finish event notify, the phase:Succeeded[0m
[90m2025-05-28 05:36:57.657[0m [32mINF[0m [1mruntime.Spec.Name:R1,runtime.Spec.Type:command[0m
[90m2025-05-28 05:36:57.657[0m [32mINF[0m [1mRuntime END: taskStatus:Running, groupStatus:Running, actionStatus:Running, runtimeStatus:Succeeded[0m
[90m2025-05-28 05:36:57.692[0m [32mINF[0m [36mmodule=[0mpkg/nodelet/task/monitor/group_monitor.go:666 [36mmsg=[0m****************************************1234554564**********************
[90m2025-05-28 05:36:57.692[0m [32mINF[0m [1mcommand runtime for runtime task:T1.G1.A1.R2-01971564-0c24-7ae6-bff1-715a81087b2e[0m
[90m2025-05-28 05:36:57.693[0m [32mINF[0m [1mcommand.go: EnvVar:[{ } {PATH /home/public/anaconda3/envs/yolo/bin/python}][0m
[90m2025-05-28 05:36:57.693[0m [32mINF[0m [1mcommand.go: cmd:python[0m
[90m2025-05-28 05:36:57.693[0m [32mINF[0m [1mpath:PATH, value:/home/public/anaconda3/envs/yolo/bin/python[0m
[90m2025-05-28 05:36:57.693[0m [32mINF[0m [1mafter cmd:/home/public/anaconda3/envs/yolo/bin/python[0m
[90m2025-05-28 05:36:57.693[0m [32mINF[0m [1mruntime Name:	 T1.G1.A1.R2-01971564-0c24-7ae6-bff1-715a81087b2e is Running[0m
[90m2025-05-28 05:36:57.696[0m [32mINF[0m [36mmodule=[0mpkg/nodelet/task/monitor/group_monitor.go:1022 [36mmsg=[0m"Handling runtime start status update"
[90m2025-05-28 05:36:57.696[0m [32mINF[0m [36mmodule=[0mpkg/client-go/clients/typed/core/event_expansion.go:25 [36mmsg=[0m---CreateForEventSink---
[90m2025-05-28 05:36:57.696[0m [32mINF[0m [1mprocess id:	 2226592 is Running[0m
[90m2025-05-28 05:36:57.700[0m [32mINF[0m [1mGet runtime start event notify, the phase:Running[0m
[90m2025-05-28 05:36:57.729[0m [32mINF[0m [1mSTART ：taskStatus:Running,groupStatus:Running, action status: Running, runtime Status: Running[0m

image 1/2 /home/public/workspace/heongtong_yolo_linux/test_picture1.jpg: 480x640 3 infoTags, 3843.2ms
image 2/2 /home/public/workspace/heongtong_yolo_linux/test_picture2.jpg: 480x640 7 infoTags, 3986.9ms
Speed: 7.6ms preprocess, 3915.1ms inference, 7.2ms postprocess per image at shape (1, 3, 480, 640)
[90m2025-05-28 05:37:11.090[0m [32mINF[0m [1mcommand T1.G1.A1.R2-01971564-0c24-7ae6-bff1-715a81087b2e completed[0m
[90m2025-05-28 05:37:11.090[0m [32mINF[0m [36mmodule=[0mpkg/nodelet/task/monitor/group_monitor.go:1212 [36mmsg=[0m"Handling runtime end status update"
[90m2025-05-28 05:37:11.093[0m [32mINF[0m [1mGet runtime finish event notify, the phase:Succeeded[0m
[90m2025-05-28 05:37:11.110[0m [32mINF[0m [1m=======================runtimeHasSucceed:true[0m
[90m2025-05-28 05:37:11.111[0m [32mINF[0m [1m-----------------------------runtimeHasSucceed:true[0m
[90m2025-05-28 05:37:11.111[0m [32mINF[0m [36mmodule=[0mpkg/client-go/clients/typed/core/event_expansion.go:25 [36mmsg=[0m---CreateForEventSink---
[90m2025-05-28 05:37:11.120[0m [32mINF[0m [36mmodule=[0mpkg/client-go/clients/typed/core/event_expansion.go:25 [36mmsg=[0m---CreateForEventSink---
[90m2025-05-28 05:37:11.131[0m [32mINF[0m [36mmodule=[0mpkg/nodelet/task/monitor/group_monitor.go:778 [36mmsg=[0m"Move to completed queue"
[90m2025-05-28 05:37:11.131[0m [32mINF[0m [36mmodule=[0mpkg/client-go/clients/typed/core/event_expansion.go:25 [36mmsg=[0m---CreateForEventSink---
[90m2025-05-28 05:37:11.138[0m [32mINF[0m [1mruntime.Spec.Name:R2,runtime.Spec.Type:command[0m
[90m2025-05-28 05:37:11.139[0m [32mINF[0m [1mRuntime END: taskStatus:Running, groupStatus:Succeeded, actionStatus:Succeeded, runtimeStatus:Succeeded[0m
[90m2025-05-28 05:37:11.198[0m [32mINF[0m [1mbrotherGroupName:T1.G5-01971564-0c24-7ae6-bff1-715a81087b2e[0m
[90m2025-05-28 05:37:11.199[0m [32mINF[0m [1mbrotherGroupName:T1.G6-01971564-0c24-7ae6-bff1-715a81087b2e[0m
[90m2025-05-28 05:37:11.201[0m [32mINF[0m [1mDelete group:G1[0m
[90m2025-05-28 05:37:11.202[0m [32mINF[0m [1mgroup_manager删除group：T1.G1-01971564-0c24-7ae6-bff1-715a81087b2e[0m
[90m2025-05-28 05:37:15.883[0m [32mINF[0m [1mReceive-GroupName：T5.G1-01971564-9f80-7abe-ab9d-25b030feedc4,groupStatus:ReadyToDeploy[0m
[90m2025-05-28 05:37:15.883[0m [32mINF[0m [1mcheckResource方法：g.Status.Phase:ReadyToDeploy[0m
[90m2025-05-28 05:37:15.951[0m [32mINF[0m [1m==========================Task的Status.Phase:Unknown[0m
[90m2025-05-28 05:37:16.476[0m [32mINF[0m [1m****************************ashdkhaskldhklashdk****************************************[0m
[90m2025-05-28 05:37:16.477[0m [32mINF[0m [1mcommand runtime for runtime task:T5.G1.A1.R1-01971564-9f80-7abe-ab9d-25b030feedc4[0m
[90m2025-05-28 05:37:16.477[0m [32mINF[0m [1mcommand.go: EnvVar:[{ } {PATH /home/public/anaconda3/envs/yolo/bin/python}][0m
[90m2025-05-28 05:37:16.477[0m [32mINF[0m [1mcommand.go: cmd:python[0m
[90m2025-05-28 05:37:16.477[0m [32mINF[0m [1mpath:PATH, value:/home/public/anaconda3/envs/yolo/bin/python[0m
[90m2025-05-28 05:37:16.477[0m [32mINF[0m [1mafter cmd:/home/public/anaconda3/envs/yolo/bin/python[0m
[90m2025-05-28 05:37:16.477[0m [32mINF[0m [1mruntime Name:	 T5.G1.A1.R1-01971564-9f80-7abe-ab9d-25b030feedc4 is Running[0m
[90m2025-05-28 05:37:16.478[0m [32mINF[0m [1mprocess id:	 2226673 is Running[0m
[90m2025-05-28 05:37:16.478[0m [32mINF[0m [36mmodule=[0mpkg/nodelet/task/monitor/group_monitor.go:1022 [36mmsg=[0m"Handling runtime start status update"
[90m2025-05-28 05:37:16.478[0m [32mINF[0m [36mmodule=[0mpkg/client-go/clients/typed/core/event_expansion.go:25 [36mmsg=[0m---CreateForEventSink---
[90m2025-05-28 05:37:16.480[0m [32mINF[0m [1mGet runtime start event notify, the phase:Running[0m
[90m2025-05-28 05:37:16.496[0m [32mINF[0m [36mmodule=[0mpkg/client-go/clients/typed/core/event_expansion.go:25 [36mmsg=[0m---CreateForEventSink---
[90m2025-05-28 05:37:16.505[0m [32mINF[0m [36mmodule=[0mpkg/client-go/clients/typed/core/event_expansion.go:25 [36mmsg=[0m---CreateForEventSink---
[90m2025-05-28 05:37:16.517[0m [32mINF[0m [36mmodule=[0mpkg/client-go/clients/typed/core/event_expansion.go:25 [36mmsg=[0m---CreateForEventSink---
[90m2025-05-28 05:37:16.532[0m [32mINF[0m [1mSTART ：taskStatus:Running,groupStatus:Running, action status: Running, runtime Status: Running[0m
New https://pypi.org/project/ultralytics/8.3.146 available 😃 Update with 'pip install -U ultralytics'
Ultralytics 8.3.105 🚀 Python-3.10.16 torch-2.5.1 CPU (Common KVM processor)
[34m[1mengine/trainer: [0mtask=segment, mode=train, model=/home/public/workspace/heongtong_yolo_linux/yolo11x-seg.pt, data=/home/public/workspace/heongtong_yolo_linux/segment_train.yaml, epochs=100, time=None, patience=100, batch=2, imgsz=640, save=True, save_period=-1, cache=False, device=cpu, workers=0, project=None, name=train, exist_ok=False, pretrained=True, optimizer=auto, verbose=True, seed=0, deterministic=True, single_cls=False, rect=False, cos_lr=False, close_mosaic=10, resume=False, amp=True, fraction=1.0, profile=False, freeze=None, multi_scale=False, overlap_mask=True, mask_ratio=4, dropout=0.0, val=True, split=val, save_json=False, conf=None, iou=0.7, max_det=300, half=False, dnn=False, plots=True, source=None, vid_stride=1, stream_buffer=False, visualize=False, augment=False, agnostic_nms=False, classes=None, retina_masks=False, embed=None, show=False, save_frames=False, save_txt=False, save_conf=False, save_crop=False, show_labels=True, show_conf=True, show_boxes=True, line_width=None, format=torchscript, keras=False, optimize=False, int8=False, dynamic=False, simplify=True, opset=None, workspace=None, nms=False, lr0=0.01, lrf=0.01, momentum=0.937, weight_decay=0.0005, warmup_epochs=3.0, warmup_momentum=0.8, warmup_bias_lr=0.1, box=7.5, cls=0.5, dfl=1.5, pose=12.0, kobj=1.0, nbs=64, hsv_h=0.015, hsv_s=0.7, hsv_v=0.4, degrees=0.0, translate=0.1, scale=0.5, shear=0.0, perspective=0.0, flipud=0.0, fliplr=0.5, bgr=0.0, mosaic=1.0, mixup=0.0, copy_paste=0.0, copy_paste_mode=flip, auto_augment=randaugment, erasing=0.4, crop_fraction=1.0, cfg=None, tracker=botsort.yaml, save_dir=runs/segment/train
Overriding model.yaml nc=80 with nc=1

                   from  n    params  module                                       arguments                     
  0                  -1  1      2784  ultralytics.nn.modules.conv.Conv             [3, 96, 3, 2]                 
  1                  -1  1    166272  ultralytics.nn.modules.conv.Conv             [96, 192, 3, 2]               
  2                  -1  2    389760  ultralytics.nn.modules.block.C3k2            [192, 384, 2, True, 0.25]     
  3                  -1  1   1327872  ultralytics.nn.modules.conv.Conv             [384, 384, 3, 2]              
  4                  -1  2   1553664  ultralytics.nn.modules.block.C3k2            [384, 768, 2, True, 0.25]     
  5                  -1  1   5309952  ultralytics.nn.modules.conv.Conv             [768, 768, 3, 2]              
  6                  -1  2   5022720  ultralytics.nn.modules.block.C3k2            [768, 768, 2, True]           
  7                  -1  1   5309952  ultralytics.nn.modules.conv.Conv             [768, 768, 3, 2]              
  8                  -1  2   5022720  ultralytics.nn.modules.block.C3k2            [768, 768, 2, True]           
  9                  -1  1   1476864  ultralytics.nn.modules.block.SPPF            [768, 768, 5]                 
 10                  -1  2   3264768  ultralytics.nn.modules.block.C2PSA           [768, 768, 2]                 
 11                  -1  1         0  torch.nn.modules.upsampling.Upsample         [None, 2, 'nearest']          
 12             [-1, 6]  1         0  ultralytics.nn.modules.conv.Concat           [1]                           
 13                  -1  2   5612544  ultralytics.nn.modules.block.C3k2            [1536, 768, 2, True]          
 14                  -1  1         0  torch.nn.modules.upsampling.Upsample         [None, 2, 'nearest']          
 15             [-1, 4]  1         0  ultralytics.nn.modules.conv.Concat           [1]                           
 16                  -1  2   1700352  ultralytics.nn.modules.block.C3k2            [1536, 384, 2, True]          
 17                  -1  1   1327872  ultralytics.nn.modules.conv.Conv             [384, 384, 3, 2]              
 18            [-1, 13]  1         0  ultralytics.nn.modules.conv.Concat           [1]                           
 19                  -1  2   5317632  ultralytics.nn.modules.block.C3k2            [1152, 768, 2, True]          
 20                  -1  1   5309952  ultralytics.nn.modules.conv.Conv             [768, 768, 3, 2]              
 21            [-1, 10]  1         0  ultralytics.nn.modules.conv.Concat           [1]                           
 22                  -1  2   5612544  ultralytics.nn.modules.block.C3k2            [1536, 768, 2, True]          
 23        [16, 19, 22]  1   8323187  ultralytics.nn.modules.head.Segment          [1, 32, 384, [384, 768, 768]] 
[W528 05:37:22.863357058 NNPACK.cpp:61] Could not initialize NNPACK! Reason: Unsupported hardware.
YOLO11x-seg summary: 379 layers, 62,051,411 parameters, 62,051,395 gradients

Transferred 1071/1077 items from pretrained weights
Freezing layer 'model.23.dfl.conv.weight'
[34m[1mtrain: [0mScanning /home/public/workspace/heongtong_yolo_linux/标签数据集/train/labels.cache... 136 images, 0 backgrounds, 0 corrupt: 100%|██████████| 136/136 [00:00<?, ?it/s][34m[1mtrain: [0mScanning /home/public/workspace/heongtong_yolo_linux/标签数据集/train/labels.cache... 136 images, 0 backgrounds, 0 corrupt: 100%|██████████| 136/136 [00:00<?, ?it/s]
[34m[1mval: [0mScanning /home/public/workspace/heongtong_yolo_linux/标签数据集/valid/labels.cache... 17 images, 0 backgrounds, 0 corrupt: 100%|██████████| 17/17 [00:00<?, ?it/s][34m[1mval: [0mScanning /home/public/workspace/heongtong_yolo_linux/标签数据集/valid/labels.cache... 17 images, 0 backgrounds, 0 corrupt: 100%|██████████| 17/17 [00:00<?, ?it/s]
Plotting labels to runs/segment/train/labels.jpg... 
[34m[1moptimizer:[0m 'optimizer=auto' found, ignoring 'lr0=0.01' and 'momentum=0.937' and determining best 'optimizer', 'lr0' and 'momentum' automatically... 
[34m[1moptimizer:[0m AdamW(lr=0.002, momentum=0.9) with parameter groups 176 weight(decay=0.0), 187 weight(decay=0.0005), 186 bias(decay=0.0)
Image sizes 640 train, 640 val
Using 0 dataloader workers
Logging results to [1mruns/segment/train[0m
Starting training for 100 epochs...

      Epoch    GPU_mem   box_loss   seg_loss   cls_loss   dfl_loss  Instances       Size
  0%|          | 0/68 [00:00<?, ?it/s][90m2025-05-28 05:37:40.288[0m [32mINF[0m [1mcommand T5.G1.A1.R1-01971564-9f80-7abe-ab9d-25b030feedc4 completed[0m
[90m2025-05-28 05:37:40.288[0m [32mINF[0m [36mmodule=[0mpkg/nodelet/task/monitor/group_monitor.go:1212 [36mmsg=[0m"Handling runtime end status update"
[90m2025-05-28 05:37:40.290[0m [32mINF[0m [1mGet runtime finish event notify, the phase:Succeeded[0m
[90m2025-05-28 05:37:40.329[0m [32mINF[0m [1mruntime.Spec.Name:R1,runtime.Spec.Type:command[0m
[90m2025-05-28 05:37:40.329[0m [32mINF[0m [1mRuntime END: taskStatus:Running, groupStatus:Running, actionStatus:Running, runtimeStatus:Succeeded[0m
[90m2025-05-28 05:37:40.379[0m [32mINF[0m [36mmodule=[0mpkg/nodelet/task/monitor/group_monitor.go:666 [36mmsg=[0m****************************************1234554564**********************
[90m2025-05-28 05:37:40.380[0m [32mINF[0m [1mcommand runtime for runtime task:T5.G1.A1.R2-01971564-9f80-7abe-ab9d-25b030feedc4[0m
[90m2025-05-28 05:37:40.380[0m [32mINF[0m [1mcommand.go: EnvVar:[{ } {PATH /home/public/anaconda3/envs/yolo/bin/python}][0m
[90m2025-05-28 05:37:40.380[0m [32mINF[0m [1mcommand.go: cmd:python[0m
[90m2025-05-28 05:37:40.380[0m [32mINF[0m [1mpath:PATH, value:/home/public/anaconda3/envs/yolo/bin/python[0m
[90m2025-05-28 05:37:40.380[0m [32mINF[0m [1mafter cmd:/home/public/anaconda3/envs/yolo/bin/python[0m
[90m2025-05-28 05:37:40.380[0m [32mINF[0m [1mruntime Name:	 T5.G1.A1.R2-01971564-9f80-7abe-ab9d-25b030feedc4 is Running[0m
[90m2025-05-28 05:37:40.381[0m [32mINF[0m [36mmodule=[0mpkg/nodelet/task/monitor/group_monitor.go:1022 [36mmsg=[0m"Handling runtime start status update"
[90m2025-05-28 05:37:40.381[0m [32mINF[0m [1mprocess id:	 2226962 is Running[0m
[90m2025-05-28 05:37:40.381[0m [32mINF[0m [36mmodule=[0mpkg/client-go/clients/typed/core/event_expansion.go:25 [36mmsg=[0m---CreateForEventSink---
[90m2025-05-28 05:37:40.383[0m [32mINF[0m [1mGet runtime start event notify, the phase:Running[0m
[90m2025-05-28 05:37:40.413[0m [32mINF[0m [1mSTART ：taskStatus:Running,groupStatus:Running, action status: Running, runtime Status: Running[0m

image 1/2 /home/public/workspace/heongtong_yolo_linux/test_picture1.jpg: 480x640 3 infoTags, 3811.3ms
image 2/2 /home/public/workspace/heongtong_yolo_linux/test_picture2.jpg: 480x640 7 infoTags, 4013.4ms
Speed: 7.0ms preprocess, 3912.3ms inference, 7.0ms postprocess per image at shape (1, 3, 480, 640)
[90m2025-05-28 05:37:54.775[0m [32mINF[0m [1mcommand T5.G1.A1.R2-01971564-9f80-7abe-ab9d-25b030feedc4 completed[0m
[90m2025-05-28 05:37:54.775[0m [32mINF[0m [36mmodule=[0mpkg/nodelet/task/monitor/group_monitor.go:1212 [36mmsg=[0m"Handling runtime end status update"
[90m2025-05-28 05:37:54.777[0m [32mINF[0m [1mGet runtime finish event notify, the phase:Succeeded[0m
[90m2025-05-28 05:37:54.791[0m [32mINF[0m [1m=======================runtimeHasSucceed:true[0m
[90m2025-05-28 05:37:54.803[0m [32mINF[0m [1m-----------------------------runtimeHasSucceed:true[0m
[90m2025-05-28 05:37:54.804[0m [32mINF[0m [36mmodule=[0mpkg/client-go/clients/typed/core/event_expansion.go:25 [36mmsg=[0m---CreateForEventSink---
[90m2025-05-28 05:37:54.813[0m [32mINF[0m [36mmodule=[0mpkg/client-go/clients/typed/core/event_expansion.go:25 [36mmsg=[0m---CreateForEventSink---
[90m2025-05-28 05:37:54.830[0m [32mINF[0m [1mruntime.Spec.Name:R2,runtime.Spec.Type:command[0m
[90m2025-05-28 05:37:54.830[0m [32mINF[0m [1mRuntime END: taskStatus:Running, groupStatus:Succeeded, actionStatus:Succeeded, runtimeStatus:Succeeded[0m
[90m2025-05-28 05:37:54.857[0m [32mINF[0m [36mmodule=[0mpkg/nodelet/task/monitor/group_monitor.go:778 [36mmsg=[0m"Move to completed queue"
[90m2025-05-28 05:37:55.418[0m [32mINF[0m [1mbrotherGroupName:T5.G2-01971564-9f80-7abe-ab9d-25b030feedc4[0m
[90m2025-05-28 05:37:55.419[0m [32mINF[0m [1mDelete group:G1[0m
[90m2025-05-28 05:37:55.419[0m [32mINF[0m [1mgroup_manager删除group：T5.G1-01971564-9f80-7abe-ab9d-25b030feedc4[0m
[90m2025-05-28 05:39:46.733[0m [32mINF[0m [1mReceive-GroupName：T4.G6-01971566-1481-75a5-b505-74ec2ff53ec5,groupStatus:ReadyToDeploy[0m
[90m2025-05-28 05:39:46.733[0m [32mINF[0m [1mcheckResource方法：g.Status.Phase:ReadyToDeploy[0m
[90m2025-05-28 05:39:46.779[0m [32mINF[0m [1m==========================Task的Status.Phase:Running[0m
[90m2025-05-28 05:39:47.161[0m [32mINF[0m [1m****************************ashdkhaskldhklashdk****************************************[0m
[90m2025-05-28 05:39:47.161[0m [32mINF[0m [1mcommand runtime for runtime task:T4.G6.A1.R1-01971566-1481-75a5-b505-74ec2ff53ec5[0m
[90m2025-05-28 05:39:47.161[0m [32mINF[0m [1mcommand.go: EnvVar:[{ } {PATH /home/public/anaconda3/envs/yolo/bin/python}][0m
[90m2025-05-28 05:39:47.161[0m [32mINF[0m [1mcommand.go: cmd:python[0m
[90m2025-05-28 05:39:47.161[0m [32mINF[0m [1mpath:PATH, value:/home/public/anaconda3/envs/yolo/bin/python[0m
[90m2025-05-28 05:39:47.161[0m [32mINF[0m [1mafter cmd:/home/public/anaconda3/envs/yolo/bin/python[0m
[90m2025-05-28 05:39:47.161[0m [32mINF[0m [1mruntime Name:	 T4.G6.A1.R1-01971566-1481-75a5-b505-74ec2ff53ec5 is Running[0m
[90m2025-05-28 05:39:47.162[0m [32mINF[0m [1mprocess id:	 2227919 is Running[0m
[90m2025-05-28 05:39:47.162[0m [32mINF[0m [36mmodule=[0mpkg/nodelet/task/monitor/group_monitor.go:1022 [36mmsg=[0m"Handling runtime start status update"
[90m2025-05-28 05:39:47.163[0m [32mINF[0m [36mmodule=[0mpkg/client-go/clients/typed/core/event_expansion.go:25 [36mmsg=[0m---CreateForEventSink---
[90m2025-05-28 05:39:47.165[0m [32mINF[0m [1mGet runtime start event notify, the phase:Running[0m
[90m2025-05-28 05:39:47.182[0m [32mINF[0m [36mmodule=[0mpkg/client-go/clients/typed/core/event_expansion.go:25 [36mmsg=[0m---CreateForEventSink---
[90m2025-05-28 05:39:47.191[0m [32mINF[0m [36mmodule=[0mpkg/client-go/clients/typed/core/event_expansion.go:25 [36mmsg=[0m---CreateForEventSink---
[90m2025-05-28 05:39:47.205[0m [32mINF[0m [1mSTART ：taskStatus:Running,groupStatus:Running, action status: Running, runtime Status: Running[0m
[90m2025-05-28 05:39:47.437[0m [32mINF[0m [1mReceive-GroupName：T6.G1-01971566-f23a-7b03-a507-54cbab597546,groupStatus:ReadyToDeploy[0m
[90m2025-05-28 05:39:47.437[0m [32mINF[0m [1mcheckResource方法：g.Status.Phase:ReadyToDeploy[0m
[90m2025-05-28 05:39:47.481[0m [32mINF[0m [1m==========================Task的Status.Phase:Unknown[0m
[90m2025-05-28 05:39:47.655[0m [32mINF[0m [1m****************************ashdkhaskldhklashdk****************************************[0m
[90m2025-05-28 05:39:47.656[0m [32mINF[0m [1mcommand runtime for runtime task:T6.G1.A1.R1-01971566-f23a-7b03-a507-54cbab597546[0m
[90m2025-05-28 05:39:47.656[0m [32mINF[0m [1mcommand.go: EnvVar:[{ } {PATH /home/public/anaconda3/envs/yolo/bin/python}][0m
[90m2025-05-28 05:39:47.656[0m [32mINF[0m [1mcommand.go: cmd:python[0m
[90m2025-05-28 05:39:47.656[0m [32mINF[0m [1mpath:PATH, value:/home/public/anaconda3/envs/yolo/bin/python[0m
[90m2025-05-28 05:39:47.656[0m [32mINF[0m [1mafter cmd:/home/public/anaconda3/envs/yolo/bin/python[0m
[90m2025-05-28 05:39:47.656[0m [32mINF[0m [1mruntime Name:	 T6.G1.A1.R1-01971566-f23a-7b03-a507-54cbab597546 is Running[0m
[90m2025-05-28 05:39:47.657[0m [32mINF[0m [1mprocess id:	 2227924 is Running[0m
[90m2025-05-28 05:39:47.657[0m [32mINF[0m [36mmodule=[0mpkg/nodelet/task/monitor/group_monitor.go:1022 [36mmsg=[0m"Handling runtime start status update"
[90m2025-05-28 05:39:47.657[0m [32mINF[0m [36mmodule=[0mpkg/client-go/clients/typed/core/event_expansion.go:25 [36mmsg=[0m---CreateForEventSink---
[90m2025-05-28 05:39:47.659[0m [32mINF[0m [1mGet runtime start event notify, the phase:Running[0m
[90m2025-05-28 05:39:47.681[0m [32mINF[0m [36mmodule=[0mpkg/client-go/clients/typed/core/event_expansion.go:25 [36mmsg=[0m---CreateForEventSink---
[90m2025-05-28 05:39:47.690[0m [32mINF[0m [36mmodule=[0mpkg/client-go/clients/typed/core/event_expansion.go:25 [36mmsg=[0m---CreateForEventSink---
[90m2025-05-28 05:39:47.700[0m [32mINF[0m [36mmodule=[0mpkg/client-go/clients/typed/core/event_expansion.go:25 [36mmsg=[0m---CreateForEventSink---
[90m2025-05-28 05:39:47.707[0m [32mINF[0m [1mSTART ：taskStatus:Running,groupStatus:Running, action status: Running, runtime Status: Running[0m
New https://pypi.org/project/ultralytics/8.3.146 available 😃 Update with 'pip install -U ultralytics'
Ultralytics 8.3.105 🚀 Python-3.10.16 torch-2.5.1 CPU (Common KVM processor)
[34m[1mengine/trainer: [0mtask=segment, mode=train, model=/home/public/workspace/heongtong_yolo_linux/yolo11x-seg.pt, data=/home/public/workspace/heongtong_yolo_linux/segment_train.yaml, epochs=100, time=None, patience=100, batch=2, imgsz=640, save=True, save_period=-1, cache=False, device=cpu, workers=0, project=None, name=train, exist_ok=False, pretrained=True, optimizer=auto, verbose=True, seed=0, deterministic=True, single_cls=False, rect=False, cos_lr=False, close_mosaic=10, resume=False, amp=True, fraction=1.0, profile=False, freeze=None, multi_scale=False, overlap_mask=True, mask_ratio=4, dropout=0.0, val=True, split=val, save_json=False, conf=None, iou=0.7, max_det=300, half=False, dnn=False, plots=True, source=None, vid_stride=1, stream_buffer=False, visualize=False, augment=False, agnostic_nms=False, classes=None, retina_masks=False, embed=None, show=False, save_frames=False, save_txt=False, save_conf=False, save_crop=False, show_labels=True, show_conf=True, show_boxes=True, line_width=None, format=torchscript, keras=False, optimize=False, int8=False, dynamic=False, simplify=True, opset=None, workspace=None, nms=False, lr0=0.01, lrf=0.01, momentum=0.937, weight_decay=0.0005, warmup_epochs=3.0, warmup_momentum=0.8, warmup_bias_lr=0.1, box=7.5, cls=0.5, dfl=1.5, pose=12.0, kobj=1.0, nbs=64, hsv_h=0.015, hsv_s=0.7, hsv_v=0.4, degrees=0.0, translate=0.1, scale=0.5, shear=0.0, perspective=0.0, flipud=0.0, fliplr=0.5, bgr=0.0, mosaic=1.0, mixup=0.0, copy_paste=0.0, copy_paste_mode=flip, auto_augment=randaugment, erasing=0.4, crop_fraction=1.0, cfg=None, tracker=botsort.yaml, save_dir=runs/segment/train
Overriding model.yaml nc=80 with nc=1

                   from  n    params  module                                       arguments                     
  0                  -1  1      2784  ultralytics.nn.modules.conv.Conv             [3, 96, 3, 2]                 
  1                  -1  1    166272  ultralytics.nn.modules.conv.Conv             [96, 192, 3, 2]               
  2                  -1  2    389760  ultralytics.nn.modules.block.C3k2            [192, 384, 2, True, 0.25]     
  3                  -1  1   1327872  ultralytics.nn.modules.conv.Conv             [384, 384, 3, 2]              
  4                  -1  2   1553664  ultralytics.nn.modules.block.C3k2            [384, 768, 2, True, 0.25]     
  5                  -1  1   5309952  ultralytics.nn.modules.conv.Conv             [768, 768, 3, 2]              
  6                  -1  2   5022720  ultralytics.nn.modules.block.C3k2            [768, 768, 2, True]           
  7                  -1  1   5309952  ultralytics.nn.modules.conv.Conv             [768, 768, 3, 2]              
  8                  -1  2   5022720  ultralytics.nn.modules.block.C3k2            [768, 768, 2, True]           
  9                  -1  1   1476864  ultralytics.nn.modules.block.SPPF            [768, 768, 5]                 
 10                  -1  2   3264768  ultralytics.nn.modules.block.C2PSA           [768, 768, 2]                 
 11                  -1  1         0  torch.nn.modules.upsampling.Upsample         [None, 2, 'nearest']          
 12             [-1, 6]  1         0  ultralytics.nn.modules.conv.Concat           [1]                           
 13                  -1  2   5612544  ultralytics.nn.modules.block.C3k2            [1536, 768, 2, True]          
 14                  -1  1         0  torch.nn.modules.upsampling.Upsample         [None, 2, 'nearest']          
 15             [-1, 4]  1         0  ultralytics.nn.modules.conv.Concat           [1]                           
 16                  -1  2   1700352  ultralytics.nn.modules.block.C3k2            [1536, 384, 2, True]          
 17                  -1  1   1327872  ultralytics.nn.modules.conv.Conv             [384, 384, 3, 2]              
 18            [-1, 13]  1         0  ultralytics.nn.modules.conv.Concat           [1]                           
 19                  -1  2   5317632  ultralytics.nn.modules.block.C3k2            [1152, 768, 2, True]          
 20                  -1  1   5309952  ultralytics.nn.modules.conv.Conv             [768, 768, 3, 2]              
 21            [-1, 10]  1         0  ultralytics.nn.modules.conv.Concat           [1]                           
 22                  -1  2   5612544  ultralytics.nn.modules.block.C3k2            [1536, 768, 2, True]          
 23        [16, 19, 22]  1   8323187  ultralytics.nn.modules.head.Segment          [1, 32, 384, [384, 768, 768]] 
[W528 05:39:53.308493952 NNPACK.cpp:61] Could not initialize NNPACK! Reason: Unsupported hardware.
YOLO11x-seg summary: 379 layers, 62,051,411 parameters, 62,051,395 gradients

Transferred 1071/1077 items from pretrained weights
Freezing layer 'model.23.dfl.conv.weight'
[34m[1mtrain: [0mScanning /home/public/workspace/heongtong_yolo_linux/标签数据集/train/labels.cache... 136 images, 0 backgrounds, 0 corrupt: 100%|██████████| 136/136 [00:00<?, ?it/s][34m[1mtrain: [0mScanning /home/public/workspace/heongtong_yolo_linux/标签数据集/train/labels.cache... 136 images, 0 backgrounds, 0 corrupt: 100%|██████████| 136/136 [00:00<?, ?it/s]
[34m[1mval: [0mScanning /home/public/workspace/heongtong_yolo_linux/标签数据集/valid/labels.cache... 17 images, 0 backgrounds, 0 corrupt: 100%|██████████| 17/17 [00:00<?, ?it/s][34m[1mval: [0mScanning /home/public/workspace/heongtong_yolo_linux/标签数据集/valid/labels.cache... 17 images, 0 backgrounds, 0 corrupt: 100%|██████████| 17/17 [00:00<?, ?it/s]
Plotting labels to runs/segment/train/labels.jpg... 
[34m[1moptimizer:[0m 'optimizer=auto' found, ignoring 'lr0=0.01' and 'momentum=0.937' and determining best 'optimizer', 'lr0' and 'momentum' automatically... 
[34m[1moptimizer:[0m AdamW(lr=0.002, momentum=0.9) with parameter groups 176 weight(decay=0.0), 187 weight(decay=0.0005), 186 bias(decay=0.0)
Image sizes 640 train, 640 val
Using 0 dataloader workers
Logging results to [1mruns/segment/train[0m
Starting training for 100 epochs...

      Epoch    GPU_mem   box_loss   seg_loss   cls_loss   dfl_loss  Instances       Size
  0%|          | 0/68 [00:00<?, ?it/s]Epoch 1/300, Loss: 0.6642
Epoch 2/300, Loss: 0.6360
Epoch 3/300, Loss: 0.6124
Epoch 4/300, Loss: 0.5841
Epoch 5/300, Loss: 0.5547
Epoch 6/300, Loss: 0.5341
Epoch 7/300, Loss: 0.5109
Epoch 8/300, Loss: 0.4888
Epoch 9/300, Loss: 0.4672
Epoch 10/300, Loss: 0.4516
Epoch 11/300, Loss: 0.4362
Epoch 12/300, Loss: 0.4165
Epoch 13/300, Loss: 0.4030
Epoch 14/300, Loss: 0.3961
Epoch 15/300, Loss: 0.3779
Epoch 16/300, Loss: 0.3581
Epoch 17/300, Loss: 0.3627
Epoch 18/300, Loss: 0.3331
Epoch 19/300, Loss: 0.3374
Epoch 20/300, Loss: 0.3095
Epoch 21/300, Loss: 0.2982
Epoch 22/300, Loss: 0.2839
Epoch 23/300, Loss: 0.2694
Epoch 24/300, Loss: 0.2548
Epoch 25/300, Loss: 0.2517
Epoch 26/300, Loss: 0.2266
Epoch 27/300, Loss: 0.2233
Epoch 28/300, Loss: 0.2045
Epoch 29/300, Loss: 0.1964
Epoch 30/300, Loss: 0.1925
Epoch 31/300, Loss: 0.1799
Epoch 32/300, Loss: 0.1674
Epoch 33/300, Loss: 0.1606
Epoch 34/300, Loss: 0.1543
Epoch 35/300, Loss: 0.1443
Epoch 36/300, Loss: 0.1489
Epoch 37/300, Loss: 0.1371
Epoch 38/300, Loss: 0.1297
Epoch 39/300, Loss: 0.1197
Epoch 40/300, Loss: 0.1124
Epoch 41/300, Loss: 0.1106
Epoch 42/300, Loss: 0.1076
Epoch 43/300, Loss: 0.0973
Epoch 44/300, Loss: 0.0972
Epoch 45/300, Loss: 0.0933
Epoch 46/300, Loss: 0.0886
Epoch 47/300, Loss: 0.0897
Epoch 48/300, Loss: 0.0776
Epoch 49/300, Loss: 0.0771
Epoch 50/300, Loss: 0.0768
Epoch 51/300, Loss: 0.0722
Epoch 52/300, Loss: 0.0662
Epoch 53/300, Loss: 0.0664
Epoch 54/300, Loss: 0.0646
Epoch 55/300, Loss: 0.0645
Epoch 56/300, Loss: 0.0586
Epoch 57/300, Loss: 0.0623
Epoch 58/300, Loss: 0.0610
Epoch 59/300, Loss: 0.0552
Epoch 60/300, Loss: 0.0583
Epoch 61/300, Loss: 0.0535
Epoch 62/300, Loss: 0.0527
Epoch 63/300, Loss: 0.0526
Epoch 64/300, Loss: 0.0507
Epoch 65/300, Loss: 0.0513
Epoch 66/300, Loss: 0.0485
Epoch 67/300, Loss: 0.0503
Epoch 68/300, Loss: 0.0440
Epoch 69/300, Loss: 0.0496
Epoch 70/300, Loss: 0.0436
Epoch 71/300, Loss: 0.0450
Epoch 72/300, Loss: 0.0434
Epoch 73/300, Loss: 0.0424
Epoch 74/300, Loss: 0.0434
Epoch 75/300, Loss: 0.0483
Epoch 76/300, Loss: 0.0374
Epoch 77/300, Loss: 0.0517
Epoch 78/300, Loss: 0.0457
Epoch 79/300, Loss: 0.0464
Epoch 80/300, Loss: 0.0416
Epoch 81/300, Loss: 0.0434
Epoch 82/300, Loss: 0.0386
Epoch 83/300, Loss: 0.0500
Epoch 84/300, Loss: 0.0416
Epoch 85/300, Loss: 0.0375
Epoch 86/300, Loss: 0.0364
Epoch 87/300, Loss: 0.0377
Epoch 88/300, Loss: 0.0387
Epoch 89/300, Loss: 0.0363
Epoch 90/300, Loss: 0.0389
Epoch 91/300, Loss: 0.0358
Epoch 92/300, Loss: 0.0355
Epoch 93/300, Loss: 0.0388
Epoch 94/300, Loss: 0.0398
Epoch 95/300, Loss: 0.0348
Epoch 96/300, Loss: 0.0333
Epoch 97/300, Loss: 0.0338
Epoch 98/300, Loss: 0.0339
Epoch 99/300, Loss: 0.0327
Epoch 100/300, Loss: 0.0342
Epoch 101/300, Loss: 0.0374
Epoch 102/300, Loss: 0.0341
Epoch 103/300, Loss: 0.0371
Epoch 104/300, Loss: 0.0347
Epoch 105/300, Loss: 0.0363
Epoch 106/300, Loss: 0.0373
Epoch 107/300, Loss: 0.0348
Epoch 108/300, Loss: 0.0339
Epoch 109/300, Loss: 0.0365
Epoch 110/300, Loss: 0.0302
Epoch 111/300, Loss: 0.0320
Epoch 112/300, Loss: 0.0360
Epoch 113/300, Loss: 0.0337
Epoch 114/300, Loss: 0.0373
Epoch 115/300, Loss: 0.0333
Epoch 116/300, Loss: 0.0420
Epoch 117/300, Loss: 0.0312
Epoch 118/300, Loss: 0.0395
Epoch 119/300, Loss: 0.0291
Epoch 120/300, Loss: 0.0324
Epoch 121/300, Loss: 0.0398
Epoch 122/300, Loss: 0.0297
Epoch 123/300, Loss: 0.0340
Epoch 124/300, Loss: 0.0381
Epoch 125/300, Loss: 0.0357
Epoch 126/300, Loss: 0.0329
Epoch 127/300, Loss: 0.0375
Epoch 128/300, Loss: 0.0364
Epoch 129/300, Loss: 0.0300
Epoch 130/300, Loss: 0.0315
Epoch 131/300, Loss: 0.0316
Epoch 132/300, Loss: 0.0316
Epoch 133/300, Loss: 0.0349
Epoch 134/300, Loss: 0.0335
Epoch 135/300, Loss: 0.0397
Epoch 136/300, Loss: 0.0342
Epoch 137/300, Loss: 0.0339
Epoch 138/300, Loss: 0.0356
Epoch 139/300, Loss: 0.0323
Epoch 140/300, Loss: 0.0343
Epoch 141/300, Loss: 0.0303
Epoch 142/300, Loss: 0.0325
Epoch 143/300, Loss: 0.0313
Epoch 144/300, Loss: 0.0331
Epoch 145/300, Loss: 0.0328
Epoch 146/300, Loss: 0.0354
Epoch 147/300, Loss: 0.0354
Epoch 148/300, Loss: 0.0339
Epoch 149/300, Loss: 0.0290
Epoch 150/300, Loss: 0.0316
Epoch 151/300, Loss: 0.0378
Epoch 152/300, Loss: 0.0327
Epoch 153/300, Loss: 0.0351
Epoch 154/300, Loss: 0.0315
Epoch 155/300, Loss: 0.0288
Epoch 156/300, Loss: 0.0294
Epoch 157/300, Loss: 0.0293
Epoch 158/300, Loss: 0.0329
Epoch 159/300, Loss: 0.0288
Epoch 160/300, Loss: 0.0320
Epoch 161/300, Loss: 0.0371
Epoch 162/300, Loss: 0.0322
Epoch 163/300, Loss: 0.0298
Epoch 164/300, Loss: 0.0337
Epoch 165/300, Loss: 0.0342
Epoch 166/300, Loss: 0.0293
Epoch 167/300, Loss: 0.0351
Epoch 168/300, Loss: 0.0311
Epoch 169/300, Loss: 0.0351
Epoch 170/300, Loss: 0.0280
Epoch 171/300, Loss: 0.0353
Epoch 172/300, Loss: 0.0282
Epoch 173/300, Loss: 0.0363
Epoch 174/300, Loss: 0.0349
Epoch 175/300, Loss: 0.0320
Epoch 176/300, Loss: 0.0400
Epoch 177/300, Loss: 0.0315
Epoch 178/300, Loss: 0.0422
Epoch 179/300, Loss: 0.0331
Epoch 180/300, Loss: 0.0316
Epoch 181/300, Loss: 0.0324
Epoch 182/300, Loss: 0.0291
Epoch 183/300, Loss: 0.0308
Epoch 184/300, Loss: 0.0287
Epoch 185/300, Loss: 0.0312
Epoch 186/300, Loss: 0.0286
Epoch 187/300, Loss: 0.0373
Epoch 188/300, Loss: 0.0381
Epoch 189/300, Loss: 0.0374
Epoch 190/300, Loss: 0.0355
Epoch 191/300, Loss: 0.0315
Epoch 192/300, Loss: 0.0371
Epoch 193/300, Loss: 0.0298
Epoch 194/300, Loss: 0.0338
Epoch 195/300, Loss: 0.0293
Epoch 196/300, Loss: 0.0319
Epoch 197/300, Loss: 0.0328
Epoch 198/300, Loss: 0.0308
Epoch 199/300, Loss: 0.0300
Epoch 200/300, Loss: 0.0329
Epoch 201/300, Loss: 0.0291
Epoch 202/300, Loss: 0.0320
Epoch 203/300, Loss: 0.0299
Epoch 204/300, Loss: 0.0318
Epoch 205/300, Loss: 0.0335
Epoch 206/300, Loss: 0.0299
Epoch 207/300, Loss: 0.0322
Epoch 208/300, Loss: 0.0283
Epoch 209/300, Loss: 0.0307
Epoch 210/300, Loss: 0.0270
Epoch 211/300, Loss: 0.0293
Epoch 212/300, Loss: 0.0300
Epoch 213/300, Loss: 0.0293
Epoch 214/300, Loss: 0.0271
Epoch 215/300, Loss: 0.0308
Epoch 216/300, Loss: 0.0295
Epoch 217/300, Loss: 0.0311
Epoch 218/300, Loss: 0.0282
Epoch 219/300, Loss: 0.0290
Epoch 220/300, Loss: 0.0298
Epoch 221/300, Loss: 0.0421
Epoch 222/300, Loss: 0.0287
Epoch 223/300, Loss: 0.0393
Epoch 224/300, Loss: 0.0354
Epoch 225/300, Loss: 0.0320
Epoch 226/300, Loss: 0.0344
Epoch 227/300, Loss: 0.0364
Epoch 228/300, Loss: 0.0306
Epoch 229/300, Loss: 0.0313
Epoch 230/300, Loss: 0.0282
Epoch 231/300, Loss: 0.0320
Epoch 232/300, Loss: 0.0310
Epoch 233/300, Loss: 0.0278
Epoch 234/300, Loss: 0.0281
Epoch 235/300, Loss: 0.0275
Epoch 236/300, Loss: 0.0325
Epoch 237/300, Loss: 0.0319
Epoch 238/300, Loss: 0.0284
Epoch 239/300, Loss: 0.0282
Epoch 240/300, Loss: 0.0399
Epoch 241/300, Loss: 0.0324
Epoch 242/300, Loss: 0.0315
Epoch 243/300, Loss: 0.0350
Epoch 244/300, Loss: 0.0333
Epoch 245/300, Loss: 0.0310
Epoch 246/300, Loss: 0.0333
Epoch 247/300, Loss: 0.0323
Epoch 248/300, Loss: 0.0295
Epoch 249/300, Loss: 0.0295
Epoch 250/300, Loss: 0.0364
Epoch 251/300, Loss: 0.0300
Epoch 252/300, Loss: 0.0322
Epoch 253/300, Loss: 0.0346
Epoch 254/300, Loss: 0.0292
Epoch 255/300, Loss: 0.0277
Epoch 256/300, Loss: 0.0307
Epoch 257/300, Loss: 0.0281
Epoch 258/300, Loss: 0.0306
Epoch 259/300, Loss: 0.0326
Epoch 260/300, Loss: 0.0275
Epoch 261/300, Loss: 0.0326
Epoch 262/300, Loss: 0.0307
Epoch 263/300, Loss: 0.0298
Epoch 264/300, Loss: 0.0285
Epoch 265/300, Loss: 0.0290
Epoch 266/300, Loss: 0.0293
Epoch 267/300, Loss: 0.0322
Epoch 268/300, Loss: 0.0347
Epoch 269/300, Loss: 0.0269
Epoch 270/300, Loss: 0.0303
Epoch 271/300, Loss: 0.0315
Epoch 272/300, Loss: 0.0291
Epoch 273/300, Loss: 0.0350
Epoch 274/300, Loss: 0.0341
Epoch 275/300, Loss: 0.0299
Epoch 276/300, Loss: 0.0292
Epoch 277/300, Loss: 0.0333
Epoch 278/300, Loss: 0.0300
Epoch 279/300, Loss: 0.0299
Epoch 280/300, Loss: 0.0289
Epoch 281/300, Loss: 0.0347
Epoch 282/300, Loss: 0.0298
Epoch 283/300, Loss: 0.0288
Epoch 284/300, Loss: 0.0328
Epoch 285/300, Loss: 0.0302
Epoch 286/300, Loss: 0.0313
Epoch 287/300, Loss: 0.0278
Epoch 288/300, Loss: 0.0289
Epoch 289/300, Loss: 0.0309
Epoch 290/300, Loss: 0.0317
Epoch 291/300, Loss: 0.0270
Epoch 292/300, Loss: 0.0270
Epoch 293/300, Loss: 0.0268
Epoch 294/300, Loss: 0.0302
Epoch 295/300, Loss: 0.0330
Epoch 296/300, Loss: 0.0286
Epoch 297/300, Loss: 0.0403
Epoch 298/300, Loss: 0.0333
Epoch 299/300, Loss: 0.0294
Epoch 300/300, Loss: 0.0313
测试集准确率: 0.7273
[90m2025-05-28 05:40:09.008[0m [32mINF[0m [1mcommand T4.G6.A1.R1-01971566-1481-75a5-b505-74ec2ff53ec5 completed[0m
[90m2025-05-28 05:40:09.009[0m [32mINF[0m [36mmodule=[0mpkg/nodelet/task/monitor/group_monitor.go:1212 [36mmsg=[0m"Handling runtime end status update"
[90m2025-05-28 05:40:09.011[0m [32mINF[0m [1mGet runtime finish event notify, the phase:Succeeded[0m
[90m2025-05-28 05:40:09.042[0m [32mINF[0m [1mruntime.Spec.Name:R1,runtime.Spec.Type:command[0m
[90m2025-05-28 05:40:09.042[0m [32mINF[0m [1mRuntime END: taskStatus:Running, groupStatus:Running, actionStatus:Running, runtimeStatus:Succeeded[0m
[90m2025-05-28 05:40:09.144[0m [32mINF[0m [36mmodule=[0mpkg/nodelet/task/monitor/group_monitor.go:666 [36mmsg=[0m****************************************1234554564**********************
[90m2025-05-28 05:40:09.145[0m [32mINF[0m [1mcommand runtime for runtime task:T4.G6.A1.R2-01971566-1481-75a5-b505-74ec2ff53ec5[0m
[90m2025-05-28 05:40:09.145[0m [32mINF[0m [1mcommand.go: EnvVar:[{ } {PATH /home/public/anaconda3/envs/yolo/bin/python}][0m
[90m2025-05-28 05:40:09.145[0m [32mINF[0m [1mcommand.go: cmd:python[0m
[90m2025-05-28 05:40:09.145[0m [32mINF[0m [1mpath:PATH, value:/home/public/anaconda3/envs/yolo/bin/python[0m
[90m2025-05-28 05:40:09.145[0m [32mINF[0m [1mafter cmd:/home/public/anaconda3/envs/yolo/bin/python[0m
[90m2025-05-28 05:40:09.145[0m [32mINF[0m [1mruntime Name:	 T4.G6.A1.R2-01971566-1481-75a5-b505-74ec2ff53ec5 is Running[0m
[90m2025-05-28 05:40:09.146[0m [32mINF[0m [36mmodule=[0mpkg/nodelet/task/monitor/group_monitor.go:1022 [36mmsg=[0m"Handling runtime start status update"
[90m2025-05-28 05:40:09.146[0m [32mINF[0m [1mprocess id:	 2228319 is Running[0m
[90m2025-05-28 05:40:09.147[0m [32mINF[0m [36mmodule=[0mpkg/client-go/clients/typed/core/event_expansion.go:25 [36mmsg=[0m---CreateForEventSink---
[90m2025-05-28 05:40:09.150[0m [32mINF[0m [1mGet runtime start event notify, the phase:Running[0m
[90m2025-05-28 05:40:09.185[0m [32mINF[0m [1mSTART ：taskStatus:Running,groupStatus:Running, action status: Running, runtime Status: Running[0m
[90m2025-05-28 05:40:10.432[0m [32mINF[0m [1mReceive-GroupName：T6.G3-01971566-f23a-7b03-a507-54cbab597546,groupStatus:ReadyToDeploy[0m
[90m2025-05-28 05:40:10.432[0m [32mINF[0m [1mcheckResource方法：g.Status.Phase:ReadyToDeploy[0m
[90m2025-05-28 05:40:10.481[0m [32mINF[0m [1m==========================Task的Status.Phase:Running[0m
[90m2025-05-28 05:40:10.760[0m [32mINF[0m [1m****************************ashdkhaskldhklashdk****************************************[0m
[90m2025-05-28 05:40:10.761[0m [32mINF[0m [1mcommand runtime for runtime task:T6.G3.A1.R1-01971566-f23a-7b03-a507-54cbab597546[0m
[90m2025-05-28 05:40:10.761[0m [32mINF[0m [1mcommand.go: EnvVar:[{ } {PATH /home/public/anaconda3/envs/yolo/bin/python}][0m
[90m2025-05-28 05:40:10.761[0m [32mINF[0m [1mcommand.go: cmd:python[0m
[90m2025-05-28 05:40:10.761[0m [32mINF[0m [1mpath:PATH, value:/home/public/anaconda3/envs/yolo/bin/python[0m
[90m2025-05-28 05:40:10.761[0m [32mINF[0m [1mafter cmd:/home/public/anaconda3/envs/yolo/bin/python[0m
[90m2025-05-28 05:40:10.761[0m [32mINF[0m [1mruntime Name:	 T6.G3.A1.R1-01971566-f23a-7b03-a507-54cbab597546 is Running[0m
[90m2025-05-28 05:40:10.764[0m [32mINF[0m [36mmodule=[0mpkg/nodelet/task/monitor/group_monitor.go:1022 [36mmsg=[0m"Handling runtime start status update"
[90m2025-05-28 05:40:10.765[0m [32mINF[0m [1mprocess id:	 2228321 is Running[0m
[90m2025-05-28 05:40:10.765[0m [32mINF[0m [36mmodule=[0mpkg/client-go/clients/typed/core/event_expansion.go:25 [36mmsg=[0m---CreateForEventSink---
[90m2025-05-28 05:40:10.767[0m [32mINF[0m [1mGet runtime start event notify, the phase:Running[0m
[90m2025-05-28 05:40:10.781[0m [32mINF[0m [36mmodule=[0mpkg/client-go/clients/typed/core/event_expansion.go:25 [36mmsg=[0m---CreateForEventSink---
[90m2025-05-28 05:40:10.788[0m [32mINF[0m [36mmodule=[0mpkg/client-go/clients/typed/core/event_expansion.go:25 [36mmsg=[0m---CreateForEventSink---
[90m2025-05-28 05:40:10.801[0m [32mINF[0m [1mSTART ：taskStatus:Running,groupStatus:Running, action status: Running, runtime Status: Running[0m
[90m2025-05-28 05:40:10.816[0m [32mINF[0m [1mcommand T6.G1.A1.R1-01971566-f23a-7b03-a507-54cbab597546 completed[0m
[90m2025-05-28 05:40:10.817[0m [32mINF[0m [36mmodule=[0mpkg/nodelet/task/monitor/group_monitor.go:1212 [36mmsg=[0m"Handling runtime end status update"
[90m2025-05-28 05:40:10.820[0m [32mINF[0m [1mGet runtime finish event notify, the phase:Succeeded[0m
[90m2025-05-28 05:40:10.854[0m [32mINF[0m [1mruntime.Spec.Name:R1,runtime.Spec.Type:command[0m
[90m2025-05-28 05:40:10.854[0m [32mINF[0m [1mRuntime END: taskStatus:Running, groupStatus:Running, actionStatus:Running, runtimeStatus:Succeeded[0m
[90m2025-05-28 05:40:10.950[0m [32mINF[0m [36mmodule=[0mpkg/nodelet/task/monitor/group_monitor.go:666 [36mmsg=[0m****************************************1234554564**********************
[90m2025-05-28 05:40:10.950[0m [32mINF[0m [1mcommand runtime for runtime task:T6.G1.A1.R2-01971566-f23a-7b03-a507-54cbab597546[0m
[90m2025-05-28 05:40:10.950[0m [32mINF[0m [1mcommand.go: EnvVar:[{ } {PATH /home/public/anaconda3/envs/yolo/bin/python}][0m
[90m2025-05-28 05:40:10.950[0m [32mINF[0m [1mcommand.go: cmd:python[0m
[90m2025-05-28 05:40:10.950[0m [32mINF[0m [1mpath:PATH, value:/home/public/anaconda3/envs/yolo/bin/python[0m
[90m2025-05-28 05:40:10.950[0m [32mINF[0m [1mafter cmd:/home/public/anaconda3/envs/yolo/bin/python[0m
[90m2025-05-28 05:40:10.950[0m [32mINF[0m [1mruntime Name:	 T6.G1.A1.R2-01971566-f23a-7b03-a507-54cbab597546 is Running[0m
[90m2025-05-28 05:40:10.951[0m [32mINF[0m [1mprocess id:	 2228323 is Running[0m
[90m2025-05-28 05:40:10.951[0m [32mINF[0m [36mmodule=[0mpkg/client-go/clients/typed/core/event_expansion.go:25 [36mmsg=[0m---CreateForEventSink---
[90m2025-05-28 05:40:10.952[0m [32mINF[0m [36mmodule=[0mpkg/nodelet/task/monitor/group_monitor.go:1022 [36mmsg=[0m"Handling runtime start status update"
[90m2025-05-28 05:40:10.961[0m [32mINF[0m [1mGet runtime start event notify, the phase:Running[0m
[90m2025-05-28 05:40:10.995[0m [32mINF[0m [1mSTART ：taskStatus:Running,groupStatus:Running, action status: Running, runtime Status: Running[0m

image 1/2 /home/public/workspace/heongtong_yolo_linux/test_picture1.jpg: 480x640 1 infoTag, 6979.6ms
Epoch 1/300, Loss: 0.6862
Epoch 2/300, Loss: 0.6463
Epoch 3/300, Loss: 0.6111
Epoch 4/300, Loss: 0.5864
Epoch 5/300, Loss: 0.5654
Epoch 6/300, Loss: 0.5405
Epoch 7/300, Loss: 0.5197
Epoch 8/300, Loss: 0.4985
Epoch 9/300, Loss: 0.4939
Epoch 10/300, Loss: 0.4660
Epoch 11/300, Loss: 0.4481
Epoch 12/300, Loss: 0.4242
Epoch 13/300, Loss: 0.4141
Epoch 14/300, Loss: 0.3976
Epoch 15/300, Loss: 0.3787
Epoch 16/300, Loss: 0.3815
Epoch 17/300, Loss: 0.3503
Epoch 18/300, Loss: 0.3287
Epoch 19/300, Loss: 0.3204
Epoch 20/300, Loss: 0.2932
Epoch 21/300, Loss: 0.2878
Epoch 22/300, Loss: 0.2777
Epoch 23/300, Loss: 0.2504
Epoch 24/300, Loss: 0.2475
Epoch 25/300, Loss: 0.2202
Epoch 26/300, Loss: 0.2110
Epoch 27/300, Loss: 0.1951
Epoch 28/300, Loss: 0.1931
Epoch 29/300, Loss: 0.1759
Epoch 30/300, Loss: 0.1645
Epoch 31/300, Loss: 0.1568
Epoch 32/300, Loss: 0.1480
Epoch 33/300, Loss: 0.1402
Epoch 34/300, Loss: 0.1316
Epoch 35/300, Loss: 0.1288
Epoch 36/300, Loss: 0.1227
Epoch 37/300, Loss: 0.1145
Epoch 38/300, Loss: 0.1123
Epoch 39/300, Loss: 0.1022
Epoch 40/300, Loss: 0.1066
Epoch 41/300, Loss: 0.0948
Epoch 42/300, Loss: 0.0890
Epoch 43/300, Loss: 0.0872
Epoch 44/300, Loss: 0.0882
Epoch 45/300, Loss: 0.0771
Epoch 46/300, Loss: 0.0772
Epoch 47/300, Loss: 0.0761
Epoch 48/300, Loss: 0.0696
Epoch 49/300, Loss: 0.0691
Epoch 50/300, Loss: 0.0667
Epoch 51/300, Loss: 0.0653
Epoch 52/300, Loss: 0.0650
Epoch 53/300, Loss: 0.0645
Epoch 54/300, Loss: 0.0610
Epoch 55/300, Loss: 0.0592
Epoch 56/300, Loss: 0.0589
Epoch 57/300, Loss: 0.0599
Epoch 58/300, Loss: 0.0529
Epoch 59/300, Loss: 0.0591
Epoch 60/300, Loss: 0.0581
Epoch 61/300, Loss: 0.0521
Epoch 62/300, Loss: 0.0508
Epoch 63/300, Loss: 0.0468
Epoch 64/300, Loss: 0.0482
Epoch 65/300, Loss: 0.0462
Epoch 66/300, Loss: 0.0525
Epoch 67/300, Loss: 0.0466
Epoch 68/300, Loss: 0.0466
Epoch 69/300, Loss: 0.0422
Epoch 70/300, Loss: 0.0478
Epoch 71/300, Loss: 0.0433
Epoch 72/300, Loss: 0.0429
Epoch 73/300, Loss: 0.0499
Epoch 74/300, Loss: 0.0401
Epoch 75/300, Loss: 0.0400
Epoch 76/300, Loss: 0.0415
Epoch 77/300, Loss: 0.0482
Epoch 78/300, Loss: 0.0433
Epoch 79/300, Loss: 0.0416
Epoch 80/300, Loss: 0.0434
Epoch 81/300, Loss: 0.0449
Epoch 82/300, Loss: 0.0372
Epoch 83/300, Loss: 0.0393
Epoch 84/300, Loss: 0.0378
Epoch 85/300, Loss: 0.0468
Epoch 86/300, Loss: 0.0399
Epoch 87/300, Loss: 0.0364
Epoch 88/300, Loss: 0.0368
Epoch 89/300, Loss: 0.0373
Epoch 90/300, Loss: 0.0428
Epoch 91/300, Loss: 0.0411
Epoch 92/300, Loss: 0.0397
Epoch 93/300, Loss: 0.0355
Epoch 94/300, Loss: 0.0363
Epoch 95/300, Loss: 0.0387
Epoch 96/300, Loss: 0.0352
Epoch 97/300, Loss: 0.0350
Epoch 98/300, Loss: 0.0347
Epoch 99/300, Loss: 0.0424
Epoch 100/300, Loss: 0.0376
Epoch 101/300, Loss: 0.0363
Epoch 102/300, Loss: 0.0401
Epoch 103/300, Loss: 0.0322
Epoch 104/300, Loss: 0.0368
Epoch 105/300, Loss: 0.0342
Epoch 106/300, Loss: 0.0359
Epoch 107/300, Loss: 0.0360
Epoch 108/300, Loss: 0.0396
Epoch 109/300, Loss: 0.0362
Epoch 110/300, Loss: 0.0389
Epoch 111/300, Loss: 0.0352
Epoch 112/300, Loss: 0.0344
Epoch 113/300, Loss: 0.0331
Epoch 114/300, Loss: 0.0354
Epoch 115/300, Loss: 0.0331
Epoch 116/300, Loss: 0.0377
Epoch 117/300, Loss: 0.0396
Epoch 118/300, Loss: 0.0330
Epoch 119/300, Loss: 0.0324
Epoch 120/300, Loss: 0.0319
Epoch 121/300, Loss: 0.0366
Epoch 122/300, Loss: 0.0366
Epoch 123/300, Loss: 0.0318
Epoch 124/300, Loss: 0.0338
Epoch 125/300, Loss: 0.0311
Epoch 126/300, Loss: 0.0440
Epoch 127/300, Loss: 0.0307
Epoch 128/300, Loss: 0.0440
Epoch 129/300, Loss: 0.0326
Epoch 130/300, Loss: 0.0341
Epoch 131/300, Loss: 0.0369
Epoch 132/300, Loss: 0.0333
Epoch 133/300, Loss: 0.0327
Epoch 134/300, Loss: 0.0296
Epoch 135/300, Loss: 0.0324
Epoch 136/300, Loss: 0.0365
Epoch 137/300, Loss: 0.0329
Epoch 138/300, Loss: 0.0318
Epoch 139/300, Loss: 0.0342
Epoch 140/300, Loss: 0.0367
Epoch 141/300, Loss: 0.0312
Epoch 142/300, Loss: 0.0329
Epoch 143/300, Loss: 0.0374
Epoch 144/300, Loss: 0.0353
Epoch 145/300, Loss: 0.0354
Epoch 146/300, Loss: 0.0346
Epoch 147/300, Loss: 0.0325
Epoch 148/300, Loss: 0.0350
Epoch 149/300, Loss: 0.0363
Epoch 150/300, Loss: 0.0320
Epoch 151/300, Loss: 0.0305
Epoch 152/300, Loss: 0.0341
Epoch 153/300, Loss: 0.0312
Epoch 154/300, Loss: 0.0327
Epoch 155/300, Loss: 0.0362
Epoch 156/300, Loss: 0.0315
Epoch 157/300, Loss: 0.0335
Epoch 158/300, Loss: 0.0290
Epoch 159/300, Loss: 0.0326
Epoch 160/300, Loss: 0.0327
Epoch 161/300, Loss: 0.0370
Epoch 162/300, Loss: 0.0333
Epoch 163/300, Loss: 0.0361
Epoch 164/300, Loss: 0.0402
Epoch 165/300, Loss: 0.0308
Epoch 166/300, Loss: 0.0315
Epoch 167/300, Loss: 0.0304
Epoch 168/300, Loss: 0.0323
Epoch 169/300, Loss: 0.0367
Epoch 170/300, Loss: 0.0375
Epoch 171/300, Loss: 0.0308
Epoch 172/300, Loss: 0.0328
Epoch 173/300, Loss: 0.0316
Epoch 174/300, Loss: 0.0315
Epoch 175/300, Loss: 0.0324
Epoch 176/300, Loss: 0.0319
Epoch 177/300, Loss: 0.0336
Epoch 178/300, Loss: 0.0302
Epoch 179/300, Loss: 0.0294
Epoch 180/300, Loss: 0.0317
Epoch 181/300, Loss: 0.0336
Epoch 182/300, Loss: 0.0359
Epoch 183/300, Loss: 0.0378
Epoch 184/300, Loss: 0.0325
Epoch 185/300, Loss: 0.0306
Epoch 186/300, Loss: 0.0301
Epoch 187/300, Loss: 0.0308
Epoch 188/300, Loss: 0.0332
Epoch 189/300, Loss: 0.0370
Epoch 190/300, Loss: 0.0365
Epoch 191/300, Loss: 0.0364
Epoch 192/300, Loss: 0.0383
Epoch 193/300, Loss: 0.0302
Epoch 194/300, Loss: 0.0334
Epoch 195/300, Loss: 0.0336
Epoch 196/300, Loss: 0.0368
Epoch 197/300, Loss: 0.0313
Epoch 198/300, Loss: 0.0318
Epoch 199/300, Loss: 0.0331
Epoch 200/300, Loss: 0.0332
Epoch 201/300, Loss: 0.0321
Epoch 202/300, Loss: 0.0331
Epoch 203/300, Loss: 0.0370
Epoch 204/300, Loss: 0.0322
Epoch 205/300, Loss: 0.0303
Epoch 206/300, Loss: 0.0298
Epoch 207/300, Loss: 0.0302
Epoch 208/300, Loss: 0.0298
Epoch 209/300, Loss: 0.0305
Epoch 210/300, Loss: 0.0322
Epoch 211/300, Loss: 0.0295
Epoch 212/300, Loss: 0.0307
Epoch 213/300, Loss: 0.0304
Epoch 214/300, Loss: 0.0311
Epoch 215/300, Loss: 0.0315
Epoch 216/300, Loss: 0.0346
Epoch 217/300, Loss: 0.0287
Epoch 218/300, Loss: 0.0334
Epoch 219/300, Loss: 0.0322
Epoch 220/300, Loss: 0.0390
Epoch 221/300, Loss: 0.0294
Epoch 222/300, Loss: 0.0390
Epoch 223/300, Loss: 0.0303
Epoch 224/300, Loss: 0.0345
Epoch 225/300, Loss: 0.0271
Epoch 226/300, Loss: 0.0435
Epoch 227/300, Loss: 0.0321
Epoch 228/300, Loss: 0.0351
Epoch 229/300, Loss: 0.0275
Epoch 230/300, Loss: 0.0286
Epoch 231/300, Loss: 0.0334
Epoch 232/300, Loss: 0.0284
Epoch 233/300, Loss: 0.0320
Epoch 234/300, Loss: 0.0291
Epoch 235/300, Loss: 0.0315
Epoch 236/300, Loss: 0.0333
Epoch 237/300, Loss: 0.0289
Epoch 238/300, Loss: 0.0279
Epoch 239/300, Loss: 0.0287
Epoch 240/300, Loss: 0.0336
Epoch 241/300, Loss: 0.0323
Epoch 242/300, Loss: 0.0303
Epoch 243/300, Loss: 0.0323
Epoch 244/300, Loss: 0.0312
Epoch 245/300, Loss: 0.0394
Epoch 246/300, Loss: 0.0327
Epoch 247/300, Loss: 0.0324
Epoch 248/300, Loss: 0.0319
Epoch 249/300, Loss: 0.0296
Epoch 250/300, Loss: 0.0320
Epoch 251/300, Loss: 0.0302
Epoch 252/300, Loss: 0.0322
Epoch 253/300, Loss: 0.0328
Epoch 254/300, Loss: 0.0340
Epoch 255/300, Loss: 0.0401
Epoch 256/300, Loss: 0.0311
Epoch 257/300, Loss: 0.0300
Epoch 258/300, Loss: 0.0327
Epoch 259/300, Loss: 0.0359
Epoch 260/300, Loss: 0.0289
Epoch 261/300, Loss: 0.0337
Epoch 262/300, Loss: 0.0384
Epoch 263/300, Loss: 0.0331
Epoch 264/300, Loss: 0.0380
Epoch 265/300, Loss: 0.0334
Epoch 266/300, Loss: 0.0351
Epoch 267/300, Loss: 0.0299
Epoch 268/300, Loss: 0.0330
Epoch 269/300, Loss: 0.0267
Epoch 270/300, Loss: 0.0300
Epoch 271/300, Loss: 0.0319
Epoch 272/300, Loss: 0.0291
Epoch 273/300, Loss: 0.0295
Epoch 274/300, Loss: 0.0295
Epoch 275/300, Loss: 0.0290
Epoch 276/300, Loss: 0.0366
Epoch 277/300, Loss: 0.0312
Epoch 278/300, Loss: 0.0366
Epoch 279/300, Loss: 0.0282
Epoch 280/300, Loss: 0.0302
Epoch 281/300, Loss: 0.0276
Epoch 282/300, Loss: 0.0328
Epoch 283/300, Loss: 0.0442
Epoch 284/300, Loss: 0.0312
Epoch 285/300, Loss: 0.0377
Epoch 286/300, Loss: 0.0373
Epoch 287/300, Loss: 0.0311
Epoch 288/300, Loss: 0.0336
Epoch 289/300, Loss: 0.0445
Epoch 290/300, Loss: 0.0275
Epoch 291/300, Loss: 0.0324
Epoch 292/300, Loss: 0.0300
Epoch 293/300, Loss: 0.0320
Epoch 294/300, Loss: 0.0295
Epoch 295/300, Loss: 0.0346
Epoch 296/300, Loss: 0.0311
Epoch 297/300, Loss: 0.0317
Epoch 298/300, Loss: 0.0337
Epoch 299/300, Loss: 0.0259
Epoch 300/300, Loss: 0.0312
测试集准确率: 0.6727
[90m2025-05-28 05:40:34.342[0m [32mINF[0m [1mcommand T4.G6.A1.R2-01971566-1481-75a5-b505-74ec2ff53ec5 completed[0m
[90m2025-05-28 05:40:34.343[0m [32mINF[0m [36mmodule=[0mpkg/nodelet/task/monitor/group_monitor.go:1212 [36mmsg=[0m"Handling runtime end status update"
[90m2025-05-28 05:40:34.345[0m [32mINF[0m [1mGet runtime finish event notify, the phase:Succeeded[0m
[90m2025-05-28 05:40:34.359[0m [32mINF[0m [1m=======================runtimeHasSucceed:true[0m
[90m2025-05-28 05:40:34.366[0m [32mINF[0m [1m-----------------------------runtimeHasSucceed:true[0m
[90m2025-05-28 05:40:34.367[0m [32mINF[0m [36mmodule=[0mpkg/client-go/clients/typed/core/event_expansion.go:25 [36mmsg=[0m---CreateForEventSink---
[90m2025-05-28 05:40:34.380[0m [32mINF[0m [36mmodule=[0mpkg/client-go/clients/typed/core/event_expansion.go:25 [36mmsg=[0m---CreateForEventSink---
[90m2025-05-28 05:40:34.398[0m [32mINF[0m [1mruntime.Spec.Name:R2,runtime.Spec.Type:command[0m
[90m2025-05-28 05:40:34.398[0m [32mINF[0m [1mRuntime END: taskStatus:Running, groupStatus:Succeeded, actionStatus:Succeeded, runtimeStatus:Succeeded[0m
[90m2025-05-28 05:40:34.425[0m [32mINF[0m [36mmodule=[0mpkg/nodelet/task/monitor/group_monitor.go:778 [36mmsg=[0m"Move to completed queue"
[90m2025-05-28 05:40:35.749[0m [32mINF[0m [1mbrotherGroupName:T4.G4-01971566-1481-75a5-b505-74ec2ff53ec5[0m
[90m2025-05-28 05:40:35.750[0m [32mINF[0m [1mDelete group:G6[0m
[90m2025-05-28 05:40:35.750[0m [32mINF[0m [1mgroup_manager删除group：T4.G6-01971566-1481-75a5-b505-74ec2ff53ec5[0m
image 2/2 /home/public/workspace/heongtong_yolo_linux/test_picture2.jpg: 480x640 (no detections), 6577.1ms
Speed: 12.6ms preprocess, 6778.4ms inference, 25.6ms postprocess per image at shape (1, 3, 480, 640)
[90m2025-05-28 05:40:38.217[0m [32mINF[0m [1mcommand T6.G1.A1.R2-01971566-f23a-7b03-a507-54cbab597546 completed[0m
[90m2025-05-28 05:40:38.217[0m [32mINF[0m [36mmodule=[0mpkg/nodelet/task/monitor/group_monitor.go:1212 [36mmsg=[0m"Handling runtime end status update"
[90m2025-05-28 05:40:38.219[0m [32mINF[0m [1mGet runtime finish event notify, the phase:Succeeded[0m
[90m2025-05-28 05:40:38.243[0m [32mINF[0m [1m=======================runtimeHasSucceed:true[0m
[90m2025-05-28 05:40:38.252[0m [32mINF[0m [1m-----------------------------runtimeHasSucceed:true[0m
[90m2025-05-28 05:40:38.253[0m [32mINF[0m [36mmodule=[0mpkg/client-go/clients/typed/core/event_expansion.go:25 [36mmsg=[0m---CreateForEventSink---
[90m2025-05-28 05:40:38.263[0m [32mINF[0m [36mmodule=[0mpkg/client-go/clients/typed/core/event_expansion.go:25 [36mmsg=[0m---CreateForEventSink---
[90m2025-05-28 05:40:38.280[0m [32mINF[0m [1mruntime.Spec.Name:R2,runtime.Spec.Type:command[0m
[90m2025-05-28 05:40:38.280[0m [32mINF[0m [1mRuntime END: taskStatus:Running, groupStatus:Succeeded, actionStatus:Succeeded, runtimeStatus:Succeeded[0m
[90m2025-05-28 05:40:38.356[0m [32mINF[0m [36mmodule=[0mpkg/nodelet/task/monitor/group_monitor.go:778 [36mmsg=[0m"Move to completed queue"
[90m2025-05-28 05:40:38.439[0m [32mINF[0m [1mbrotherGroupName:T6.G2-01971566-f23a-7b03-a507-54cbab597546[0m
[90m2025-05-28 05:40:38.441[0m [32mINF[0m [1mDelete group:G1[0m
[90m2025-05-28 05:40:38.441[0m [32mINF[0m [1mgroup_manager删除group：T6.G1-01971566-f23a-7b03-a507-54cbab597546[0m
[90m2025-05-28 05:40:40.061[0m [32mINF[0m [1mReceive-GroupName：T4.G5-01971567-9c95-7252-8ff8-967373f8dc2f,groupStatus:ReadyToDeploy[0m
[90m2025-05-28 05:40:40.061[0m [32mINF[0m [1mcheckResource方法：g.Status.Phase:ReadyToDeploy[0m
[90m2025-05-28 05:40:40.117[0m [32mINF[0m [1m==========================Task的Status.Phase:Unknown[0m
[90m2025-05-28 05:40:40.171[0m [32mINF[0m [1m****************************ashdkhaskldhklashdk****************************************[0m
[90m2025-05-28 05:40:40.172[0m [32mINF[0m [1mcommand runtime for runtime task:T4.G5.A1.R1-01971567-9c95-7252-8ff8-967373f8dc2f[0m
[90m2025-05-28 05:40:40.172[0m [32mINF[0m [1mcommand.go: EnvVar:[{ } {PATH /home/public/anaconda3/envs/yolo/bin/python}][0m
[90m2025-05-28 05:40:40.172[0m [32mINF[0m [1mcommand.go: cmd:python[0m
[90m2025-05-28 05:40:40.172[0m [32mINF[0m [1mpath:PATH, value:/home/public/anaconda3/envs/yolo/bin/python[0m
[90m2025-05-28 05:40:40.172[0m [32mINF[0m [1mafter cmd:/home/public/anaconda3/envs/yolo/bin/python[0m
[90m2025-05-28 05:40:40.172[0m [32mINF[0m [1mruntime Name:	 T4.G5.A1.R1-01971567-9c95-7252-8ff8-967373f8dc2f is Running[0m
[90m2025-05-28 05:40:40.174[0m [32mINF[0m [36mmodule=[0mpkg/nodelet/task/monitor/group_monitor.go:1022 [36mmsg=[0m"Handling runtime start status update"
[90m2025-05-28 05:40:40.176[0m [32mINF[0m [1mprocess id:	 2228658 is Running[0m
[90m2025-05-28 05:40:40.177[0m [32mINF[0m [36mmodule=[0mpkg/client-go/clients/typed/core/event_expansion.go:25 [36mmsg=[0m---CreateForEventSink---
[90m2025-05-28 05:40:40.178[0m [32mINF[0m [1mGet runtime start event notify, the phase:Running[0m
[90m2025-05-28 05:40:40.204[0m [32mINF[0m [36mmodule=[0mpkg/client-go/clients/typed/core/event_expansion.go:25 [36mmsg=[0m---CreateForEventSink---
[90m2025-05-28 05:40:40.213[0m [32mINF[0m [36mmodule=[0mpkg/client-go/clients/typed/core/event_expansion.go:25 [36mmsg=[0m---CreateForEventSink---
[90m2025-05-28 05:40:40.230[0m [32mINF[0m [36mmodule=[0mpkg/client-go/clients/typed/core/event_expansion.go:25 [36mmsg=[0m---CreateForEventSink---
[90m2025-05-28 05:40:40.236[0m [32mINF[0m [1mSTART ：taskStatus:Running,groupStatus:Running, action status: Running, runtime Status: Running[0m
Epoch 1/5, Loss: 0.3735
Epoch 2/5, Loss: 0.1811
Epoch 3/5, Loss: 0.1352
Epoch 4/5, Loss: 0.1073
Epoch 5/5, Loss: 0.0905
测试集准确率: 0.9750
[90m2025-05-28 05:40:58.034[0m [32mINF[0m [1mcommand T6.G3.A1.R1-01971566-f23a-7b03-a507-54cbab597546 completed[0m
[90m2025-05-28 05:40:58.034[0m [32mINF[0m [36mmodule=[0mpkg/nodelet/task/monitor/group_monitor.go:1212 [36mmsg=[0m"Handling runtime end status update"
[90m2025-05-28 05:40:58.038[0m [32mINF[0m [1mGet runtime finish event notify, the phase:Succeeded[0m
[90m2025-05-28 05:40:58.091[0m [32mINF[0m [1mruntime.Spec.Name:R1,runtime.Spec.Type:command[0m
[90m2025-05-28 05:40:58.091[0m [32mINF[0m [1mRuntime END: taskStatus:Running, groupStatus:Running, actionStatus:Running, runtimeStatus:Succeeded[0m
[90m2025-05-28 05:40:58.227[0m [32mINF[0m [36mmodule=[0mpkg/nodelet/task/monitor/group_monitor.go:666 [36mmsg=[0m****************************************1234554564**********************
[90m2025-05-28 05:40:58.228[0m [32mINF[0m [1mcommand runtime for runtime task:T6.G3.A1.R2-01971566-f23a-7b03-a507-54cbab597546[0m
[90m2025-05-28 05:40:58.228[0m [32mINF[0m [1mcommand.go: EnvVar:[{ } {PATH /home/public/anaconda3/envs/yolo/bin/python}][0m
[90m2025-05-28 05:40:58.228[0m [32mINF[0m [1mcommand.go: cmd:python[0m
[90m2025-05-28 05:40:58.228[0m [32mINF[0m [1mpath:PATH, value:/home/public/anaconda3/envs/yolo/bin/python[0m
[90m2025-05-28 05:40:58.228[0m [32mINF[0m [1mafter cmd:/home/public/anaconda3/envs/yolo/bin/python[0m
[90m2025-05-28 05:40:58.228[0m [32mINF[0m [1mruntime Name:	 T6.G3.A1.R2-01971566-f23a-7b03-a507-54cbab597546 is Running[0m
[90m2025-05-28 05:40:58.232[0m [32mINF[0m [36mmodule=[0mpkg/nodelet/task/monitor/group_monitor.go:1022 [36mmsg=[0m"Handling runtime start status update"
[90m2025-05-28 05:40:58.232[0m [32mINF[0m [1mprocess id:	 2228802 is Running[0m
[90m2025-05-28 05:40:58.233[0m [32mINF[0m [36mmodule=[0mpkg/client-go/clients/typed/core/event_expansion.go:25 [36mmsg=[0m---CreateForEventSink---
[90m2025-05-28 05:40:58.234[0m [32mINF[0m [1mGet runtime start event notify, the phase:Running[0m
[90m2025-05-28 05:40:58.265[0m [32mINF[0m [1mSTART ：taskStatus:Running,groupStatus:Running, action status: Running, runtime Status: Running[0m
Epoch 1/150, Loss: 0.6472
Epoch 2/150, Loss: 0.5503
Epoch 3/150, Loss: 0.4877
Epoch 4/150, Loss: 0.4620
Epoch 5/150, Loss: 0.4485
Epoch 6/150, Loss: 0.4460
Epoch 7/150, Loss: 0.4328
Epoch 8/150, Loss: 0.4313
Epoch 9/150, Loss: 0.4262
Epoch 10/150, Loss: 0.4256
Epoch 11/150, Loss: 0.4248
Epoch 12/150, Loss: 0.4217
Epoch 13/150, Loss: 0.4260
Epoch 14/150, Loss: 0.4161
Epoch 15/150, Loss: 0.4121
Epoch 16/150, Loss: 0.4027
Epoch 17/150, Loss: 0.4067
Epoch 18/150, Loss: 0.4022
Epoch 19/150, Loss: 0.3975
Epoch 20/150, Loss: 0.3980
Epoch 21/150, Loss: 0.3997
Epoch 22/150, Loss: 0.3890
Epoch 23/150, Loss: 0.3935
Epoch 24/150, Loss: 0.3848
Epoch 25/150, Loss: 0.3839
Epoch 26/150, Loss: 0.3788
Epoch 27/150, Loss: 0.3807
Epoch 28/150, Loss: 0.3726
Epoch 29/150, Loss: 0.3748
Epoch 30/150, Loss: 0.3700
Epoch 31/150, Loss: 0.3677
Epoch 32/150, Loss: 0.3732
Epoch 33/150, Loss: 0.3643
Epoch 34/150, Loss: 0.3571
Epoch 35/150, Loss: 0.3548
Epoch 36/150, Loss: 0.3543
Epoch 37/150, Loss: 0.3595
Epoch 38/150, Loss: 0.3499
Epoch 39/150, Loss: 0.3512
Epoch 40/150, Loss: 0.3483
Epoch 41/150, Loss: 0.3518
Epoch 42/150, Loss: 0.3438
Epoch 43/150, Loss: 0.3350
Epoch 44/150, Loss: 0.3373
Epoch 45/150, Loss: 0.3354
Epoch 46/150, Loss: 0.3350
Epoch 47/150, Loss: 0.3366
Epoch 48/150, Loss: 0.3255
Epoch 49/150, Loss: 0.3265
Epoch 50/150, Loss: 0.3200
Epoch 51/150, Loss: 0.3201
Epoch 52/150, Loss: 0.3169
Epoch 53/150, Loss: 0.3153
Epoch 54/150, Loss: 0.3125
Epoch 55/150, Loss: 0.3162
Epoch 56/150, Loss: 0.3120
Epoch 57/150, Loss: 0.3103
Epoch 58/150, Loss: 0.3080
Epoch 59/150, Loss: 0.3010
Epoch 60/150, Loss: 0.3008
Epoch 61/150, Loss: 0.3014
Epoch 62/150, Loss: 0.2976
Epoch 63/150, Loss: 0.3041
Epoch 64/150, Loss: 0.2965
Epoch 65/150, Loss: 0.2909
Epoch 66/150, Loss: 0.2919
Epoch 67/150, Loss: 0.2869
Epoch 68/150, Loss: 0.2813
Epoch 69/150, Loss: 0.2822
Epoch 70/150, Loss: 0.2810
Epoch 71/150, Loss: 0.2774
Epoch 72/150, Loss: 0.2785
Epoch 73/150, Loss: 0.2745
Epoch 74/150, Loss: 0.2752
Epoch 75/150, Loss: 0.2710
Epoch 76/150, Loss: 0.2722
Epoch 77/150, Loss: 0.2669
Epoch 78/150, Loss: 0.2647
Epoch 79/150, Loss: 0.2692
Epoch 80/150, Loss: 0.2611
Epoch 81/150, Loss: 0.2594
Epoch 82/150, Loss: 0.2583
Epoch 83/150, Loss: 0.2567
Epoch 84/150, Loss: 0.2521
Epoch 85/150, Loss: 0.2454
Epoch 86/150, Loss: 0.2470
Epoch 87/150, Loss: 0.2402
Epoch 88/150, Loss: 0.2475
Epoch 89/150, Loss: 0.2452
Epoch 90/150, Loss: 0.2346
Epoch 91/150, Loss: 0.2414
Epoch 92/150, Loss: 0.2344
Epoch 93/150, Loss: 0.2346
Epoch 94/150, Loss: 0.2434
Epoch 95/150, Loss: 0.2327
Epoch 96/150, Loss: 0.2276
Epoch 97/150, Loss: 0.2268
Epoch 98/150, Loss: 0.2290
Epoch 99/150, Loss: 0.2285
Epoch 100/150, Loss: 0.2192
Epoch 101/150, Loss: 0.2266
Epoch 102/150, Loss: 0.2190
Epoch 103/150, Loss: 0.2160
Epoch 104/150, Loss: 0.2078
Epoch 105/150, Loss: 0.2140
Epoch 106/150, Loss: 0.2113
Epoch 107/150, Loss: 0.2117
Epoch 108/150, Loss: 0.2210
Epoch 109/150, Loss: 0.2070
Epoch 110/150, Loss: 0.2020
Epoch 111/150, Loss: 0.1997
Epoch 112/150, Loss: 0.2005
Epoch 113/150, Loss: 0.2007
Epoch 114/150, Loss: 0.1933
Epoch 115/150, Loss: 0.1881
Epoch 116/150, Loss: 0.1917
Epoch 117/150, Loss: 0.1896
Epoch 118/150, Loss: 0.1945
Epoch 119/150, Loss: 0.1845
Epoch 120/150, Loss: 0.1853
Epoch 121/150, Loss: 0.1879
Epoch 122/150, Loss: 0.1807
Epoch 123/150, Loss: 0.1798
Epoch 124/150, Loss: 0.1795
Epoch 125/150, Loss: 0.1773
Epoch 126/150, Loss: 0.1722
Epoch 127/150, Loss: 0.1808
Epoch 128/150, Loss: 0.1724
Epoch 129/150, Loss: 0.1716
Epoch 130/150, Loss: 0.1676
Epoch 131/150, Loss: 0.1741
Epoch 132/150, Loss: 0.1684
Epoch 133/150, Loss: 0.1622
Epoch 134/150, Loss: 0.1676
Epoch 135/150, Loss: 0.1564
Epoch 136/150, Loss: 0.1569
Epoch 137/150, Loss: 0.1502
Epoch 138/150, Loss: 0.1556
Epoch 139/150, Loss: 0.1546
Epoch 140/150, Loss: 0.1490
Epoch 141/150, Loss: 0.1477
Epoch 142/150, Loss: 0.1445
Epoch 143/150, Loss: 0.1418
Epoch 144/150, Loss: 0.1422
Epoch 145/150, Loss: 0.1407
Epoch 146/150, Loss: 0.1422
Epoch 147/150, Loss: 0.1379
Epoch 148/150, Loss: 0.1440
Epoch 149/150, Loss: 0.1379
Epoch 150/150, Loss: 0.1324
测试集准确率: 0.6948
[90m2025-05-28 05:41:12.714[0m [32mINF[0m [1mcommand T4.G5.A1.R1-01971567-9c95-7252-8ff8-967373f8dc2f completed[0m
[90m2025-05-28 05:41:12.714[0m [32mINF[0m [36mmodule=[0mpkg/nodelet/task/monitor/group_monitor.go:1212 [36mmsg=[0m"Handling runtime end status update"
[90m2025-05-28 05:41:12.717[0m [32mINF[0m [1mGet runtime finish event notify, the phase:Succeeded[0m
[90m2025-05-28 05:41:12.767[0m [32mINF[0m [1mruntime.Spec.Name:R1,runtime.Spec.Type:command[0m
[90m2025-05-28 05:41:12.767[0m [32mINF[0m [1mRuntime END: taskStatus:Running, groupStatus:Running, actionStatus:Running, runtimeStatus:Succeeded[0m
[90m2025-05-28 05:41:12.776[0m [32mINF[0m [36mmodule=[0mpkg/nodelet/task/monitor/group_monitor.go:666 [36mmsg=[0m****************************************1234554564**********************
[90m2025-05-28 05:41:12.776[0m [32mINF[0m [1mcommand runtime for runtime task:T4.G5.A1.R2-01971567-9c95-7252-8ff8-967373f8dc2f[0m
[90m2025-05-28 05:41:12.777[0m [32mINF[0m [1mcommand.go: EnvVar:[{ } {PATH /home/public/anaconda3/envs/yolo/bin/python}][0m
[90m2025-05-28 05:41:12.777[0m [32mINF[0m [1mcommand.go: cmd:python[0m
[90m2025-05-28 05:41:12.777[0m [32mINF[0m [1mpath:PATH, value:/home/public/anaconda3/envs/yolo/bin/python[0m
[90m2025-05-28 05:41:12.777[0m [32mINF[0m [1mafter cmd:/home/public/anaconda3/envs/yolo/bin/python[0m
[90m2025-05-28 05:41:12.777[0m [32mINF[0m [1mruntime Name:	 T4.G5.A1.R2-01971567-9c95-7252-8ff8-967373f8dc2f is Running[0m
[90m2025-05-28 05:41:12.778[0m [32mINF[0m [36mmodule=[0mpkg/nodelet/task/monitor/group_monitor.go:1022 [36mmsg=[0m"Handling runtime start status update"
[90m2025-05-28 05:41:12.778[0m [32mINF[0m [36mmodule=[0mpkg/client-go/clients/typed/core/event_expansion.go:25 [36mmsg=[0m---CreateForEventSink---
[90m2025-05-28 05:41:12.779[0m [32mINF[0m [1mprocess id:	 2229029 is Running[0m
[90m2025-05-28 05:41:12.780[0m [32mINF[0m [1mGet runtime start event notify, the phase:Running[0m
[90m2025-05-28 05:41:12.817[0m [32mINF[0m [1mSTART ：taskStatus:Running,groupStatus:Running, action status: Running, runtime Status: Running[0m
[90m2025-05-28 05:41:35.325[0m [32mINF[0m [1mReceive-GroupName：T5.G1-01971568-281e-74ab-86cd-eb7a5942a3b9,groupStatus:ReadyToDeploy[0m
[90m2025-05-28 05:41:35.326[0m [32mINF[0m [1mcheckResource方法：g.Status.Phase:ReadyToDeploy[0m
[90m2025-05-28 05:41:35.403[0m [32mINF[0m [1m==========================Task的Status.Phase:Running[0m
[90m2025-05-28 05:41:35.795[0m [32mINF[0m [1m****************************ashdkhaskldhklashdk****************************************[0m
[90m2025-05-28 05:41:35.795[0m [32mINF[0m [1mcommand runtime for runtime task:T5.G1.A1.R1-01971568-281e-74ab-86cd-eb7a5942a3b9[0m
[90m2025-05-28 05:41:35.796[0m [32mINF[0m [1mcommand.go: EnvVar:[{ } {PATH /home/public/anaconda3/envs/yolo/bin/python}][0m
[90m2025-05-28 05:41:35.796[0m [32mINF[0m [1mcommand.go: cmd:python[0m
[90m2025-05-28 05:41:35.796[0m [32mINF[0m [1mpath:PATH, value:/home/public/anaconda3/envs/yolo/bin/python[0m
[90m2025-05-28 05:41:35.796[0m [32mINF[0m [1mafter cmd:/home/public/anaconda3/envs/yolo/bin/python[0m
[90m2025-05-28 05:41:35.796[0m [32mINF[0m [1mruntime Name:	 T5.G1.A1.R1-01971568-281e-74ab-86cd-eb7a5942a3b9 is Running[0m
[90m2025-05-28 05:41:35.798[0m [32mINF[0m [36mmodule=[0mpkg/nodelet/task/monitor/group_monitor.go:1022 [36mmsg=[0m"Handling runtime start status update"
[90m2025-05-28 05:41:35.798[0m [32mINF[0m [1mprocess id:	 2229139 is Running[0m
[90m2025-05-28 05:41:35.799[0m [32mINF[0m [36mmodule=[0mpkg/client-go/clients/typed/core/event_expansion.go:25 [36mmsg=[0m---CreateForEventSink---
[90m2025-05-28 05:41:35.800[0m [32mINF[0m [1mGet runtime start event notify, the phase:Running[0m
[90m2025-05-28 05:41:35.822[0m [32mINF[0m [36mmodule=[0mpkg/client-go/clients/typed/core/event_expansion.go:25 [36mmsg=[0m---CreateForEventSink---
[90m2025-05-28 05:41:35.833[0m [32mINF[0m [36mmodule=[0mpkg/client-go/clients/typed/core/event_expansion.go:25 [36mmsg=[0m---CreateForEventSink---
[90m2025-05-28 05:41:35.859[0m [32mINF[0m [1mSTART ：taskStatus:Running,groupStatus:Running, action status: Running, runtime Status: Running[0m
New https://pypi.org/project/ultralytics/8.3.146 available 😃 Update with 'pip install -U ultralytics'
Ultralytics 8.3.105 🚀 Python-3.10.16 torch-2.5.1 CPU (Common KVM processor)
[34m[1mengine/trainer: [0mtask=segment, mode=train, model=/home/public/workspace/heongtong_yolo_linux/yolo11x-seg.pt, data=/home/public/workspace/heongtong_yolo_linux/segment_train.yaml, epochs=100, time=None, patience=100, batch=2, imgsz=640, save=True, save_period=-1, cache=False, device=cpu, workers=0, project=None, name=train, exist_ok=False, pretrained=True, optimizer=auto, verbose=True, seed=0, deterministic=True, single_cls=False, rect=False, cos_lr=False, close_mosaic=10, resume=False, amp=True, fraction=1.0, profile=False, freeze=None, multi_scale=False, overlap_mask=True, mask_ratio=4, dropout=0.0, val=True, split=val, save_json=False, conf=None, iou=0.7, max_det=300, half=False, dnn=False, plots=True, source=None, vid_stride=1, stream_buffer=False, visualize=False, augment=False, agnostic_nms=False, classes=None, retina_masks=False, embed=None, show=False, save_frames=False, save_txt=False, save_conf=False, save_crop=False, show_labels=True, show_conf=True, show_boxes=True, line_width=None, format=torchscript, keras=False, optimize=False, int8=False, dynamic=False, simplify=True, opset=None, workspace=None, nms=False, lr0=0.01, lrf=0.01, momentum=0.937, weight_decay=0.0005, warmup_epochs=3.0, warmup_momentum=0.8, warmup_bias_lr=0.1, box=7.5, cls=0.5, dfl=1.5, pose=12.0, kobj=1.0, nbs=64, hsv_h=0.015, hsv_s=0.7, hsv_v=0.4, degrees=0.0, translate=0.1, scale=0.5, shear=0.0, perspective=0.0, flipud=0.0, fliplr=0.5, bgr=0.0, mosaic=1.0, mixup=0.0, copy_paste=0.0, copy_paste_mode=flip, auto_augment=randaugment, erasing=0.4, crop_fraction=1.0, cfg=None, tracker=botsort.yaml, save_dir=runs/segment/train
Overriding model.yaml nc=80 with nc=1

                   from  n    params  module                                       arguments                     
  0                  -1  1      2784  ultralytics.nn.modules.conv.Conv             [3, 96, 3, 2]                 
  1                  -1  1    166272  ultralytics.nn.modules.conv.Conv             [96, 192, 3, 2]               
  2                  -1  2    389760  ultralytics.nn.modules.block.C3k2            [192, 384, 2, True, 0.25]     
  3                  -1  1   1327872  ultralytics.nn.modules.conv.Conv             [384, 384, 3, 2]              
  4                  -1  2   1553664  ultralytics.nn.modules.block.C3k2            [384, 768, 2, True, 0.25]     
  5                  -1  1   5309952  ultralytics.nn.modules.conv.Conv             [768, 768, 3, 2]              
  6                  -1  2   5022720  ultralytics.nn.modules.block.C3k2            [768, 768, 2, True]           
  7                  -1  1   5309952  ultralytics.nn.modules.conv.Conv             [768, 768, 3, 2]              
  8                  -1  2   5022720  ultralytics.nn.modules.block.C3k2            [768, 768, 2, True]           
  9                  -1  1   1476864  ultralytics.nn.modules.block.SPPF            [768, 768, 5]                 
 10                  -1  2   3264768  ultralytics.nn.modules.block.C2PSA           [768, 768, 2]                 
 11                  -1  1         0  torch.nn.modules.upsampling.Upsample         [None, 2, 'nearest']          
 12             [-1, 6]  1         0  ultralytics.nn.modules.conv.Concat           [1]                           
 13                  -1  2   5612544  ultralytics.nn.modules.block.C3k2            [1536, 768, 2, True]          
 14                  -1  1         0  torch.nn.modules.upsampling.Upsample         [None, 2, 'nearest']          
 15             [-1, 4]  1         0  ultralytics.nn.modules.conv.Concat           [1]                           
 16                  -1  2   1700352  ultralytics.nn.modules.block.C3k2            [1536, 384, 2, True]          
 17                  -1  1   1327872  ultralytics.nn.modules.conv.Conv             [384, 384, 3, 2]              
 18            [-1, 13]  1         0  ultralytics.nn.modules.conv.Concat           [1]                           
 19                  -1  2   5317632  ultralytics.nn.modules.block.C3k2            [1152, 768, 2, True]          
 20                  -1  1   5309952  ultralytics.nn.modules.conv.Conv             [768, 768, 3, 2]              
 21            [-1, 10]  1         0  ultralytics.nn.modules.conv.Concat           [1]                           
 22                  -1  2   5612544  ultralytics.nn.modules.block.C3k2            [1536, 768, 2, True]          
 23        [16, 19, 22]  1   8323187  ultralytics.nn.modules.head.Segment          [1, 32, 384, [384, 768, 768]] 
[W528 05:41:44.174329795 NNPACK.cpp:61] Could not initialize NNPACK! Reason: Unsupported hardware.
YOLO11x-seg summary: 379 layers, 62,051,411 parameters, 62,051,395 gradients

Transferred 1071/1077 items from pretrained weights
Freezing layer 'model.23.dfl.conv.weight'
[34m[1mtrain: [0mScanning /home/public/workspace/heongtong_yolo_linux/标签数据集/train/labels.cache... 136 images, 0 backgrounds, 0 corrupt: 100%|██████████| 136/136 [00:00<?, ?it/s][34m[1mtrain: [0mScanning /home/public/workspace/heongtong_yolo_linux/标签数据集/train/labels.cache... 136 images, 0 backgrounds, 0 corrupt: 100%|██████████| 136/136 [00:00<?, ?it/s]
[34m[1mval: [0mScanning /home/public/workspace/heongtong_yolo_linux/标签数据集/valid/labels.cache... 17 images, 0 backgrounds, 0 corrupt: 100%|██████████| 17/17 [00:00<?, ?it/s][34m[1mval: [0mScanning /home/public/workspace/heongtong_yolo_linux/标签数据集/valid/labels.cache... 17 images, 0 backgrounds, 0 corrupt: 100%|██████████| 17/17 [00:00<?, ?it/s]
Plotting labels to runs/segment/train/labels.jpg... 
[34m[1moptimizer:[0m 'optimizer=auto' found, ignoring 'lr0=0.01' and 'momentum=0.937' and determining best 'optimizer', 'lr0' and 'momentum' automatically... 
[34m[1moptimizer:[0m AdamW(lr=0.002, momentum=0.9) with parameter groups 176 weight(decay=0.0), 187 weight(decay=0.0005), 186 bias(decay=0.0)
Image sizes 640 train, 640 val
Using 0 dataloader workers
Logging results to [1mruns/segment/train[0m
Starting training for 100 epochs...

      Epoch    GPU_mem   box_loss   seg_loss   cls_loss   dfl_loss  Instances       Size
  0%|          | 0/68 [00:00<?, ?it/s][90m2025-05-28 05:41:58.160[0m [32mINF[0m [1mReceive-GroupName：T5.G1-01971568-aa69-78f1-938f-6f0456f5364d,groupStatus:ReadyToDeploy[0m
[90m2025-05-28 05:41:58.161[0m [32mINF[0m [1mcheckResource方法：g.Status.Phase:ReadyToDeploy[0m
[90m2025-05-28 05:41:58.236[0m [32mINF[0m [1m==========================Task的Status.Phase:Running[0m
[90m2025-05-28 05:41:58.333[0m [32mINF[0m [1m****************************ashdkhaskldhklashdk****************************************[0m
[90m2025-05-28 05:41:58.333[0m [32mINF[0m [1mcommand runtime for runtime task:T5.G1.A1.R1-01971568-aa69-78f1-938f-6f0456f5364d[0m
[90m2025-05-28 05:41:58.333[0m [32mINF[0m [1mcommand.go: EnvVar:[{ } {PATH /home/public/anaconda3/envs/yolo/bin/python}][0m
[90m2025-05-28 05:41:58.334[0m [32mINF[0m [1mcommand.go: cmd:python[0m
[90m2025-05-28 05:41:58.334[0m [32mINF[0m [1mpath:PATH, value:/home/public/anaconda3/envs/yolo/bin/python[0m
[90m2025-05-28 05:41:58.334[0m [32mINF[0m [1mafter cmd:/home/public/anaconda3/envs/yolo/bin/python[0m
[90m2025-05-28 05:41:58.334[0m [32mINF[0m [1mruntime Name:	 T5.G1.A1.R1-01971568-aa69-78f1-938f-6f0456f5364d is Running[0m
[90m2025-05-28 05:41:58.335[0m [32mINF[0m [1mprocess id:	 2229495 is Running[0m
[90m2025-05-28 05:41:58.335[0m [32mINF[0m [36mmodule=[0mpkg/client-go/clients/typed/core/event_expansion.go:25 [36mmsg=[0m---CreateForEventSink---
[90m2025-05-28 05:41:58.336[0m [32mINF[0m [36mmodule=[0mpkg/nodelet/task/monitor/group_monitor.go:1022 [36mmsg=[0m"Handling runtime start status update"
[90m2025-05-28 05:41:58.342[0m [32mINF[0m [1mGet runtime start event notify, the phase:Running[0m
[90m2025-05-28 05:41:58.357[0m [32mINF[0m [36mmodule=[0mpkg/client-go/clients/typed/core/event_expansion.go:25 [36mmsg=[0m---CreateForEventSink---
[90m2025-05-28 05:41:58.366[0m [32mINF[0m [36mmodule=[0mpkg/client-go/clients/typed/core/event_expansion.go:25 [36mmsg=[0m---CreateForEventSink---
[90m2025-05-28 05:41:58.409[0m [32mINF[0m [1mSTART ：taskStatus:Running,groupStatus:Running, action status: Running, runtime Status: Running[0m
Epoch 1/150, Loss: 0.6613
Epoch 2/150, Loss: 0.5688
Epoch 3/150, Loss: 0.4921
Epoch 4/150, Loss: 0.4650
Epoch 5/150, Loss: 0.4572
Epoch 6/150, Loss: 0.4482
Epoch 7/150, Loss: 0.4483
Epoch 8/150, Loss: 0.4364
Epoch 9/150, Loss: 0.4318
Epoch 10/150, Loss: 0.4341
Epoch 11/150, Loss: 0.4357
Epoch 12/150, Loss: 0.4306
Epoch 13/150, Loss: 0.4324
Epoch 14/150, Loss: 0.4175
Epoch 15/150, Loss: 0.4193
Epoch 16/150, Loss: 0.4127
Epoch 17/150, Loss: 0.4119
Epoch 18/150, Loss: 0.4118
Epoch 19/150, Loss: 0.4071
Epoch 20/150, Loss: 0.4046
Epoch 21/150, Loss: 0.4045
Epoch 22/150, Loss: 0.4005
Epoch 23/150, Loss: 0.3990
Epoch 24/150, Loss: 0.4008
Epoch 25/150, Loss: 0.3905
Epoch 26/150, Loss: 0.3965
Epoch 27/150, Loss: 0.3903
Epoch 28/150, Loss: 0.3873
Epoch 29/150, Loss: 0.3862
Epoch 30/150, Loss: 0.3834
Epoch 31/150, Loss: 0.3858
Epoch 32/150, Loss: 0.3836
Epoch 33/150, Loss: 0.3760
Epoch 34/150, Loss: 0.3818
Epoch 35/150, Loss: 0.3729
Epoch 36/150, Loss: 0.3767
Epoch 37/150, Loss: 0.3697
Epoch 38/150, Loss: 0.3767
Epoch 39/150, Loss: 0.3710
Epoch 40/150, Loss: 0.3648
Epoch 41/150, Loss: 0.3643
Epoch 42/150, Loss: 0.3597
Epoch 43/150, Loss: 0.3620
Epoch 44/150, Loss: 0.3630
Epoch 45/150, Loss: 0.3601
Epoch 46/150, Loss: 0.3576
Epoch 47/150, Loss: 0.3533
Epoch 48/150, Loss: 0.3592
Epoch 49/150, Loss: 0.3494
Epoch 50/150, Loss: 0.3497
Epoch 51/150, Loss: 0.3425
Epoch 52/150, Loss: 0.3475
Epoch 53/150, Loss: 0.3419
Epoch 54/150, Loss: 0.3372
Epoch 55/150, Loss: 0.3336
Epoch 56/150, Loss: 0.3369
Epoch 57/150, Loss: 0.3289
Epoch 58/150, Loss: 0.3319
Epoch 59/150, Loss: 0.3293
Epoch 60/150, Loss: 0.3331
Epoch 61/150, Loss: 0.3255
Epoch 62/150, Loss: 0.3204
Epoch 63/150, Loss: 0.3145
Epoch 64/150, Loss: 0.3203
Epoch 65/150, Loss: 0.3147
Epoch 66/150, Loss: 0.3154
Epoch 67/150, Loss: 0.3184
Epoch 68/150, Loss: 0.3171
Epoch 69/150, Loss: 0.3153
Epoch 70/150, Loss: 0.3076
Epoch 71/150, Loss: 0.3012
Epoch 72/150, Loss: 0.3025
Epoch 73/150, Loss: 0.3017
Epoch 74/150, Loss: 0.2929
Epoch 75/150, Loss: 0.2895
Epoch 76/150, Loss: 0.2863
Epoch 77/150, Loss: 0.2835
Epoch 78/150, Loss: 0.2797
Epoch 79/150, Loss: 0.2773
Epoch 80/150, Loss: 0.2803
Epoch 81/150, Loss: 0.2719
Epoch 82/150, Loss: 0.2690
Epoch 83/150, Loss: 0.2747
Epoch 84/150, Loss: 0.2709
Epoch 85/150, Loss: 0.2596
Epoch 86/150, Loss: 0.2643
Epoch 87/150, Loss: 0.2561
Epoch 88/150, Loss: 0.2705
Epoch 89/150, Loss: 0.2509
Epoch 90/150, Loss: 0.2526
Epoch 91/150, Loss: 0.2485
Epoch 92/150, Loss: 0.2453
Epoch 93/150, Loss: 0.2444
Epoch 94/150, Loss: 0.2428
Epoch 95/150, Loss: 0.2362
Epoch 96/150, Loss: 0.2378
Epoch 97/150, Loss: 0.2309
Epoch 98/150, Loss: 0.2318
Epoch 99/150, Loss: 0.2297
Epoch 100/150, Loss: 0.2287
Epoch 101/150, Loss: 0.2223
Epoch 102/150, Loss: 0.2224
Epoch 103/150, Loss: 0.2175
Epoch 104/150, Loss: 0.2225
Epoch 105/150, Loss: 0.2148
Epoch 106/150, Loss: 0.2195
Epoch 107/150, Loss: 0.2070
Epoch 108/150, Loss: 0.2066
Epoch 109/150, Loss: 0.2091
Epoch 110/150, Loss: 0.2084
Epoch 111/150, Loss: 0.2022
Epoch 112/150, Loss: 0.1974
Epoch 113/150, Loss: 0.1976
Epoch 114/150, Loss: 0.1961
Epoch 115/150, Loss: 0.1953
Epoch 116/150, Loss: 0.1910
Epoch 117/150, Loss: 0.1897
Epoch 118/150, Loss: 0.1883
Epoch 119/150, Loss: 0.1913
Epoch 120/150, Loss: 0.1905
Epoch 121/150, Loss: 0.1870
Epoch 122/150, Loss: 0.1792
Epoch 123/150, Loss: 0.1793
Epoch 124/150, Loss: 0.1799
Epoch 125/150, Loss: 0.1749
Epoch 126/150, Loss: 0.1707
Epoch 127/150, Loss: 0.1711
Epoch 128/150, Loss: 0.1722
Epoch 129/150, Loss: 0.1669
Epoch 130/150, Loss: 0.1642
Epoch 131/150, Loss: 0.1652
Epoch 132/150, Loss: 0.1597
Epoch 133/150, Loss: 0.1615
Epoch 134/150, Loss: 0.1526
Epoch 135/150, Loss: 0.1615
Epoch 136/150, Loss: 0.1616
Epoch 137/150, Loss: 0.1522
Epoch 138/150, Loss: 0.1515
Epoch 139/150, Loss: 0.1490
Epoch 140/150, Loss: 0.1508
Epoch 141/150, Loss: 0.1408
Epoch 142/150, Loss: 0.1430
Epoch 143/150, Loss: 0.1390
Epoch 144/150, Loss: 0.1416
Epoch 145/150, Loss: 0.1432
Epoch 146/150, Loss: 0.1477
Epoch 147/150, Loss: 0.1369
Epoch 148/150, Loss: 0.1386
Epoch 149/150, Loss: 0.1315
Epoch 150/150, Loss: 0.1319
测试集准确率: 0.6883
Epoch 1/5, Loss: 0.3787
Epoch 2/5, Loss: 0.1818
Epoch 3/5, Loss: 0.1324
Epoch 4/5, Loss: 0.1092
Epoch 5/5, Loss: 0.0922
测试集准确率: 0.9731
[90m2025-05-28 05:42:00.080[0m [32mINF[0m [1mcommand T4.G5.A1.R2-01971567-9c95-7252-8ff8-967373f8dc2f completed[0m
[90m2025-05-28 05:42:00.080[0m [32mINF[0m [36mmodule=[0mpkg/nodelet/task/monitor/group_monitor.go:1212 [36mmsg=[0m"Handling runtime end status update"
[90m2025-05-28 05:42:00.083[0m [32mINF[0m [1mGet runtime finish event notify, the phase:Succeeded[0m
[90m2025-05-28 05:42:00.094[0m [32mINF[0m [1m=======================runtimeHasSucceed:true[0m
[90m2025-05-28 05:42:00.103[0m [32mINF[0m [1m-----------------------------runtimeHasSucceed:true[0m
[90m2025-05-28 05:42:00.104[0m [32mINF[0m [36mmodule=[0mpkg/client-go/clients/typed/core/event_expansion.go:25 [36mmsg=[0m---CreateForEventSink---
[90m2025-05-28 05:42:00.112[0m [32mINF[0m [36mmodule=[0mpkg/client-go/clients/typed/core/event_expansion.go:25 [36mmsg=[0m---CreateForEventSink---
[90m2025-05-28 05:42:00.139[0m [32mINF[0m [1mruntime.Spec.Name:R2,runtime.Spec.Type:command[0m
[90m2025-05-28 05:42:00.139[0m [32mINF[0m [1mRuntime END: taskStatus:Running, groupStatus:Succeeded, actionStatus:Succeeded, runtimeStatus:Succeeded[0m
[90m2025-05-28 05:42:00.184[0m [32mINF[0m [36mmodule=[0mpkg/nodelet/task/monitor/group_monitor.go:778 [36mmsg=[0m"Move to completed queue"
[90m2025-05-28 05:42:00.345[0m [32mINF[0m [1mcommand T5.G1.A1.R1-01971568-281e-74ab-86cd-eb7a5942a3b9 completed[0m
[90m2025-05-28 05:42:00.346[0m [32mINF[0m [36mmodule=[0mpkg/nodelet/task/monitor/group_monitor.go:1212 [36mmsg=[0m"Handling runtime end status update"
[90m2025-05-28 05:42:00.349[0m [32mINF[0m [1mGet runtime finish event notify, the phase:Succeeded[0m
[90m2025-05-28 05:42:00.398[0m [32mINF[0m [1mruntime.Spec.Name:R1,runtime.Spec.Type:command[0m
[90m2025-05-28 05:42:00.398[0m [32mINF[0m [1mRuntime END: taskStatus:Running, groupStatus:Running, actionStatus:Running, runtimeStatus:Succeeded[0m
[90m2025-05-28 05:42:00.570[0m [32mINF[0m [36mmodule=[0mpkg/nodelet/task/monitor/group_monitor.go:666 [36mmsg=[0m****************************************1234554564**********************
[90m2025-05-28 05:42:00.570[0m [32mINF[0m [1mcommand runtime for runtime task:T5.G1.A1.R2-01971568-281e-74ab-86cd-eb7a5942a3b9[0m
[90m2025-05-28 05:42:00.570[0m [32mINF[0m [1mcommand.go: EnvVar:[{ } {PATH /home/public/anaconda3/envs/yolo/bin/python}][0m
[90m2025-05-28 05:42:00.570[0m [32mINF[0m [1mcommand.go: cmd:python[0m
[90m2025-05-28 05:42:00.570[0m [32mINF[0m [1mpath:PATH, value:/home/public/anaconda3/envs/yolo/bin/python[0m
[90m2025-05-28 05:42:00.570[0m [32mINF[0m [1mafter cmd:/home/public/anaconda3/envs/yolo/bin/python[0m
[90m2025-05-28 05:42:00.570[0m [32mINF[0m [1mruntime Name:	 T5.G1.A1.R2-01971568-281e-74ab-86cd-eb7a5942a3b9 is Running[0m
[90m2025-05-28 05:42:00.572[0m [32mINF[0m [1mprocess id:	 2229504 is Running[0m
[90m2025-05-28 05:42:00.572[0m [32mINF[0m [36mmodule=[0mpkg/client-go/clients/typed/core/event_expansion.go:25 [36mmsg=[0m---CreateForEventSink---
[90m2025-05-28 05:42:00.572[0m [32mINF[0m [36mmodule=[0mpkg/nodelet/task/monitor/group_monitor.go:1022 [36mmsg=[0m"Handling runtime start status update"
[90m2025-05-28 05:42:00.575[0m [32mINF[0m [1mGet runtime start event notify, the phase:Running[0m
[90m2025-05-28 05:42:00.606[0m [32mINF[0m [1mSTART ：taskStatus:Running,groupStatus:Running, action status: Running, runtime Status: Running[0m
[90m2025-05-28 05:42:00.685[0m [32mINF[0m [1mcommand T6.G3.A1.R2-01971566-f23a-7b03-a507-54cbab597546 completed[0m
[90m2025-05-28 05:42:00.685[0m [32mINF[0m [36mmodule=[0mpkg/nodelet/task/monitor/group_monitor.go:1212 [36mmsg=[0m"Handling runtime end status update"
[90m2025-05-28 05:42:00.690[0m [32mINF[0m [1mGet runtime finish event notify, the phase:Succeeded[0m
[90m2025-05-28 05:42:00.711[0m [32mINF[0m [1m=======================runtimeHasSucceed:true[0m
[90m2025-05-28 05:42:00.720[0m [32mINF[0m [1m-----------------------------runtimeHasSucceed:true[0m
[90m2025-05-28 05:42:00.721[0m [32mINF[0m [36mmodule=[0mpkg/client-go/clients/typed/core/event_expansion.go:25 [36mmsg=[0m---CreateForEventSink---
[90m2025-05-28 05:42:00.733[0m [32mINF[0m [36mmodule=[0mpkg/client-go/clients/typed/core/event_expansion.go:25 [36mmsg=[0m---CreateForEventSink---
[90m2025-05-28 05:42:00.761[0m [32mINF[0m [1mruntime.Spec.Name:R2,runtime.Spec.Type:command[0m
[90m2025-05-28 05:42:00.761[0m [32mINF[0m [1mRuntime END: taskStatus:Running, groupStatus:Succeeded, actionStatus:Succeeded, runtimeStatus:Succeeded[0m
[90m2025-05-28 05:42:00.884[0m [32mINF[0m [36mmodule=[0mpkg/nodelet/task/monitor/group_monitor.go:778 [36mmsg=[0m"Move to completed queue"
[90m2025-05-28 05:42:01.028[0m [32mINF[0m [1mbrotherGroupName:T4.G1-01971567-9c95-7252-8ff8-967373f8dc2f[0m
[90m2025-05-28 05:42:01.030[0m [32mINF[0m [1mDelete group:G5[0m
[90m2025-05-28 05:42:01.030[0m [32mINF[0m [1mgroup_manager删除group：T4.G5-01971567-9c95-7252-8ff8-967373f8dc2f[0m
[90m2025-05-28 05:42:01.033[0m [32mINF[0m [1mbrotherGroupName:T6.G4-01971566-f23a-7b03-a507-54cbab597546[0m
[90m2025-05-28 05:42:01.034[0m [32mINF[0m [1mDelete group:G3[0m
[90m2025-05-28 05:42:01.035[0m [32mINF[0m [1mgroup_manager删除group：T6.G3-01971566-f23a-7b03-a507-54cbab597546[0m
New https://pypi.org/project/ultralytics/8.3.146 available 😃 Update with 'pip install -U ultralytics'
Ultralytics 8.3.105 🚀 Python-3.10.16 torch-2.5.1 CPU (Common KVM processor)
[34m[1mengine/trainer: [0mtask=segment, mode=train, model=/home/public/workspace/heongtong_yolo_linux/yolo11x-seg.pt, data=/home/public/workspace/heongtong_yolo_linux/segment_train.yaml, epochs=100, time=None, patience=100, batch=2, imgsz=640, save=True, save_period=-1, cache=False, device=cpu, workers=0, project=None, name=train, exist_ok=False, pretrained=True, optimizer=auto, verbose=True, seed=0, deterministic=True, single_cls=False, rect=False, cos_lr=False, close_mosaic=10, resume=False, amp=True, fraction=1.0, profile=False, freeze=None, multi_scale=False, overlap_mask=True, mask_ratio=4, dropout=0.0, val=True, split=val, save_json=False, conf=None, iou=0.7, max_det=300, half=False, dnn=False, plots=True, source=None, vid_stride=1, stream_buffer=False, visualize=False, augment=False, agnostic_nms=False, classes=None, retina_masks=False, embed=None, show=False, save_frames=False, save_txt=False, save_conf=False, save_crop=False, show_labels=True, show_conf=True, show_boxes=True, line_width=None, format=torchscript, keras=False, optimize=False, int8=False, dynamic=False, simplify=True, opset=None, workspace=None, nms=False, lr0=0.01, lrf=0.01, momentum=0.937, weight_decay=0.0005, warmup_epochs=3.0, warmup_momentum=0.8, warmup_bias_lr=0.1, box=7.5, cls=0.5, dfl=1.5, pose=12.0, kobj=1.0, nbs=64, hsv_h=0.015, hsv_s=0.7, hsv_v=0.4, degrees=0.0, translate=0.1, scale=0.5, shear=0.0, perspective=0.0, flipud=0.0, fliplr=0.5, bgr=0.0, mosaic=1.0, mixup=0.0, copy_paste=0.0, copy_paste_mode=flip, auto_augment=randaugment, erasing=0.4, crop_fraction=1.0, cfg=None, tracker=botsort.yaml, save_dir=runs/segment/train
Overriding model.yaml nc=80 with nc=1

                   from  n    params  module                                       arguments                     
  0                  -1  1      2784  ultralytics.nn.modules.conv.Conv             [3, 96, 3, 2]                 
  1                  -1  1    166272  ultralytics.nn.modules.conv.Conv             [96, 192, 3, 2]               
  2                  -1  2    389760  ultralytics.nn.modules.block.C3k2            [192, 384, 2, True, 0.25]     
  3                  -1  1   1327872  ultralytics.nn.modules.conv.Conv             [384, 384, 3, 2]              
  4                  -1  2   1553664  ultralytics.nn.modules.block.C3k2            [384, 768, 2, True, 0.25]     
  5                  -1  1   5309952  ultralytics.nn.modules.conv.Conv             [768, 768, 3, 2]              
  6                  -1  2   5022720  ultralytics.nn.modules.block.C3k2            [768, 768, 2, True]           
  7                  -1  1   5309952  ultralytics.nn.modules.conv.Conv             [768, 768, 3, 2]              
  8                  -1  2   5022720  ultralytics.nn.modules.block.C3k2            [768, 768, 2, True]           
  9                  -1  1   1476864  ultralytics.nn.modules.block.SPPF            [768, 768, 5]                 
 10                  -1  2   3264768  ultralytics.nn.modules.block.C2PSA           [768, 768, 2]                 
 11                  -1  1         0  torch.nn.modules.upsampling.Upsample         [None, 2, 'nearest']          
 12             [-1, 6]  1         0  ultralytics.nn.modules.conv.Concat           [1]                           
 13                  -1  2   5612544  ultralytics.nn.modules.block.C3k2            [1536, 768, 2, True]          
 14                  -1  1         0  torch.nn.modules.upsampling.Upsample         [None, 2, 'nearest']          
 15             [-1, 4]  1         0  ultralytics.nn.modules.conv.Concat           [1]                           
 16                  -1  2   1700352  ultralytics.nn.modules.block.C3k2            [1536, 384, 2, True]          
 17                  -1  1   1327872  ultralytics.nn.modules.conv.Conv             [384, 384, 3, 2]              
 18            [-1, 13]  1         0  ultralytics.nn.modules.conv.Concat           [1]                           
 19                  -1  2   5317632  ultralytics.nn.modules.block.C3k2            [1152, 768, 2, True]          
 20                  -1  1   5309952  ultralytics.nn.modules.conv.Conv             [768, 768, 3, 2]              
 21            [-1, 10]  1         0  ultralytics.nn.modules.conv.Concat           [1]                           
 22                  -1  2   5612544  ultralytics.nn.modules.block.C3k2            [1536, 768, 2, True]          
 23        [16, 19, 22]  1   8323187  ultralytics.nn.modules.head.Segment          [1, 32, 384, [384, 768, 768]] 
[W528 05:42:04.724021932 NNPACK.cpp:61] Could not initialize NNPACK! Reason: Unsupported hardware.
YOLO11x-seg summary: 379 layers, 62,051,411 parameters, 62,051,395 gradients

Transferred 1071/1077 items from pretrained weights
Freezing layer 'model.23.dfl.conv.weight'
[34m[1mtrain: [0mScanning /home/public/workspace/heongtong_yolo_linux/标签数据集/train/labels.cache... 136 images, 0 backgrounds, 0 corrupt: 100%|██████████| 136/136 [00:00<?, ?it/s][34m[1mtrain: [0mScanning /home/public/workspace/heongtong_yolo_linux/标签数据集/train/labels.cache... 136 images, 0 backgrounds, 0 corrupt: 100%|██████████| 136/136 [00:00<?, ?it/s]
[34m[1mval: [0mScanning /home/public/workspace/heongtong_yolo_linux/标签数据集/valid/labels.cache... 17 images, 0 backgrounds, 0 corrupt: 100%|██████████| 17/17 [00:00<?, ?it/s][34m[1mval: [0mScanning /home/public/workspace/heongtong_yolo_linux/标签数据集/valid/labels.cache... 17 images, 0 backgrounds, 0 corrupt: 100%|██████████| 17/17 [00:00<?, ?it/s]
Plotting labels to runs/segment/train/labels.jpg... 

[34m[1moptimizer:[0m 'optimizer=auto' found, ignoring 'lr0=0.01' and 'momentum=0.937' and determining best 'optimizer', 'lr0' and 'momentum' automatically... 
[34m[1moptimizer:[0m AdamW(lr=0.002, momentum=0.9) with parameter groups 176 weight(decay=0.0), 187 weight(decay=0.0005), 186 bias(decay=0.0)
Image sizes 640 train, 640 val
Using 0 dataloader workers
Logging results to [1mruns/segment/train[0m
Starting training for 100 epochs...

      Epoch    GPU_mem   box_loss   seg_loss   cls_loss   dfl_loss  Instances       Size
  0%|          | 0/68 [00:00<?, ?it/s]image 1/2 /home/public/workspace/heongtong_yolo_linux/test_picture1.jpg: 480x640 3 infoTags, 4071.4ms
image 2/2 /home/public/workspace/heongtong_yolo_linux/test_picture2.jpg: 480x640 7 infoTags, 4142.3ms
Speed: 6.9ms preprocess, 4106.9ms inference, 7.2ms postprocess per image at shape (1, 3, 480, 640)
[90m2025-05-28 05:42:16.371[0m [32mINF[0m [1mcommand T5.G1.A1.R2-01971568-281e-74ab-86cd-eb7a5942a3b9 completed[0m
[90m2025-05-28 05:42:16.372[0m [32mINF[0m [36mmodule=[0mpkg/nodelet/task/monitor/group_monitor.go:1212 [36mmsg=[0m"Handling runtime end status update"
[90m2025-05-28 05:42:16.374[0m [32mINF[0m [1mGet runtime finish event notify, the phase:Succeeded[0m
[90m2025-05-28 05:42:16.384[0m [32mINF[0m [1m=======================runtimeHasSucceed:true[0m
[90m2025-05-28 05:42:16.393[0m [32mINF[0m [1m-----------------------------runtimeHasSucceed:true[0m
[90m2025-05-28 05:42:16.394[0m [32mINF[0m [36mmodule=[0mpkg/client-go/clients/typed/core/event_expansion.go:25 [36mmsg=[0m---CreateForEventSink---
[90m2025-05-28 05:42:16.401[0m [32mINF[0m [36mmodule=[0mpkg/client-go/clients/typed/core/event_expansion.go:25 [36mmsg=[0m---CreateForEventSink---
[90m2025-05-28 05:42:16.414[0m [32mINF[0m [1mruntime.Spec.Name:R2,runtime.Spec.Type:command[0m
[90m2025-05-28 05:42:16.414[0m [32mINF[0m [1mRuntime END: taskStatus:Running, groupStatus:Succeeded, actionStatus:Succeeded, runtimeStatus:Succeeded[0m
[90m2025-05-28 05:42:16.444[0m [32mINF[0m [36mmodule=[0mpkg/nodelet/task/monitor/group_monitor.go:778 [36mmsg=[0m"Move to completed queue"
[90m2025-05-28 05:42:18.141[0m [32mINF[0m [1mbrotherGroupName:T5.G2-01971568-281e-74ab-86cd-eb7a5942a3b9[0m
[90m2025-05-28 05:42:18.143[0m [32mINF[0m [1mDelete group:G1[0m
[90m2025-05-28 05:42:18.144[0m [32mINF[0m [1mgroup_manager删除group：T5.G1-01971568-281e-74ab-86cd-eb7a5942a3b9[0m
[90m2025-05-28 05:42:22.193[0m [32mINF[0m [1mcommand T5.G1.A1.R1-01971568-aa69-78f1-938f-6f0456f5364d completed[0m
[90m2025-05-28 05:42:22.193[0m [32mINF[0m [36mmodule=[0mpkg/nodelet/task/monitor/group_monitor.go:1212 [36mmsg=[0m"Handling runtime end status update"
[90m2025-05-28 05:42:22.195[0m [32mINF[0m [1mGet runtime finish event notify, the phase:Succeeded[0m
[90m2025-05-28 05:42:22.233[0m [32mINF[0m [1mruntime.Spec.Name:R1,runtime.Spec.Type:command[0m
[90m2025-05-28 05:42:22.233[0m [32mINF[0m [1mRuntime END: taskStatus:Running, groupStatus:Running, actionStatus:Running, runtimeStatus:Succeeded[0m
[90m2025-05-28 05:42:22.308[0m [32mINF[0m [36mmodule=[0mpkg/nodelet/task/monitor/group_monitor.go:666 [36mmsg=[0m****************************************1234554564**********************
[90m2025-05-28 05:42:22.308[0m [32mINF[0m [1mcommand runtime for runtime task:T5.G1.A1.R2-01971568-aa69-78f1-938f-6f0456f5364d[0m
[90m2025-05-28 05:42:22.308[0m [32mINF[0m [1mcommand.go: EnvVar:[{ } {PATH /home/public/anaconda3/envs/yolo/bin/python}][0m
[90m2025-05-28 05:42:22.308[0m [32mINF[0m [1mcommand.go: cmd:python[0m
[90m2025-05-28 05:42:22.308[0m [32mINF[0m [1mpath:PATH, value:/home/public/anaconda3/envs/yolo/bin/python[0m
[90m2025-05-28 05:42:22.308[0m [32mINF[0m [1mafter cmd:/home/public/anaconda3/envs/yolo/bin/python[0m
[90m2025-05-28 05:42:22.308[0m [32mINF[0m [1mruntime Name:	 T5.G1.A1.R2-01971568-aa69-78f1-938f-6f0456f5364d is Running[0m
[90m2025-05-28 05:42:22.309[0m [32mINF[0m [36mmodule=[0mpkg/nodelet/task/monitor/group_monitor.go:1022 [36mmsg=[0m"Handling runtime start status update"
[90m2025-05-28 05:42:22.309[0m [32mINF[0m [1mprocess id:	 2229668 is Running[0m
[90m2025-05-28 05:42:22.310[0m [32mINF[0m [36mmodule=[0mpkg/client-go/clients/typed/core/event_expansion.go:25 [36mmsg=[0m---CreateForEventSink---
[90m2025-05-28 05:42:22.311[0m [32mINF[0m [1mGet runtime start event notify, the phase:Running[0m
[90m2025-05-28 05:42:22.338[0m [32mINF[0m [1mSTART ：taskStatus:Running,groupStatus:Running, action status: Running, runtime Status: Running[0m

image 1/2 /home/public/workspace/heongtong_yolo_linux/test_picture1.jpg: 480x640 3 infoTags, 3897.1ms
image 2/2 /home/public/workspace/heongtong_yolo_linux/test_picture2.jpg: 480x640 7 infoTags, 3857.1ms
Speed: 9.1ms preprocess, 3877.1ms inference, 6.0ms postprocess per image at shape (1, 3, 480, 640)
[90m2025-05-28 05:42:36.226[0m [32mINF[0m [1mcommand T5.G1.A1.R2-01971568-aa69-78f1-938f-6f0456f5364d completed[0m
[90m2025-05-28 05:42:36.226[0m [32mINF[0m [36mmodule=[0mpkg/nodelet/task/monitor/group_monitor.go:1212 [36mmsg=[0m"Handling runtime end status update"
[90m2025-05-28 05:42:36.228[0m [32mINF[0m [1mGet runtime finish event notify, the phase:Succeeded[0m
[90m2025-05-28 05:42:36.245[0m [32mINF[0m [1m=======================runtimeHasSucceed:true[0m
[90m2025-05-28 05:42:36.254[0m [32mINF[0m [1m-----------------------------runtimeHasSucceed:true[0m
[90m2025-05-28 05:42:36.255[0m [32mINF[0m [36mmodule=[0mpkg/client-go/clients/typed/core/event_expansion.go:25 [36mmsg=[0m---CreateForEventSink---
[90m2025-05-28 05:42:36.263[0m [32mINF[0m [36mmodule=[0mpkg/client-go/clients/typed/core/event_expansion.go:25 [36mmsg=[0m---CreateForEventSink---
[90m2025-05-28 05:42:36.281[0m [32mINF[0m [1mruntime.Spec.Name:R2,runtime.Spec.Type:command[0m
[90m2025-05-28 05:42:36.281[0m [32mINF[0m [1mRuntime END: taskStatus:Running, groupStatus:Succeeded, actionStatus:Succeeded, runtimeStatus:Succeeded[0m
[90m2025-05-28 05:42:36.394[0m [32mINF[0m [36mmodule=[0mpkg/nodelet/task/monitor/group_monitor.go:778 [36mmsg=[0m"Move to completed queue"
[90m2025-05-28 05:42:37.821[0m [32mINF[0m [1mbrotherGroupName:T5.G2-01971568-aa69-78f1-938f-6f0456f5364d[0m
[90m2025-05-28 05:42:37.823[0m [32mINF[0m [1mDelete group:G1[0m
[90m2025-05-28 05:42:37.823[0m [32mINF[0m [1mgroup_manager删除group：T5.G1-01971568-aa69-78f1-938f-6f0456f5364d[0m
[90m2025-05-28 05:42:57.526[0m [32mINF[0m [1mReceive-GroupName：T6.G1-01971569-24b2-7ba3-a111-65880438f589,groupStatus:ReadyToDeploy[0m
[90m2025-05-28 05:42:57.526[0m [32mINF[0m [1mcheckResource方法：g.Status.Phase:ReadyToDeploy[0m
[90m2025-05-28 05:42:57.577[0m [32mINF[0m [1m==========================Task的Status.Phase:Running[0m
[90m2025-05-28 05:42:57.846[0m [32mINF[0m [1m****************************ashdkhaskldhklashdk****************************************[0m
[90m2025-05-28 05:42:57.846[0m [32mINF[0m [1mcommand runtime for runtime task:T6.G1.A1.R1-01971569-24b2-7ba3-a111-65880438f589[0m
[90m2025-05-28 05:42:57.847[0m [32mINF[0m [1mcommand.go: EnvVar:[{ } {PATH /home/public/anaconda3/envs/yolo/bin/python}][0m
[90m2025-05-28 05:42:57.847[0m [32mINF[0m [1mcommand.go: cmd:python[0m
[90m2025-05-28 05:42:57.847[0m [32mINF[0m [1mpath:PATH, value:/home/public/anaconda3/envs/yolo/bin/python[0m
[90m2025-05-28 05:42:57.847[0m [32mINF[0m [1mafter cmd:/home/public/anaconda3/envs/yolo/bin/python[0m
[90m2025-05-28 05:42:57.847[0m [32mINF[0m [1mruntime Name:	 T6.G1.A1.R1-01971569-24b2-7ba3-a111-65880438f589 is Running[0m
[90m2025-05-28 05:42:57.847[0m [32mINF[0m [36mmodule=[0mpkg/nodelet/task/monitor/group_monitor.go:1022 [36mmsg=[0m"Handling runtime start status update"
[90m2025-05-28 05:42:57.848[0m [32mINF[0m [1mprocess id:	 2230040 is Running[0m
[90m2025-05-28 05:42:57.848[0m [32mINF[0m [36mmodule=[0mpkg/client-go/clients/typed/core/event_expansion.go:25 [36mmsg=[0m---CreateForEventSink---
[90m2025-05-28 05:42:57.850[0m [32mINF[0m [1mGet runtime start event notify, the phase:Running[0m
[90m2025-05-28 05:42:57.864[0m [32mINF[0m [36mmodule=[0mpkg/client-go/clients/typed/core/event_expansion.go:25 [36mmsg=[0m---CreateForEventSink---
[90m2025-05-28 05:42:57.873[0m [32mINF[0m [36mmodule=[0mpkg/client-go/clients/typed/core/event_expansion.go:25 [36mmsg=[0m---CreateForEventSink---
[90m2025-05-28 05:42:57.889[0m [32mINF[0m [1mSTART ：taskStatus:Running,groupStatus:Running, action status: Running, runtime Status: Running[0m
New https://pypi.org/project/ultralytics/8.3.146 available 😃 Update with 'pip install -U ultralytics'
Ultralytics 8.3.105 🚀 Python-3.10.16 torch-2.5.1 CPU (Common KVM processor)
[34m[1mengine/trainer: [0mtask=segment, mode=train, model=/home/public/workspace/heongtong_yolo_linux/yolo11x-seg.pt, data=/home/public/workspace/heongtong_yolo_linux/segment_train.yaml, epochs=100, time=None, patience=100, batch=2, imgsz=640, save=True, save_period=-1, cache=False, device=cpu, workers=0, project=None, name=train, exist_ok=False, pretrained=True, optimizer=auto, verbose=True, seed=0, deterministic=True, single_cls=False, rect=False, cos_lr=False, close_mosaic=10, resume=False, amp=True, fraction=1.0, profile=False, freeze=None, multi_scale=False, overlap_mask=True, mask_ratio=4, dropout=0.0, val=True, split=val, save_json=False, conf=None, iou=0.7, max_det=300, half=False, dnn=False, plots=True, source=None, vid_stride=1, stream_buffer=False, visualize=False, augment=False, agnostic_nms=False, classes=None, retina_masks=False, embed=None, show=False, save_frames=False, save_txt=False, save_conf=False, save_crop=False, show_labels=True, show_conf=True, show_boxes=True, line_width=None, format=torchscript, keras=False, optimize=False, int8=False, dynamic=False, simplify=True, opset=None, workspace=None, nms=False, lr0=0.01, lrf=0.01, momentum=0.937, weight_decay=0.0005, warmup_epochs=3.0, warmup_momentum=0.8, warmup_bias_lr=0.1, box=7.5, cls=0.5, dfl=1.5, pose=12.0, kobj=1.0, nbs=64, hsv_h=0.015, hsv_s=0.7, hsv_v=0.4, degrees=0.0, translate=0.1, scale=0.5, shear=0.0, perspective=0.0, flipud=0.0, fliplr=0.5, bgr=0.0, mosaic=1.0, mixup=0.0, copy_paste=0.0, copy_paste_mode=flip, auto_augment=randaugment, erasing=0.4, crop_fraction=1.0, cfg=None, tracker=botsort.yaml, save_dir=runs/segment/train
Overriding model.yaml nc=80 with nc=1

                   from  n    params  module                                       arguments                     
  0                  -1  1      2784  ultralytics.nn.modules.conv.Conv             [3, 96, 3, 2]                 
  1                  -1  1    166272  ultralytics.nn.modules.conv.Conv             [96, 192, 3, 2]               
  2                  -1  2    389760  ultralytics.nn.modules.block.C3k2            [192, 384, 2, True, 0.25]     
  3                  -1  1   1327872  ultralytics.nn.modules.conv.Conv             [384, 384, 3, 2]              
  4                  -1  2   1553664  ultralytics.nn.modules.block.C3k2            [384, 768, 2, True, 0.25]     
  5                  -1  1   5309952  ultralytics.nn.modules.conv.Conv             [768, 768, 3, 2]              
  6                  -1  2   5022720  ultralytics.nn.modules.block.C3k2            [768, 768, 2, True]           
  7                  -1  1   5309952  ultralytics.nn.modules.conv.Conv             [768, 768, 3, 2]              
  8                  -1  2   5022720  ultralytics.nn.modules.block.C3k2            [768, 768, 2, True]           
  9                  -1  1   1476864  ultralytics.nn.modules.block.SPPF            [768, 768, 5]                 
 10                  -1  2   3264768  ultralytics.nn.modules.block.C2PSA           [768, 768, 2]                 
 11                  -1  1         0  torch.nn.modules.upsampling.Upsample         [None, 2, 'nearest']          
 12             [-1, 6]  1         0  ultralytics.nn.modules.conv.Concat           [1]                           
 13                  -1  2   5612544  ultralytics.nn.modules.block.C3k2            [1536, 768, 2, True]          
 14                  -1  1         0  torch.nn.modules.upsampling.Upsample         [None, 2, 'nearest']          
 15             [-1, 4]  1         0  ultralytics.nn.modules.conv.Concat           [1]                           
 16                  -1  2   1700352  ultralytics.nn.modules.block.C3k2            [1536, 384, 2, True]          
 17                  -1  1   1327872  ultralytics.nn.modules.conv.Conv             [384, 384, 3, 2]              
 18            [-1, 13]  1         0  ultralytics.nn.modules.conv.Concat           [1]                           
 19                  -1  2   5317632  ultralytics.nn.modules.block.C3k2            [1152, 768, 2, True]          
 20                  -1  1   5309952  ultralytics.nn.modules.conv.Conv             [768, 768, 3, 2]              
 21            [-1, 10]  1         0  ultralytics.nn.modules.conv.Concat           [1]                           
 22                  -1  2   5612544  ultralytics.nn.modules.block.C3k2            [1536, 768, 2, True]          
 23        [16, 19, 22]  1   8323187  ultralytics.nn.modules.head.Segment          [1, 32, 384, [384, 768, 768]] 
[W528 05:43:02.283962005 NNPACK.cpp:61] Could not initialize NNPACK! Reason: Unsupported hardware.
YOLO11x-seg summary: 379 layers, 62,051,411 parameters, 62,051,395 gradients

Transferred 1071/1077 items from pretrained weights
Freezing layer 'model.23.dfl.conv.weight'
[34m[1mtrain: [0mScanning /home/public/workspace/heongtong_yolo_linux/标签数据集/train/labels.cache... 136 images, 0 backgrounds, 0 corrupt: 100%|██████████| 136/136 [00:00<?, ?it/s][34m[1mtrain: [0mScanning /home/public/workspace/heongtong_yolo_linux/标签数据集/train/labels.cache... 136 images, 0 backgrounds, 0 corrupt: 100%|██████████| 136/136 [00:00<?, ?it/s]
[34m[1mval: [0mScanning /home/public/workspace/heongtong_yolo_linux/标签数据集/valid/labels.cache... 17 images, 0 backgrounds, 0 corrupt: 100%|██████████| 17/17 [00:00<?, ?it/s][34m[1mval: [0mScanning /home/public/workspace/heongtong_yolo_linux/标签数据集/valid/labels.cache... 17 images, 0 backgrounds, 0 corrupt: 100%|██████████| 17/17 [00:00<?, ?it/s]
Plotting labels to runs/segment/train/labels.jpg... 
[34m[1moptimizer:[0m 'optimizer=auto' found, ignoring 'lr0=0.01' and 'momentum=0.937' and determining best 'optimizer', 'lr0' and 'momentum' automatically... 
[34m[1moptimizer:[0m AdamW(lr=0.002, momentum=0.9) with parameter groups 176 weight(decay=0.0), 187 weight(decay=0.0005), 186 bias(decay=0.0)
Image sizes 640 train, 640 val
Using 0 dataloader workers
Logging results to [1mruns/segment/train[0m
Starting training for 100 epochs...

      Epoch    GPU_mem   box_loss   seg_loss   cls_loss   dfl_loss  Instances       Size
  0%|          | 0/68 [00:00<?, ?it/s][90m2025-05-28 05:43:20.740[0m [32mINF[0m [1mcommand T6.G1.A1.R1-01971569-24b2-7ba3-a111-65880438f589 completed[0m
[90m2025-05-28 05:43:20.741[0m [32mINF[0m [36mmodule=[0mpkg/nodelet/task/monitor/group_monitor.go:1212 [36mmsg=[0m"Handling runtime end status update"
[90m2025-05-28 05:43:20.743[0m [32mINF[0m [1mGet runtime finish event notify, the phase:Succeeded[0m
[90m2025-05-28 05:43:20.782[0m [32mINF[0m [1mruntime.Spec.Name:R1,runtime.Spec.Type:command[0m
[90m2025-05-28 05:43:20.782[0m [32mINF[0m [1mRuntime END: taskStatus:Running, groupStatus:Running, actionStatus:Running, runtimeStatus:Succeeded[0m
[90m2025-05-28 05:43:20.783[0m [32mINF[0m [36mmodule=[0mpkg/nodelet/task/monitor/group_monitor.go:666 [36mmsg=[0m****************************************1234554564**********************
[90m2025-05-28 05:43:20.783[0m [32mINF[0m [1mcommand runtime for runtime task:T6.G1.A1.R2-01971569-24b2-7ba3-a111-65880438f589[0m
[90m2025-05-28 05:43:20.783[0m [32mINF[0m [1mcommand.go: EnvVar:[{ } {PATH /home/public/anaconda3/envs/yolo/bin/python}][0m
[90m2025-05-28 05:43:20.783[0m [32mINF[0m [1mcommand.go: cmd:python[0m
[90m2025-05-28 05:43:20.783[0m [32mINF[0m [1mpath:PATH, value:/home/public/anaconda3/envs/yolo/bin/python[0m
[90m2025-05-28 05:43:20.783[0m [32mINF[0m [1mafter cmd:/home/public/anaconda3/envs/yolo/bin/python[0m
[90m2025-05-28 05:43:20.783[0m [32mINF[0m [1mruntime Name:	 T6.G1.A1.R2-01971569-24b2-7ba3-a111-65880438f589 is Running[0m
[90m2025-05-28 05:43:20.784[0m [32mINF[0m [1mprocess id:	 2230158 is Running[0m
[90m2025-05-28 05:43:20.784[0m [32mINF[0m [36mmodule=[0mpkg/nodelet/task/monitor/group_monitor.go:1022 [36mmsg=[0m"Handling runtime start status update"
[90m2025-05-28 05:43:20.784[0m [32mINF[0m [36mmodule=[0mpkg/client-go/clients/typed/core/event_expansion.go:25 [36mmsg=[0m---CreateForEventSink---
[90m2025-05-28 05:43:20.786[0m [32mINF[0m [1mGet runtime start event notify, the phase:Running[0m
[90m2025-05-28 05:43:20.810[0m [32mINF[0m [1mSTART ：taskStatus:Running,groupStatus:Running, action status: Running, runtime Status: Running[0m

image 1/2 /home/public/workspace/heongtong_yolo_linux/test_picture1.jpg: 480x640 3 infoTags, 3984.6ms
image 2/2 /home/public/workspace/heongtong_yolo_linux/test_picture2.jpg: 480x640 7 infoTags, 3920.9ms
Speed: 9.0ms preprocess, 3952.7ms inference, 5.5ms postprocess per image at shape (1, 3, 480, 640)
[90m2025-05-28 05:43:34.514[0m [32mINF[0m [1mcommand T6.G1.A1.R2-01971569-24b2-7ba3-a111-65880438f589 completed[0m
[90m2025-05-28 05:43:34.515[0m [32mINF[0m [36mmodule=[0mpkg/nodelet/task/monitor/group_monitor.go:1212 [36mmsg=[0m"Handling runtime end status update"
[90m2025-05-28 05:43:34.517[0m [32mINF[0m [1mGet runtime finish event notify, the phase:Succeeded[0m
[90m2025-05-28 05:43:34.527[0m [32mINF[0m [1m=======================runtimeHasSucceed:true[0m
[90m2025-05-28 05:43:34.534[0m [32mINF[0m [1m-----------------------------runtimeHasSucceed:true[0m
[90m2025-05-28 05:43:34.534[0m [32mINF[0m [36mmodule=[0mpkg/client-go/clients/typed/core/event_expansion.go:25 [36mmsg=[0m---CreateForEventSink---
[90m2025-05-28 05:43:34.543[0m [32mINF[0m [36mmodule=[0mpkg/client-go/clients/typed/core/event_expansion.go:25 [36mmsg=[0m---CreateForEventSink---
[90m2025-05-28 05:43:34.554[0m [32mINF[0m [1mruntime.Spec.Name:R2,runtime.Spec.Type:command[0m
[90m2025-05-28 05:43:34.554[0m [32mINF[0m [1mRuntime END: taskStatus:Running, groupStatus:Succeeded, actionStatus:Succeeded, runtimeStatus:Succeeded[0m
[90m2025-05-28 05:43:34.646[0m [32mINF[0m [36mmodule=[0mpkg/nodelet/task/monitor/group_monitor.go:778 [36mmsg=[0m"Move to completed queue"
[90m2025-05-28 05:43:35.030[0m [32mINF[0m [1mbrotherGroupName:T6.G2-01971569-24b2-7ba3-a111-65880438f589[0m
[90m2025-05-28 05:43:35.032[0m [32mINF[0m [1mDelete group:G1[0m
[90m2025-05-28 05:43:35.032[0m [32mINF[0m [1mgroup_manager删除group：T6.G1-01971569-24b2-7ba3-a111-65880438f589[0m
[90m2025-05-28 05:44:39.493[0m [32mINF[0m [1mReceive-GroupName：T1.G1-0197156b-651f-7ab1-8fe1-2644dc7da259,groupStatus:ReadyToDeploy[0m
[90m2025-05-28 05:44:39.493[0m [32mINF[0m [1mcheckResource方法：g.Status.Phase:ReadyToDeploy[0m
[90m2025-05-28 05:44:39.575[0m [32mINF[0m [1m==========================Task的Status.Phase:Running[0m
[90m2025-05-28 05:44:39.953[0m [32mINF[0m [1m****************************ashdkhaskldhklashdk****************************************[0m
[90m2025-05-28 05:44:39.953[0m [32mINF[0m [1mcommand runtime for runtime task:T1.G1.A1.R1-0197156b-651f-7ab1-8fe1-2644dc7da259[0m
[90m2025-05-28 05:44:39.953[0m [32mINF[0m [1mcommand.go: EnvVar:[{ } {PATH /home/public/anaconda3/envs/yolo/bin/python}][0m
[90m2025-05-28 05:44:39.953[0m [32mINF[0m [1mcommand.go: cmd:python[0m
[90m2025-05-28 05:44:39.953[0m [32mINF[0m [1mpath:PATH, value:/home/public/anaconda3/envs/yolo/bin/python[0m
[90m2025-05-28 05:44:39.953[0m [32mINF[0m [1mafter cmd:/home/public/anaconda3/envs/yolo/bin/python[0m
[90m2025-05-28 05:44:39.953[0m [32mINF[0m [1mruntime Name:	 T1.G1.A1.R1-0197156b-651f-7ab1-8fe1-2644dc7da259 is Running[0m
[90m2025-05-28 05:44:39.954[0m [32mINF[0m [36mmodule=[0mpkg/nodelet/task/monitor/group_monitor.go:1022 [36mmsg=[0m"Handling runtime start status update"
[90m2025-05-28 05:44:39.954[0m [32mINF[0m [1mprocess id:	 2230863 is Running[0m
[90m2025-05-28 05:44:39.955[0m [32mINF[0m [36mmodule=[0mpkg/client-go/clients/typed/core/event_expansion.go:25 [36mmsg=[0m---CreateForEventSink---
[90m2025-05-28 05:44:39.956[0m [32mINF[0m [1mGet runtime start event notify, the phase:Running[0m
[90m2025-05-28 05:44:39.972[0m [32mINF[0m [36mmodule=[0mpkg/client-go/clients/typed/core/event_expansion.go:25 [36mmsg=[0m---CreateForEventSink---
[90m2025-05-28 05:44:39.979[0m [32mINF[0m [36mmodule=[0mpkg/client-go/clients/typed/core/event_expansion.go:25 [36mmsg=[0m---CreateForEventSink---
[90m2025-05-28 05:44:39.993[0m [32mINF[0m [1mSTART ：taskStatus:Running,groupStatus:Running, action status: Running, runtime Status: Running[0m
New https://pypi.org/project/ultralytics/8.3.146 available 😃 Update with 'pip install -U ultralytics'
Ultralytics 8.3.105 🚀 Python-3.10.16 torch-2.5.1 CPU (Common KVM processor)
[34m[1mengine/trainer: [0mtask=segment, mode=train, model=/home/public/workspace/heongtong_yolo_linux/yolo11x-seg.pt, data=/home/public/workspace/heongtong_yolo_linux/segment_train.yaml, epochs=100, time=None, patience=100, batch=2, imgsz=640, save=True, save_period=-1, cache=False, device=cpu, workers=0, project=None, name=train, exist_ok=False, pretrained=True, optimizer=auto, verbose=True, seed=0, deterministic=True, single_cls=False, rect=False, cos_lr=False, close_mosaic=10, resume=False, amp=True, fraction=1.0, profile=False, freeze=None, multi_scale=False, overlap_mask=True, mask_ratio=4, dropout=0.0, val=True, split=val, save_json=False, conf=None, iou=0.7, max_det=300, half=False, dnn=False, plots=True, source=None, vid_stride=1, stream_buffer=False, visualize=False, augment=False, agnostic_nms=False, classes=None, retina_masks=False, embed=None, show=False, save_frames=False, save_txt=False, save_conf=False, save_crop=False, show_labels=True, show_conf=True, show_boxes=True, line_width=None, format=torchscript, keras=False, optimize=False, int8=False, dynamic=False, simplify=True, opset=None, workspace=None, nms=False, lr0=0.01, lrf=0.01, momentum=0.937, weight_decay=0.0005, warmup_epochs=3.0, warmup_momentum=0.8, warmup_bias_lr=0.1, box=7.5, cls=0.5, dfl=1.5, pose=12.0, kobj=1.0, nbs=64, hsv_h=0.015, hsv_s=0.7, hsv_v=0.4, degrees=0.0, translate=0.1, scale=0.5, shear=0.0, perspective=0.0, flipud=0.0, fliplr=0.5, bgr=0.0, mosaic=1.0, mixup=0.0, copy_paste=0.0, copy_paste_mode=flip, auto_augment=randaugment, erasing=0.4, crop_fraction=1.0, cfg=None, tracker=botsort.yaml, save_dir=runs/segment/train
Overriding model.yaml nc=80 with nc=1

                   from  n    params  module                                       arguments                     
  0                  -1  1      2784  ultralytics.nn.modules.conv.Conv             [3, 96, 3, 2]                 
  1                  -1  1    166272  ultralytics.nn.modules.conv.Conv             [96, 192, 3, 2]               
  2                  -1  2    389760  ultralytics.nn.modules.block.C3k2            [192, 384, 2, True, 0.25]     
  3                  -1  1   1327872  ultralytics.nn.modules.conv.Conv             [384, 384, 3, 2]              
  4                  -1  2   1553664  ultralytics.nn.modules.block.C3k2            [384, 768, 2, True, 0.25]     
  5                  -1  1   5309952  ultralytics.nn.modules.conv.Conv             [768, 768, 3, 2]              
  6                  -1  2   5022720  ultralytics.nn.modules.block.C3k2            [768, 768, 2, True]           
  7                  -1  1   5309952  ultralytics.nn.modules.conv.Conv             [768, 768, 3, 2]              
  8                  -1  2   5022720  ultralytics.nn.modules.block.C3k2            [768, 768, 2, True]           
  9                  -1  1   1476864  ultralytics.nn.modules.block.SPPF            [768, 768, 5]                 
 10                  -1  2   3264768  ultralytics.nn.modules.block.C2PSA           [768, 768, 2]                 
 11                  -1  1         0  torch.nn.modules.upsampling.Upsample         [None, 2, 'nearest']          
 12             [-1, 6]  1         0  ultralytics.nn.modules.conv.Concat           [1]                           
 13                  -1  2   5612544  ultralytics.nn.modules.block.C3k2            [1536, 768, 2, True]          
 14                  -1  1         0  torch.nn.modules.upsampling.Upsample         [None, 2, 'nearest']          
 15             [-1, 4]  1         0  ultralytics.nn.modules.conv.Concat           [1]                           
 16                  -1  2   1700352  ultralytics.nn.modules.block.C3k2            [1536, 384, 2, True]          
 17                  -1  1   1327872  ultralytics.nn.modules.conv.Conv             [384, 384, 3, 2]              
 18            [-1, 13]  1         0  ultralytics.nn.modules.conv.Concat           [1]                           
 19                  -1  2   5317632  ultralytics.nn.modules.block.C3k2            [1152, 768, 2, True]          
 20                  -1  1   5309952  ultralytics.nn.modules.conv.Conv             [768, 768, 3, 2]              
 21            [-1, 10]  1         0  ultralytics.nn.modules.conv.Concat           [1]                           
 22                  -1  2   5612544  ultralytics.nn.modules.block.C3k2            [1536, 768, 2, True]          
 23        [16, 19, 22]  1   8323187  ultralytics.nn.modules.head.Segment          [1, 32, 384, [384, 768, 768]] 
[W528 05:44:44.355271387 NNPACK.cpp:61] Could not initialize NNPACK! Reason: Unsupported hardware.
YOLO11x-seg summary: 379 layers, 62,051,411 parameters, 62,051,395 gradients

Transferred 1071/1077 items from pretrained weights
Freezing layer 'model.23.dfl.conv.weight'
[34m[1mtrain: [0mScanning /home/public/workspace/heongtong_yolo_linux/标签数据集/train/labels.cache... 136 images, 0 backgrounds, 0 corrupt: 100%|██████████| 136/136 [00:00<?, ?it/s][34m[1mtrain: [0mScanning /home/public/workspace/heongtong_yolo_linux/标签数据集/train/labels.cache... 136 images, 0 backgrounds, 0 corrupt: 100%|██████████| 136/136 [00:00<?, ?it/s]
[34m[1mval: [0mScanning /home/public/workspace/heongtong_yolo_linux/标签数据集/valid/labels.cache... 17 images, 0 backgrounds, 0 corrupt: 100%|██████████| 17/17 [00:00<?, ?it/s][34m[1mval: [0mScanning /home/public/workspace/heongtong_yolo_linux/标签数据集/valid/labels.cache... 17 images, 0 backgrounds, 0 corrupt: 100%|██████████| 17/17 [00:00<?, ?it/s]
Plotting labels to runs/segment/train/labels.jpg... 
[34m[1moptimizer:[0m 'optimizer=auto' found, ignoring 'lr0=0.01' and 'momentum=0.937' and determining best 'optimizer', 'lr0' and 'momentum' automatically... 
[34m[1moptimizer:[0m AdamW(lr=0.002, momentum=0.9) with parameter groups 176 weight(decay=0.0), 187 weight(decay=0.0005), 186 bias(decay=0.0)
Image sizes 640 train, 640 val
Using 0 dataloader workers
Logging results to [1mruns/segment/train[0m
Starting training for 100 epochs...

      Epoch    GPU_mem   box_loss   seg_loss   cls_loss   dfl_loss  Instances       Size
  0%|          | 0/68 [00:00<?, ?it/s][90m2025-05-28 05:45:02.775[0m [32mINF[0m [1mcommand T1.G1.A1.R1-0197156b-651f-7ab1-8fe1-2644dc7da259 completed[0m
[90m2025-05-28 05:45:02.775[0m [32mINF[0m [36mmodule=[0mpkg/nodelet/task/monitor/group_monitor.go:1212 [36mmsg=[0m"Handling runtime end status update"
[90m2025-05-28 05:45:02.777[0m [32mINF[0m [1mGet runtime finish event notify, the phase:Succeeded[0m
[90m2025-05-28 05:45:02.819[0m [32mINF[0m [1mruntime.Spec.Name:R1,runtime.Spec.Type:command[0m
[90m2025-05-28 05:45:02.819[0m [32mINF[0m [1mRuntime END: taskStatus:Running, groupStatus:Running, actionStatus:Running, runtimeStatus:Succeeded[0m
[90m2025-05-28 05:45:02.873[0m [32mINF[0m [36mmodule=[0mpkg/nodelet/task/monitor/group_monitor.go:666 [36mmsg=[0m****************************************1234554564**********************
[90m2025-05-28 05:45:02.873[0m [32mINF[0m [1mcommand runtime for runtime task:T1.G1.A1.R2-0197156b-651f-7ab1-8fe1-2644dc7da259[0m
[90m2025-05-28 05:45:02.873[0m [32mINF[0m [1mcommand.go: EnvVar:[{ } {PATH /home/public/anaconda3/envs/yolo/bin/python}][0m
[90m2025-05-28 05:45:02.873[0m [32mINF[0m [1mcommand.go: cmd:python[0m
[90m2025-05-28 05:45:02.873[0m [32mINF[0m [1mpath:PATH, value:/home/public/anaconda3/envs/yolo/bin/python[0m
[90m2025-05-28 05:45:02.873[0m [32mINF[0m [1mafter cmd:/home/public/anaconda3/envs/yolo/bin/python[0m
[90m2025-05-28 05:45:02.873[0m [32mINF[0m [1mruntime Name:	 T1.G1.A1.R2-0197156b-651f-7ab1-8fe1-2644dc7da259 is Running[0m
[90m2025-05-28 05:45:02.874[0m [32mINF[0m [36mmodule=[0mpkg/nodelet/task/monitor/group_monitor.go:1022 [36mmsg=[0m"Handling runtime start status update"
[90m2025-05-28 05:45:02.874[0m [32mINF[0m [1mprocess id:	 2231050 is Running[0m
[90m2025-05-28 05:45:02.874[0m [32mINF[0m [36mmodule=[0mpkg/client-go/clients/typed/core/event_expansion.go:25 [36mmsg=[0m---CreateForEventSink---
[90m2025-05-28 05:45:02.876[0m [32mINF[0m [1mGet runtime start event notify, the phase:Running[0m
[90m2025-05-28 05:45:02.899[0m [32mINF[0m [1mSTART ：taskStatus:Running,groupStatus:Running, action status: Running, runtime Status: Running[0m

image 1/2 /home/public/workspace/heongtong_yolo_linux/test_picture1.jpg: 480x640 (no detections), 4142.3ms
image 2/2 /home/public/workspace/heongtong_yolo_linux/test_picture2.jpg: 480x640 7 infoTags, 3962.4ms
Speed: 2.9ms preprocess, 4052.4ms inference, 5.0ms postprocess per image at shape (1, 3, 480, 640)
[90m2025-05-28 05:45:17.191[0m [32mINF[0m [1mcommand T1.G1.A1.R2-0197156b-651f-7ab1-8fe1-2644dc7da259 completed[0m
[90m2025-05-28 05:45:17.192[0m [32mINF[0m [36mmodule=[0mpkg/nodelet/task/monitor/group_monitor.go:1212 [36mmsg=[0m"Handling runtime end status update"
[90m2025-05-28 05:45:17.196[0m [32mINF[0m [1mGet runtime finish event notify, the phase:Succeeded[0m
[90m2025-05-28 05:45:17.224[0m [32mINF[0m [1m=======================runtimeHasSucceed:true[0m
[90m2025-05-28 05:45:17.224[0m [32mINF[0m [1m-----------------------------runtimeHasSucceed:true[0m
[90m2025-05-28 05:45:17.224[0m [32mINF[0m [36mmodule=[0mpkg/client-go/clients/typed/core/event_expansion.go:25 [36mmsg=[0m---CreateForEventSink---
[90m2025-05-28 05:45:17.232[0m [32mINF[0m [36mmodule=[0mpkg/client-go/clients/typed/core/event_expansion.go:25 [36mmsg=[0m---CreateForEventSink---
[90m2025-05-28 05:45:17.251[0m [32mINF[0m [1mruntime.Spec.Name:R2,runtime.Spec.Type:command[0m
[90m2025-05-28 05:45:17.252[0m [32mINF[0m [1mRuntime END: taskStatus:Running, groupStatus:Succeeded, actionStatus:Succeeded, runtimeStatus:Succeeded[0m
[90m2025-05-28 05:45:17.335[0m [32mINF[0m [36mmodule=[0mpkg/nodelet/task/monitor/group_monitor.go:778 [36mmsg=[0m"Move to completed queue"
[90m2025-05-28 05:45:17.522[0m [32mINF[0m [1mbrotherGroupName:T1.G2-0197156b-651f-7ab1-8fe1-2644dc7da259[0m
[90m2025-05-28 05:45:17.524[0m [32mINF[0m [1mDelete group:G1[0m
[90m2025-05-28 05:45:17.524[0m [32mINF[0m [1mgroup_manager删除group：T1.G1-0197156b-651f-7ab1-8fe1-2644dc7da259[0m
[90m2025-05-28 05:46:33.218[0m [32mINF[0m [1mReceive-GroupName：T1.G1-0197156c-fde4-70f1-8850-a487640dc311,groupStatus:ReadyToDeploy[0m
[90m2025-05-28 05:46:33.218[0m [32mINF[0m [1mcheckResource方法：g.Status.Phase:ReadyToDeploy[0m
[90m2025-05-28 05:46:33.275[0m [32mINF[0m [1m==========================Task的Status.Phase:Running[0m
[90m2025-05-28 05:46:33.655[0m [32mINF[0m [1m****************************ashdkhaskldhklashdk****************************************[0m
[90m2025-05-28 05:46:33.656[0m [32mINF[0m [1mcommand runtime for runtime task:T1.G1.A1.R1-0197156c-fde4-70f1-8850-a487640dc311[0m
[90m2025-05-28 05:46:33.656[0m [32mINF[0m [1mcommand.go: EnvVar:[{ } {PATH /home/public/anaconda3/envs/yolo/bin/python}][0m
[90m2025-05-28 05:46:33.656[0m [32mINF[0m [1mcommand.go: cmd:python[0m
[90m2025-05-28 05:46:33.656[0m [32mINF[0m [1mpath:PATH, value:/home/public/anaconda3/envs/yolo/bin/python[0m
[90m2025-05-28 05:46:33.656[0m [32mINF[0m [1mafter cmd:/home/public/anaconda3/envs/yolo/bin/python[0m
[90m2025-05-28 05:46:33.656[0m [32mINF[0m [1mruntime Name:	 T1.G1.A1.R1-0197156c-fde4-70f1-8850-a487640dc311 is Running[0m
[90m2025-05-28 05:46:33.657[0m [32mINF[0m [36mmodule=[0mpkg/nodelet/task/monitor/group_monitor.go:1022 [36mmsg=[0m"Handling runtime start status update"
[90m2025-05-28 05:46:33.657[0m [32mINF[0m [1mprocess id:	 2231975 is Running[0m
[90m2025-05-28 05:46:33.658[0m [32mINF[0m [36mmodule=[0mpkg/client-go/clients/typed/core/event_expansion.go:25 [36mmsg=[0m---CreateForEventSink---
[90m2025-05-28 05:46:33.659[0m [32mINF[0m [1mGet runtime start event notify, the phase:Running[0m
[90m2025-05-28 05:46:33.682[0m [32mINF[0m [36mmodule=[0mpkg/client-go/clients/typed/core/event_expansion.go:25 [36mmsg=[0m---CreateForEventSink---
[90m2025-05-28 05:46:33.693[0m [32mINF[0m [36mmodule=[0mpkg/client-go/clients/typed/core/event_expansion.go:25 [36mmsg=[0m---CreateForEventSink---
[90m2025-05-28 05:46:33.708[0m [32mINF[0m [1mSTART ：taskStatus:Running,groupStatus:Running, action status: Running, runtime Status: Running[0m
New https://pypi.org/project/ultralytics/8.3.146 available 😃 Update with 'pip install -U ultralytics'
Ultralytics 8.3.105 🚀 Python-3.10.16 torch-2.5.1 CPU (Common KVM processor)
[34m[1mengine/trainer: [0mtask=segment, mode=train, model=/home/public/workspace/heongtong_yolo_linux/yolo11x-seg.pt, data=/home/public/workspace/heongtong_yolo_linux/segment_train.yaml, epochs=100, time=None, patience=100, batch=2, imgsz=640, save=True, save_period=-1, cache=False, device=cpu, workers=0, project=None, name=train, exist_ok=False, pretrained=True, optimizer=auto, verbose=True, seed=0, deterministic=True, single_cls=False, rect=False, cos_lr=False, close_mosaic=10, resume=False, amp=True, fraction=1.0, profile=False, freeze=None, multi_scale=False, overlap_mask=True, mask_ratio=4, dropout=0.0, val=True, split=val, save_json=False, conf=None, iou=0.7, max_det=300, half=False, dnn=False, plots=True, source=None, vid_stride=1, stream_buffer=False, visualize=False, augment=False, agnostic_nms=False, classes=None, retina_masks=False, embed=None, show=False, save_frames=False, save_txt=False, save_conf=False, save_crop=False, show_labels=True, show_conf=True, show_boxes=True, line_width=None, format=torchscript, keras=False, optimize=False, int8=False, dynamic=False, simplify=True, opset=None, workspace=None, nms=False, lr0=0.01, lrf=0.01, momentum=0.937, weight_decay=0.0005, warmup_epochs=3.0, warmup_momentum=0.8, warmup_bias_lr=0.1, box=7.5, cls=0.5, dfl=1.5, pose=12.0, kobj=1.0, nbs=64, hsv_h=0.015, hsv_s=0.7, hsv_v=0.4, degrees=0.0, translate=0.1, scale=0.5, shear=0.0, perspective=0.0, flipud=0.0, fliplr=0.5, bgr=0.0, mosaic=1.0, mixup=0.0, copy_paste=0.0, copy_paste_mode=flip, auto_augment=randaugment, erasing=0.4, crop_fraction=1.0, cfg=None, tracker=botsort.yaml, save_dir=runs/segment/train
Overriding model.yaml nc=80 with nc=1

                   from  n    params  module                                       arguments                     
  0                  -1  1      2784  ultralytics.nn.modules.conv.Conv             [3, 96, 3, 2]                 
  1                  -1  1    166272  ultralytics.nn.modules.conv.Conv             [96, 192, 3, 2]               
  2                  -1  2    389760  ultralytics.nn.modules.block.C3k2            [192, 384, 2, True, 0.25]     
  3                  -1  1   1327872  ultralytics.nn.modules.conv.Conv             [384, 384, 3, 2]              
  4                  -1  2   1553664  ultralytics.nn.modules.block.C3k2            [384, 768, 2, True, 0.25]     
  5                  -1  1   5309952  ultralytics.nn.modules.conv.Conv             [768, 768, 3, 2]              
  6                  -1  2   5022720  ultralytics.nn.modules.block.C3k2            [768, 768, 2, True]           
  7                  -1  1   5309952  ultralytics.nn.modules.conv.Conv             [768, 768, 3, 2]              
  8                  -1  2   5022720  ultralytics.nn.modules.block.C3k2            [768, 768, 2, True]           
  9                  -1  1   1476864  ultralytics.nn.modules.block.SPPF            [768, 768, 5]                 
 10                  -1  2   3264768  ultralytics.nn.modules.block.C2PSA           [768, 768, 2]                 
 11                  -1  1         0  torch.nn.modules.upsampling.Upsample         [None, 2, 'nearest']          
 12             [-1, 6]  1         0  ultralytics.nn.modules.conv.Concat           [1]                           
 13                  -1  2   5612544  ultralytics.nn.modules.block.C3k2            [1536, 768, 2, True]          
 14                  -1  1         0  torch.nn.modules.upsampling.Upsample         [None, 2, 'nearest']          
 15             [-1, 4]  1         0  ultralytics.nn.modules.conv.Concat           [1]                           
 16                  -1  2   1700352  ultralytics.nn.modules.block.C3k2            [1536, 384, 2, True]          
 17                  -1  1   1327872  ultralytics.nn.modules.conv.Conv             [384, 384, 3, 2]              
 18            [-1, 13]  1         0  ultralytics.nn.modules.conv.Concat           [1]                           
 19                  -1  2   5317632  ultralytics.nn.modules.block.C3k2            [1152, 768, 2, True]          
 20                  -1  1   5309952  ultralytics.nn.modules.conv.Conv             [768, 768, 3, 2]              
 21            [-1, 10]  1         0  ultralytics.nn.modules.conv.Concat           [1]                           
 22                  -1  2   5612544  ultralytics.nn.modules.block.C3k2            [1536, 768, 2, True]          
 23        [16, 19, 22]  1   8323187  ultralytics.nn.modules.head.Segment          [1, 32, 384, [384, 768, 768]] 
[W528 05:46:39.213434056 NNPACK.cpp:61] Could not initialize NNPACK! Reason: Unsupported hardware.
YOLO11x-seg summary: 379 layers, 62,051,411 parameters, 62,051,395 gradients

Transferred 1071/1077 items from pretrained weights
Freezing layer 'model.23.dfl.conv.weight'
[34m[1mtrain: [0mScanning /home/public/workspace/heongtong_yolo_linux/标签数据集/train/labels.cache... 136 images, 0 backgrounds, 0 corrupt: 100%|██████████| 136/136 [00:00<?, ?it/s][34m[1mtrain: [0mScanning /home/public/workspace/heongtong_yolo_linux/标签数据集/train/labels.cache... 136 images, 0 backgrounds, 0 corrupt: 100%|██████████| 136/136 [00:00<?, ?it/s]
[34m[1mval: [0mScanning /home/public/workspace/heongtong_yolo_linux/标签数据集/valid/labels.cache... 17 images, 0 backgrounds, 0 corrupt: 100%|██████████| 17/17 [00:00<?, ?it/s][34m[1mval: [0mScanning /home/public/workspace/heongtong_yolo_linux/标签数据集/valid/labels.cache... 17 images, 0 backgrounds, 0 corrupt: 100%|██████████| 17/17 [00:00<?, ?it/s]
Plotting labels to runs/segment/train/labels.jpg... 
[34m[1moptimizer:[0m 'optimizer=auto' found, ignoring 'lr0=0.01' and 'momentum=0.937' and determining best 'optimizer', 'lr0' and 'momentum' automatically... 
[34m[1moptimizer:[0m AdamW(lr=0.002, momentum=0.9) with parameter groups 176 weight(decay=0.0), 187 weight(decay=0.0005), 186 bias(decay=0.0)
Image sizes 640 train, 640 val
Using 0 dataloader workers
Logging results to [1mruns/segment/train[0m
Starting training for 100 epochs...

      Epoch    GPU_mem   box_loss   seg_loss   cls_loss   dfl_loss  Instances       Size
  0%|          | 0/68 [00:00<?, ?it/s][90m2025-05-28 05:46:57.769[0m [32mINF[0m [1mcommand T1.G1.A1.R1-0197156c-fde4-70f1-8850-a487640dc311 completed[0m
[90m2025-05-28 05:46:57.770[0m [32mINF[0m [36mmodule=[0mpkg/nodelet/task/monitor/group_monitor.go:1212 [36mmsg=[0m"Handling runtime end status update"
[90m2025-05-28 05:46:57.772[0m [32mINF[0m [1mGet runtime finish event notify, the phase:Succeeded[0m
[90m2025-05-28 05:46:57.810[0m [32mINF[0m [1mruntime.Spec.Name:R1,runtime.Spec.Type:command[0m
[90m2025-05-28 05:46:57.810[0m [32mINF[0m [1mRuntime END: taskStatus:Running, groupStatus:Running, actionStatus:Running, runtimeStatus:Succeeded[0m
[90m2025-05-28 05:46:57.855[0m [32mINF[0m [36mmodule=[0mpkg/nodelet/task/monitor/group_monitor.go:666 [36mmsg=[0m****************************************1234554564**********************
[90m2025-05-28 05:46:57.855[0m [32mINF[0m [1mcommand runtime for runtime task:T1.G1.A1.R2-0197156c-fde4-70f1-8850-a487640dc311[0m
[90m2025-05-28 05:46:57.855[0m [32mINF[0m [1mcommand.go: EnvVar:[{ } {PATH /home/public/anaconda3/envs/yolo/bin/python}][0m
[90m2025-05-28 05:46:57.855[0m [32mINF[0m [1mcommand.go: cmd:python[0m
[90m2025-05-28 05:46:57.856[0m [32mINF[0m [1mpath:PATH, value:/home/public/anaconda3/envs/yolo/bin/python[0m
[90m2025-05-28 05:46:57.856[0m [32mINF[0m [1mafter cmd:/home/public/anaconda3/envs/yolo/bin/python[0m
[90m2025-05-28 05:46:57.856[0m [32mINF[0m [1mruntime Name:	 T1.G1.A1.R2-0197156c-fde4-70f1-8850-a487640dc311 is Running[0m
[90m2025-05-28 05:46:57.856[0m [32mINF[0m [36mmodule=[0mpkg/nodelet/task/monitor/group_monitor.go:1022 [36mmsg=[0m"Handling runtime start status update"
[90m2025-05-28 05:46:57.857[0m [32mINF[0m [1mprocess id:	 2232145 is Running[0m
[90m2025-05-28 05:46:57.857[0m [32mINF[0m [36mmodule=[0mpkg/client-go/clients/typed/core/event_expansion.go:25 [36mmsg=[0m---CreateForEventSink---
[90m2025-05-28 05:46:57.858[0m [32mINF[0m [1mGet runtime start event notify, the phase:Running[0m
[90m2025-05-28 05:46:57.883[0m [32mINF[0m [1mSTART ：taskStatus:Running,groupStatus:Running, action status: Running, runtime Status: Running[0m

image 1/2 /home/public/workspace/heongtong_yolo_linux/test_picture1.jpg: 480x640 3 infoTags, 3933.4ms
image 2/2 /home/public/workspace/heongtong_yolo_linux/test_picture2.jpg: 480x640 7 infoTags, 3801.1ms
Speed: 7.2ms preprocess, 3867.3ms inference, 7.9ms postprocess per image at shape (1, 3, 480, 640)
[90m2025-05-28 05:47:11.413[0m [32mINF[0m [1mcommand T1.G1.A1.R2-0197156c-fde4-70f1-8850-a487640dc311 completed[0m
[90m2025-05-28 05:47:11.413[0m [32mINF[0m [36mmodule=[0mpkg/nodelet/task/monitor/group_monitor.go:1212 [36mmsg=[0m"Handling runtime end status update"
[90m2025-05-28 05:47:11.415[0m [32mINF[0m [1mGet runtime finish event notify, the phase:Succeeded[0m
[90m2025-05-28 05:47:11.436[0m [32mINF[0m [1m=======================runtimeHasSucceed:true[0m
[90m2025-05-28 05:47:11.444[0m [32mINF[0m [1m-----------------------------runtimeHasSucceed:true[0m
[90m2025-05-28 05:47:11.444[0m [32mINF[0m [36mmodule=[0mpkg/client-go/clients/typed/core/event_expansion.go:25 [36mmsg=[0m---CreateForEventSink---
[90m2025-05-28 05:47:11.452[0m [32mINF[0m [36mmodule=[0mpkg/client-go/clients/typed/core/event_expansion.go:25 [36mmsg=[0m---CreateForEventSink---
[90m2025-05-28 05:47:11.464[0m [32mINF[0m [1mruntime.Spec.Name:R2,runtime.Spec.Type:command[0m
[90m2025-05-28 05:47:11.464[0m [32mINF[0m [1mRuntime END: taskStatus:Running, groupStatus:Succeeded, actionStatus:Succeeded, runtimeStatus:Succeeded[0m
[90m2025-05-28 05:47:11.596[0m [32mINF[0m [36mmodule=[0mpkg/nodelet/task/monitor/group_monitor.go:778 [36mmsg=[0m"Move to completed queue"
[90m2025-05-28 05:47:13.156[0m [32mINF[0m [1mbrotherGroupName:T1.G2-0197156c-fde4-70f1-8850-a487640dc311[0m
[90m2025-05-28 05:47:13.158[0m [32mINF[0m [1mDelete group:G1[0m
[90m2025-05-28 05:47:13.158[0m [32mINF[0m [1mgroup_manager删除group：T1.G1-0197156c-fde4-70f1-8850-a487640dc311[0m
[90m2025-05-28 05:48:04.073[0m [32mINF[0m [1mReceive-GroupName：T4.G6-0197156d-75e9-78d0-82b9-41374e9c31bd,groupStatus:ReadyToDeploy[0m
[90m2025-05-28 05:48:04.073[0m [32mINF[0m [1mcheckResource方法：g.Status.Phase:ReadyToDeploy[0m
[90m2025-05-28 05:48:04.120[0m [32mINF[0m [1m==========================Task的Status.Phase:Running[0m
[90m2025-05-28 05:48:04.233[0m [32mINF[0m [1m****************************ashdkhaskldhklashdk****************************************[0m
[90m2025-05-28 05:48:04.233[0m [32mINF[0m [1mcommand runtime for runtime task:T4.G6.A1.R1-0197156d-75e9-78d0-82b9-41374e9c31bd[0m
[90m2025-05-28 05:48:04.234[0m [32mINF[0m [1mcommand.go: EnvVar:[{ } {PATH /home/public/anaconda3/envs/yolo/bin/python}][0m
[90m2025-05-28 05:48:04.234[0m [32mINF[0m [1mcommand.go: cmd:python[0m
[90m2025-05-28 05:48:04.234[0m [32mINF[0m [1mpath:PATH, value:/home/public/anaconda3/envs/yolo/bin/python[0m
[90m2025-05-28 05:48:04.234[0m [32mINF[0m [1mafter cmd:/home/public/anaconda3/envs/yolo/bin/python[0m
[90m2025-05-28 05:48:04.234[0m [32mINF[0m [1mruntime Name:	 T4.G6.A1.R1-0197156d-75e9-78d0-82b9-41374e9c31bd is Running[0m
[90m2025-05-28 05:48:04.235[0m [32mINF[0m [36mmodule=[0mpkg/nodelet/task/monitor/group_monitor.go:1022 [36mmsg=[0m"Handling runtime start status update"
[90m2025-05-28 05:48:04.235[0m [32mINF[0m [1mprocess id:	 2232841 is Running[0m
[90m2025-05-28 05:48:04.235[0m [32mINF[0m [36mmodule=[0mpkg/client-go/clients/typed/core/event_expansion.go:25 [36mmsg=[0m---CreateForEventSink---
[90m2025-05-28 05:48:04.237[0m [32mINF[0m [1mGet runtime start event notify, the phase:Running[0m
[90m2025-05-28 05:48:04.251[0m [32mINF[0m [36mmodule=[0mpkg/client-go/clients/typed/core/event_expansion.go:25 [36mmsg=[0m---CreateForEventSink---
[90m2025-05-28 05:48:04.259[0m [32mINF[0m [36mmodule=[0mpkg/client-go/clients/typed/core/event_expansion.go:25 [36mmsg=[0m---CreateForEventSink---
[90m2025-05-28 05:48:04.272[0m [32mINF[0m [1mSTART ：taskStatus:Running,groupStatus:Running, action status: Running, runtime Status: Running[0m
Epoch 1/300, Loss: 0.6960
Epoch 2/300, Loss: 0.6458
Epoch 3/300, Loss: 0.6006
Epoch 4/300, Loss: 0.5759
Epoch 5/300, Loss: 0.5435
Epoch 6/300, Loss: 0.5251
Epoch 7/300, Loss: 0.5058
Epoch 8/300, Loss: 0.4966
Epoch 9/300, Loss: 0.4849
Epoch 10/300, Loss: 0.4652
Epoch 11/300, Loss: 0.4517
Epoch 12/300, Loss: 0.4406
Epoch 13/300, Loss: 0.4211
Epoch 14/300, Loss: 0.4182
Epoch 15/300, Loss: 0.4025
Epoch 16/300, Loss: 0.3910
Epoch 17/300, Loss: 0.3667
Epoch 18/300, Loss: 0.3510
Epoch 19/300, Loss: 0.3461
Epoch 20/300, Loss: 0.3332
Epoch 21/300, Loss: 0.3147
Epoch 22/300, Loss: 0.2990
Epoch 23/300, Loss: 0.2866
Epoch 24/300, Loss: 0.2776
Epoch 25/300, Loss: 0.2650
Epoch 26/300, Loss: 0.2404
Epoch 27/300, Loss: 0.2356
Epoch 28/300, Loss: 0.2249
Epoch 29/300, Loss: 0.2228
Epoch 30/300, Loss: 0.1996
Epoch 31/300, Loss: 0.1848
Epoch 32/300, Loss: 0.1780
Epoch 33/300, Loss: 0.1640
Epoch 34/300, Loss: 0.1584
Epoch 35/300, Loss: 0.1453
Epoch 36/300, Loss: 0.1519
Epoch 37/300, Loss: 0.1328
Epoch 38/300, Loss: 0.1261
Epoch 39/300, Loss: 0.1221
Epoch 40/300, Loss: 0.1097
Epoch 41/300, Loss: 0.1046
Epoch 42/300, Loss: 0.1009
Epoch 43/300, Loss: 0.0954
Epoch 44/300, Loss: 0.0921
Epoch 45/300, Loss: 0.0887
Epoch 46/300, Loss: 0.0802
Epoch 47/300, Loss: 0.0783
Epoch 48/300, Loss: 0.0759
Epoch 49/300, Loss: 0.0726
Epoch 50/300, Loss: 0.0676
Epoch 51/300, Loss: 0.0687
Epoch 52/300, Loss: 0.0658
Epoch 53/300, Loss: 0.0655
Epoch 54/300, Loss: 0.0706
Epoch 55/300, Loss: 0.0577
Epoch 56/300, Loss: 0.0567
Epoch 57/300, Loss: 0.0644
Epoch 58/300, Loss: 0.0528
Epoch 59/300, Loss: 0.0570
Epoch 60/300, Loss: 0.0591
Epoch 61/300, Loss: 0.0484
Epoch 62/300, Loss: 0.0490
Epoch 63/300, Loss: 0.0493
Epoch 64/300, Loss: 0.0460
Epoch 65/300, Loss: 0.0470
Epoch 66/300, Loss: 0.0444
Epoch 67/300, Loss: 0.0442
Epoch 68/300, Loss: 0.0448
Epoch 69/300, Loss: 0.0426
Epoch 70/300, Loss: 0.0484
Epoch 71/300, Loss: 0.0413
Epoch 72/300, Loss: 0.0435
Epoch 73/300, Loss: 0.0504
Epoch 74/300, Loss: 0.0407
Epoch 75/300, Loss: 0.0471
Epoch 76/300, Loss: 0.0515
Epoch 77/300, Loss: 0.0391
Epoch 78/300, Loss: 0.0391
Epoch 79/300, Loss: 0.0401
Epoch 80/300, Loss: 0.0401
Epoch 81/300, Loss: 0.0382
Epoch 82/300, Loss: 0.0404
Epoch 83/300, Loss: 0.0389
Epoch 84/300, Loss: 0.0415
Epoch 85/300, Loss: 0.0359
Epoch 86/300, Loss: 0.0353
Epoch 87/300, Loss: 0.0408
Epoch 88/300, Loss: 0.0417
Epoch 89/300, Loss: 0.0394
Epoch 90/300, Loss: 0.0398
Epoch 91/300, Loss: 0.0386
Epoch 92/300, Loss: 0.0348
Epoch 93/300, Loss: 0.0373
Epoch 94/300, Loss: 0.0385
Epoch 95/300, Loss: 0.0536
Epoch 96/300, Loss: 0.0421
Epoch 97/300, Loss: 0.0420
Epoch 98/300, Loss: 0.0371
Epoch 99/300, Loss: 0.0335
Epoch 100/300, Loss: 0.0407
Epoch 101/300, Loss: 0.0377
Epoch 102/300, Loss: 0.0357
Epoch 103/300, Loss: 0.0353
Epoch 104/300, Loss: 0.0364
Epoch 105/300, Loss: 0.0316
Epoch 106/300, Loss: 0.0349
Epoch 107/300, Loss: 0.0371
Epoch 108/300, Loss: 0.0337
Epoch 109/300, Loss: 0.0331
Epoch 110/300, Loss: 0.0400
Epoch 111/300, Loss: 0.0370
Epoch 112/300, Loss: 0.0393
Epoch 113/300, Loss: 0.0332
Epoch 114/300, Loss: 0.0343
Epoch 115/300, Loss: 0.0338
Epoch 116/300, Loss: 0.0424
Epoch 117/300, Loss: 0.0414
Epoch 118/300, Loss: 0.0411
Epoch 119/300, Loss: 0.0433
Epoch 120/300, Loss: 0.0350
Epoch 121/300, Loss: 0.0321
Epoch 122/300, Loss: 0.0315
Epoch 123/300, Loss: 0.0309
Epoch 124/300, Loss: 0.0317
Epoch 125/300, Loss: 0.0328
Epoch 126/300, Loss: 0.0329
Epoch 127/300, Loss: 0.0391
Epoch 128/300, Loss: 0.0350
Epoch 129/300, Loss: 0.0314
Epoch 130/300, Loss: 0.0362
Epoch 131/300, Loss: 0.0341
Epoch 132/300, Loss: 0.0327
Epoch 133/300, Loss: 0.0341
Epoch 134/300, Loss: 0.0348
Epoch 135/300, Loss: 0.0309
Epoch 136/300, Loss: 0.0332
Epoch 137/300, Loss: 0.0327
Epoch 138/300, Loss: 0.0341
Epoch 139/300, Loss: 0.0401
Epoch 140/300, Loss: 0.0374
Epoch 141/300, Loss: 0.0334
Epoch 142/300, Loss: 0.0312
Epoch 143/300, Loss: 0.0385
Epoch 144/300, Loss: 0.0423
Epoch 145/300, Loss: 0.0357
Epoch 146/300, Loss: 0.0326
Epoch 147/300, Loss: 0.0348
Epoch 148/300, Loss: 0.0376
Epoch 149/300, Loss: 0.0344
Epoch 150/300, Loss: 0.0320
Epoch 151/300, Loss: 0.0371
Epoch 152/300, Loss: 0.0410
Epoch 153/300, Loss: 0.0305
Epoch 154/300, Loss: 0.0305
Epoch 155/300, Loss: 0.0373
Epoch 156/300, Loss: 0.0289
Epoch 157/300, Loss: 0.0313
Epoch 158/300, Loss: 0.0338
Epoch 159/300, Loss: 0.0333
Epoch 160/300, Loss: 0.0383
Epoch 161/300, Loss: 0.0352
Epoch 162/300, Loss: 0.0375
Epoch 163/300, Loss: 0.0367
Epoch 164/300, Loss: 0.0309
Epoch 165/300, Loss: 0.0394
Epoch 166/300, Loss: 0.0359
Epoch 167/300, Loss: 0.0293
Epoch 168/300, Loss: 0.0316
Epoch 169/300, Loss: 0.0293
Epoch 170/300, Loss: 0.0302
Epoch 171/300, Loss: 0.0303
Epoch 172/300, Loss: 0.0307
Epoch 173/300, Loss: 0.0341
Epoch 174/300, Loss: 0.0325
Epoch 175/300, Loss: 0.0398
Epoch 176/300, Loss: 0.0312
Epoch 177/300, Loss: 0.0341
Epoch 178/300, Loss: 0.0333
Epoch 179/300, Loss: 0.0326
Epoch 180/300, Loss: 0.0312
Epoch 181/300, Loss: 0.0390
Epoch 182/300, Loss: 0.0290
Epoch 183/300, Loss: 0.0334
Epoch 184/300, Loss: 0.0348
Epoch 185/300, Loss: 0.0295
Epoch 186/300, Loss: 0.0375
Epoch 187/300, Loss: 0.0305
Epoch 188/300, Loss: 0.0298
Epoch 189/300, Loss: 0.0295
Epoch 190/300, Loss: 0.0290
Epoch 191/300, Loss: 0.0325
Epoch 192/300, Loss: 0.0397
Epoch 193/300, Loss: 0.0382
Epoch 194/300, Loss: 0.0353
Epoch 195/300, Loss: 0.0366
Epoch 196/300, Loss: 0.0406
Epoch 197/300, Loss: 0.0292
Epoch 198/300, Loss: 0.0325
Epoch 199/300, Loss: 0.0317
Epoch 200/300, Loss: 0.0319
Epoch 201/300, Loss: 0.0301
Epoch 202/300, Loss: 0.0303
Epoch 203/300, Loss: 0.0340
Epoch 204/300, Loss: 0.0309
Epoch 205/300, Loss: 0.0296
Epoch 206/300, Loss: 0.0309
Epoch 207/300, Loss: 0.0282
Epoch 208/300, Loss: 0.0299
Epoch 209/300, Loss: 0.0303
Epoch 210/300, Loss: 0.0342
Epoch 211/300, Loss: 0.0316
Epoch 212/300, Loss: 0.0357
Epoch 213/300, Loss: 0.0329
Epoch 214/300, Loss: 0.0341
Epoch 215/300, Loss: 0.0359
Epoch 216/300, Loss: 0.0298
Epoch 217/300, Loss: 0.0315
Epoch 218/300, Loss: 0.0290
Epoch 219/300, Loss: 0.0341
Epoch 220/300, Loss: 0.0281
Epoch 221/300, Loss: 0.0318
Epoch 222/300, Loss: 0.0312
Epoch 223/300, Loss: 0.0304
Epoch 224/300, Loss: 0.0305
Epoch 225/300, Loss: 0.0394
Epoch 226/300, Loss: 0.0318
Epoch 227/300, Loss: 0.0324
Epoch 228/300, Loss: 0.0283
Epoch 229/300, Loss: 0.0349
Epoch 230/300, Loss: 0.0320
Epoch 231/300, Loss: 0.0336
Epoch 232/300, Loss: 0.0297
Epoch 233/300, Loss: 0.0336
Epoch 234/300, Loss: 0.0320
Epoch 235/300, Loss: 0.0350
Epoch 236/300, Loss: 0.0360
Epoch 237/300, Loss: 0.0293
Epoch 238/300, Loss: 0.0338
Epoch 239/300, Loss: 0.0372
Epoch 240/300, Loss: 0.0416
Epoch 241/300, Loss: 0.0317
Epoch 242/300, Loss: 0.0312
Epoch 243/300, Loss: 0.0304
Epoch 244/300, Loss: 0.0292
Epoch 245/300, Loss: 0.0307
Epoch 246/300, Loss: 0.0370
Epoch 247/300, Loss: 0.0320
Epoch 248/300, Loss: 0.0309
Epoch 249/300, Loss: 0.0345
Epoch 250/300, Loss: 0.0313
Epoch 251/300, Loss: 0.0356
Epoch 252/300, Loss: 0.0285
Epoch 253/300, Loss: 0.0299
Epoch 254/300, Loss: 0.0287
Epoch 255/300, Loss: 0.0302
Epoch 256/300, Loss: 0.0294
Epoch 257/300, Loss: 0.0300
Epoch 258/300, Loss: 0.0326
Epoch 259/300, Loss: 0.0348
Epoch 260/300, Loss: 0.0331
Epoch 261/300, Loss: 0.0294
Epoch 262/300, Loss: 0.0330
Epoch 263/300, Loss: 0.0330
Epoch 264/300, Loss: 0.0332
Epoch 265/300, Loss: 0.0289
Epoch 266/300, Loss: 0.0341
Epoch 267/300, Loss: 0.0279
Epoch 268/300, Loss: 0.0285
Epoch 269/300, Loss: 0.0328
Epoch 270/300, Loss: 0.0300
Epoch 271/300, Loss: 0.0326
Epoch 272/300, Loss: 0.0293
Epoch 273/300, Loss: 0.0329
Epoch 274/300, Loss: 0.0312
Epoch 275/300, Loss: 0.0327
Epoch 276/300, Loss: 0.0315
Epoch 277/300, Loss: 0.0307
Epoch 278/300, Loss: 0.0300
Epoch 279/300, Loss: 0.0354
Epoch 280/300, Loss: 0.0394
Epoch 281/300, Loss: 0.0323
Epoch 282/300, Loss: 0.0387
Epoch 283/300, Loss: 0.0281
Epoch 284/300, Loss: 0.0374
Epoch 285/300, Loss: 0.0293
Epoch 286/300, Loss: 0.0295
Epoch 287/300, Loss: 0.0398
Epoch 288/300, Loss: 0.0396
Epoch 289/300, Loss: 0.0293
Epoch 290/300, Loss: 0.0345
Epoch 291/300, Loss: 0.0263
Epoch 292/300, Loss: 0.0325
Epoch 293/300, Loss: 0.0268
Epoch 294/300, Loss: 0.0342
Epoch 295/300, Loss: 0.0280
Epoch 296/300, Loss: 0.0296
Epoch 297/300, Loss: 0.0366
Epoch 298/300, Loss: 0.0324
Epoch 299/300, Loss: 0.0323
Epoch 300/300, Loss: 0.0327
测试集准确率: 0.6727
[90m2025-05-28 05:48:14.746[0m [32mINF[0m [1mcommand T4.G6.A1.R1-0197156d-75e9-78d0-82b9-41374e9c31bd completed[0m
[90m2025-05-28 05:48:14.746[0m [32mINF[0m [36mmodule=[0mpkg/nodelet/task/monitor/group_monitor.go:1212 [36mmsg=[0m"Handling runtime end status update"
[90m2025-05-28 05:48:14.749[0m [32mINF[0m [1mGet runtime finish event notify, the phase:Succeeded[0m
[90m2025-05-28 05:48:14.780[0m [32mINF[0m [1mruntime.Spec.Name:R1,runtime.Spec.Type:command[0m
[90m2025-05-28 05:48:14.781[0m [32mINF[0m [1mRuntime END: taskStatus:Running, groupStatus:Running, actionStatus:Running, runtimeStatus:Succeeded[0m
[90m2025-05-28 05:48:14.854[0m [32mINF[0m [36mmodule=[0mpkg/nodelet/task/monitor/group_monitor.go:666 [36mmsg=[0m****************************************1234554564**********************
[90m2025-05-28 05:48:14.854[0m [32mINF[0m [1mcommand runtime for runtime task:T4.G6.A1.R2-0197156d-75e9-78d0-82b9-41374e9c31bd[0m
[90m2025-05-28 05:48:14.854[0m [32mINF[0m [1mcommand.go: EnvVar:[{ } {PATH /home/public/anaconda3/envs/yolo/bin/python}][0m
[90m2025-05-28 05:48:14.854[0m [32mINF[0m [1mcommand.go: cmd:python[0m
[90m2025-05-28 05:48:14.854[0m [32mINF[0m [1mpath:PATH, value:/home/public/anaconda3/envs/yolo/bin/python[0m
[90m2025-05-28 05:48:14.854[0m [32mINF[0m [1mafter cmd:/home/public/anaconda3/envs/yolo/bin/python[0m
[90m2025-05-28 05:48:14.854[0m [32mINF[0m [1mruntime Name:	 T4.G6.A1.R2-0197156d-75e9-78d0-82b9-41374e9c31bd is Running[0m
[90m2025-05-28 05:48:14.855[0m [32mINF[0m [36mmodule=[0mpkg/nodelet/task/monitor/group_monitor.go:1022 [36mmsg=[0m"Handling runtime start status update"
[90m2025-05-28 05:48:14.855[0m [32mINF[0m [1mprocess id:	 2232882 is Running[0m
[90m2025-05-28 05:48:14.855[0m [32mINF[0m [36mmodule=[0mpkg/client-go/clients/typed/core/event_expansion.go:25 [36mmsg=[0m---CreateForEventSink---
[90m2025-05-28 05:48:14.856[0m [32mINF[0m [1mGet runtime start event notify, the phase:Running[0m
[90m2025-05-28 05:48:14.885[0m [32mINF[0m [1mSTART ：taskStatus:Running,groupStatus:Running, action status: Running, runtime Status: Running[0m
Epoch 1/300, Loss: 0.6638
Epoch 2/300, Loss: 0.6271
Epoch 3/300, Loss: 0.6032
Epoch 4/300, Loss: 0.5652
Epoch 5/300, Loss: 0.5341
Epoch 6/300, Loss: 0.5160
Epoch 7/300, Loss: 0.4904
Epoch 8/300, Loss: 0.4783
Epoch 9/300, Loss: 0.4672
Epoch 10/300, Loss: 0.4549
Epoch 11/300, Loss: 0.4353
Epoch 12/300, Loss: 0.4203
Epoch 13/300, Loss: 0.4025
Epoch 14/300, Loss: 0.3830
Epoch 15/300, Loss: 0.3975
Epoch 16/300, Loss: 0.3626
Epoch 17/300, Loss: 0.3556
Epoch 18/300, Loss: 0.3329
Epoch 19/300, Loss: 0.3210
Epoch 20/300, Loss: 0.3144
Epoch 21/300, Loss: 0.2986
Epoch 22/300, Loss: 0.2803
Epoch 23/300, Loss: 0.2690
Epoch 24/300, Loss: 0.2569
Epoch 25/300, Loss: 0.2415
Epoch 26/300, Loss: 0.2384
Epoch 27/300, Loss: 0.2281
Epoch 28/300, Loss: 0.2075
Epoch 29/300, Loss: 0.2006
Epoch 30/300, Loss: 0.1882
Epoch 31/300, Loss: 0.1815
Epoch 32/300, Loss: 0.1727
Epoch 33/300, Loss: 0.1633
Epoch 34/300, Loss: 0.1615
Epoch 35/300, Loss: 0.1465
Epoch 36/300, Loss: 0.1424
Epoch 37/300, Loss: 0.1372
Epoch 38/300, Loss: 0.1281
Epoch 39/300, Loss: 0.1244
Epoch 40/300, Loss: 0.1162
Epoch 41/300, Loss: 0.1095
Epoch 42/300, Loss: 0.1027
Epoch 43/300, Loss: 0.1021
Epoch 44/300, Loss: 0.0981
Epoch 45/300, Loss: 0.0897
Epoch 46/300, Loss: 0.0858
Epoch 47/300, Loss: 0.0843
Epoch 48/300, Loss: 0.0781
Epoch 49/300, Loss: 0.0758
Epoch 50/300, Loss: 0.0732
Epoch 51/300, Loss: 0.0730
Epoch 52/300, Loss: 0.0684
Epoch 53/300, Loss: 0.0733
Epoch 54/300, Loss: 0.0653
Epoch 55/300, Loss: 0.0648
Epoch 56/300, Loss: 0.0644
Epoch 57/300, Loss: 0.0633
Epoch 58/300, Loss: 0.0647
Epoch 59/300, Loss: 0.0674
Epoch 60/300, Loss: 0.0560
Epoch 61/300, Loss: 0.0567
Epoch 62/300, Loss: 0.0516
Epoch 63/300, Loss: 0.0550
Epoch 64/300, Loss: 0.0510
Epoch 65/300, Loss: 0.0502
Epoch 66/300, Loss: 0.0482
Epoch 67/300, Loss: 0.0562
Epoch 68/300, Loss: 0.0571
Epoch 69/300, Loss: 0.0493
Epoch 70/300, Loss: 0.0468
Epoch 71/300, Loss: 0.0453
Epoch 72/300, Loss: 0.0470
Epoch 73/300, Loss: 0.0454
Epoch 74/300, Loss: 0.0448
Epoch 75/300, Loss: 0.0439
Epoch 76/300, Loss: 0.0411
Epoch 77/300, Loss: 0.0428
Epoch 78/300, Loss: 0.0433
Epoch 79/300, Loss: 0.0411
Epoch 80/300, Loss: 0.0462
Epoch 81/300, Loss: 0.0428
Epoch 82/300, Loss: 0.0390
Epoch 83/300, Loss: 0.0411
Epoch 84/300, Loss: 0.0449
Epoch 85/300, Loss: 0.0404
Epoch 86/300, Loss: 0.0449
Epoch 87/300, Loss: 0.0414
Epoch 88/300, Loss: 0.0371
Epoch 89/300, Loss: 0.0387
Epoch 90/300, Loss: 0.0387
Epoch 91/300, Loss: 0.0441
Epoch 92/300, Loss: 0.0481
Epoch 93/300, Loss: 0.0411
Epoch 94/300, Loss: 0.0422
Epoch 95/300, Loss: 0.0470
Epoch 96/300, Loss: 0.0369
Epoch 97/300, Loss: 0.0366
Epoch 98/300, Loss: 0.0375
Epoch 99/300, Loss: 0.0396
Epoch 100/300, Loss: 0.0382
Epoch 101/300, Loss: 0.0375
Epoch 102/300, Loss: 0.0472
Epoch 103/300, Loss: 0.0430
Epoch 104/300, Loss: 0.0379
Epoch 105/300, Loss: 0.0421
Epoch 106/300, Loss: 0.0352
Epoch 107/300, Loss: 0.0349
Epoch 108/300, Loss: 0.0338
Epoch 109/300, Loss: 0.0370
Epoch 110/300, Loss: 0.0391
Epoch 111/300, Loss: 0.0471
Epoch 112/300, Loss: 0.0380
Epoch 113/300, Loss: 0.0376
Epoch 114/300, Loss: 0.0409
Epoch 115/300, Loss: 0.0392
Epoch 116/300, Loss: 0.0343
Epoch 117/300, Loss: 0.0337
Epoch 118/300, Loss: 0.0321
Epoch 119/300, Loss: 0.0347
Epoch 120/300, Loss: 0.0330
Epoch 121/300, Loss: 0.0357
Epoch 122/300, Loss: 0.0320
Epoch 123/300, Loss: 0.0315
Epoch 124/300, Loss: 0.0314
Epoch 125/300, Loss: 0.0329
Epoch 126/300, Loss: 0.0345
Epoch 127/300, Loss: 0.0369
Epoch 128/300, Loss: 0.0320
Epoch 129/300, Loss: 0.0380
Epoch 130/300, Loss: 0.0315
Epoch 131/300, Loss: 0.0330
Epoch 132/300, Loss: 0.0377
Epoch 133/300, Loss: 0.0366
Epoch 134/300, Loss: 0.0339
Epoch 135/300, Loss: 0.0413
Epoch 136/300, Loss: 0.0295
Epoch 137/300, Loss: 0.0350
Epoch 138/300, Loss: 0.0328
Epoch 139/300, Loss: 0.0363
Epoch 140/300, Loss: 0.0379
Epoch 141/300, Loss: 0.0322
Epoch 142/300, Loss: 0.0318
Epoch 143/300, Loss: 0.0318
Epoch 144/300, Loss: 0.0302
Epoch 145/300, Loss: 0.0351
Epoch 146/300, Loss: 0.0318
Epoch 147/300, Loss: 0.0358
Epoch 148/300, Loss: 0.0304
Epoch 149/300, Loss: 0.0335
Epoch 150/300, Loss: 0.0309
Epoch 151/300, Loss: 0.0312
Epoch 152/300, Loss: 0.0311
Epoch 153/300, Loss: 0.0326
Epoch 154/300, Loss: 0.0313
Epoch 155/300, Loss: 0.0316
Epoch 156/300, Loss: 0.0310
Epoch 157/300, Loss: 0.0345
Epoch 158/300, Loss: 0.0360
Epoch 159/300, Loss: 0.0368
Epoch 160/300, Loss: 0.0318
Epoch 161/300, Loss: 0.0345
Epoch 162/300, Loss: 0.0323
Epoch 163/300, Loss: 0.0393
Epoch 164/300, Loss: 0.0397
Epoch 165/300, Loss: 0.0420
Epoch 166/300, Loss: 0.0323
Epoch 167/300, Loss: 0.0318
Epoch 168/300, Loss: 0.0352
Epoch 169/300, Loss: 0.0314
Epoch 170/300, Loss: 0.0298
Epoch 171/300, Loss: 0.0300
Epoch 172/300, Loss: 0.0335
Epoch 173/300, Loss: 0.0551
Epoch 174/300, Loss: 0.0304
Epoch 175/300, Loss: 0.0337
Epoch 176/300, Loss: 0.0304
Epoch 177/300, Loss: 0.0315
Epoch 178/300, Loss: 0.0308
Epoch 179/300, Loss: 0.0339
Epoch 180/300, Loss: 0.0288
Epoch 181/300, Loss: 0.0340
Epoch 182/300, Loss: 0.0381
Epoch 183/300, Loss: 0.0372
Epoch 184/300, Loss: 0.0319
Epoch 185/300, Loss: 0.0391
Epoch 186/300, Loss: 0.0334
Epoch 187/300, Loss: 0.0304
Epoch 188/300, Loss: 0.0447
Epoch 189/300, Loss: 0.0364
Epoch 190/300, Loss: 0.0408
Epoch 191/300, Loss: 0.0325
Epoch 192/300, Loss: 0.0294
Epoch 193/300, Loss: 0.0301
Epoch 194/300, Loss: 0.0300
Epoch 195/300, Loss: 0.0334
Epoch 196/300, Loss: 0.0380
Epoch 197/300, Loss: 0.0303
Epoch 198/300, Loss: 0.0323
Epoch 199/300, Loss: 0.0304
Epoch 200/300, Loss: 0.0312
Epoch 201/300, Loss: 0.0335
Epoch 202/300, Loss: 0.0298
Epoch 203/300, Loss: 0.0323
Epoch 204/300, Loss: 0.0356
Epoch 205/300, Loss: 0.0348
Epoch 206/300, Loss: 0.0384
Epoch 207/300, Loss: 0.0331
Epoch 208/300, Loss: 0.0323
Epoch 209/300, Loss: 0.0312
Epoch 210/300, Loss: 0.0293
Epoch 211/300, Loss: 0.0281
Epoch 212/300, Loss: 0.0297
Epoch 213/300, Loss: 0.0302
Epoch 214/300, Loss: 0.0284
Epoch 215/300, Loss: 0.0354
Epoch 216/300, Loss: 0.0294
Epoch 217/300, Loss: 0.0394
Epoch 218/300, Loss: 0.0349
Epoch 219/300, Loss: 0.0295
Epoch 220/300, Loss: 0.0402
Epoch 221/300, Loss: 0.0421
Epoch 222/300, Loss: 0.0345
Epoch 223/300, Loss: 0.0352
Epoch 224/300, Loss: 0.0358
Epoch 225/300, Loss: 0.0323
Epoch 226/300, Loss: 0.0292
Epoch 227/300, Loss: 0.0354
Epoch 228/300, Loss: 0.0263
Epoch 229/300, Loss: 0.0440
Epoch 230/300, Loss: 0.0268
Epoch 231/300, Loss: 0.0348
Epoch 232/300, Loss: 0.0341
Epoch 233/300, Loss: 0.0356
Epoch 234/300, Loss: 0.0253
Epoch 235/300, Loss: 0.0322
Epoch 236/300, Loss: 0.0420
Epoch 237/300, Loss: 0.0321
Epoch 238/300, Loss: 0.0337
Epoch 239/300, Loss: 0.0305
Epoch 240/300, Loss: 0.0360
Epoch 241/300, Loss: 0.0314
Epoch 242/300, Loss: 0.0289
Epoch 243/300, Loss: 0.0293
Epoch 244/300, Loss: 0.0291
Epoch 245/300, Loss: 0.0303
Epoch 246/300, Loss: 0.0390
Epoch 247/300, Loss: 0.0506
Epoch 248/300, Loss: 0.0321
Epoch 249/300, Loss: 0.0356
Epoch 250/300, Loss: 0.0358
Epoch 251/300, Loss: 0.0322
Epoch 252/300, Loss: 0.0327
Epoch 253/300, Loss: 0.0333
Epoch 254/300, Loss: 0.0287
Epoch 255/300, Loss: 0.0320
Epoch 256/300, Loss: 0.0412
Epoch 257/300, Loss: 0.0264
Epoch 258/300, Loss: 0.0343
Epoch 259/300, Loss: 0.0326
Epoch 260/300, Loss: 0.0419
Epoch 261/300, Loss: 0.0384
Epoch 262/300, Loss: 0.0323
Epoch 263/300, Loss: 0.0304
Epoch 264/300, Loss: 0.0293
Epoch 265/300, Loss: 0.0311
Epoch 266/300, Loss: 0.0350
Epoch 267/300, Loss: 0.0289
Epoch 268/300, Loss: 0.0339
Epoch 269/300, Loss: 0.0302
Epoch 270/300, Loss: 0.0298
Epoch 271/300, Loss: 0.0295
Epoch 272/300, Loss: 0.0337
Epoch 273/300, Loss: 0.0339
Epoch 274/300, Loss: 0.0340
Epoch 275/300, Loss: 0.0279
Epoch 276/300, Loss: 0.0304
Epoch 277/300, Loss: 0.0291
Epoch 278/300, Loss: 0.0300
Epoch 279/300, Loss: 0.0292
Epoch 280/300, Loss: 0.0288
Epoch 281/300, Loss: 0.0307
Epoch 282/300, Loss: 0.0340
Epoch 283/300, Loss: 0.0374
Epoch 284/300, Loss: 0.0351
Epoch 285/300, Loss: 0.0332
Epoch 286/300, Loss: 0.0311
Epoch 287/300, Loss: 0.0306
Epoch 288/300, Loss: 0.0335
Epoch 289/300, Loss: 0.0347
Epoch 290/300, Loss: 0.0341
Epoch 291/300, Loss: 0.0302
Epoch 292/300, Loss: 0.0303
Epoch 293/300, Loss: 0.0349
Epoch 294/300, Loss: 0.0297
Epoch 295/300, Loss: 0.0309
Epoch 296/300, Loss: 0.0319
Epoch 297/300, Loss: 0.0340
Epoch 298/300, Loss: 0.0264
Epoch 299/300, Loss: 0.0328
Epoch 300/300, Loss: 0.0330
测试集准确率: 0.7091
[90m2025-05-28 05:48:25.937[0m [32mINF[0m [1mcommand T4.G6.A1.R2-0197156d-75e9-78d0-82b9-41374e9c31bd completed[0m
[90m2025-05-28 05:48:25.937[0m [32mINF[0m [36mmodule=[0mpkg/nodelet/task/monitor/group_monitor.go:1212 [36mmsg=[0m"Handling runtime end status update"
[90m2025-05-28 05:48:25.939[0m [32mINF[0m [1mGet runtime finish event notify, the phase:Succeeded[0m
[90m2025-05-28 05:48:25.951[0m [32mINF[0m [1m=======================runtimeHasSucceed:true[0m
[90m2025-05-28 05:48:26.023[0m [32mINF[0m [1m-----------------------------runtimeHasSucceed:true[0m
[90m2025-05-28 05:48:26.023[0m [32mINF[0m [36mmodule=[0mpkg/client-go/clients/typed/core/event_expansion.go:25 [36mmsg=[0m---CreateForEventSink---
[90m2025-05-28 05:48:26.031[0m [32mINF[0m [36mmodule=[0mpkg/client-go/clients/typed/core/event_expansion.go:25 [36mmsg=[0m---CreateForEventSink---
[90m2025-05-28 05:48:26.051[0m [32mINF[0m [1mruntime.Spec.Name:R2,runtime.Spec.Type:command[0m
[90m2025-05-28 05:48:26.051[0m [32mINF[0m [1mRuntime END: taskStatus:Running, groupStatus:Succeeded, actionStatus:Succeeded, runtimeStatus:Succeeded[0m
[90m2025-05-28 05:48:26.161[0m [32mINF[0m [36mmodule=[0mpkg/nodelet/task/monitor/group_monitor.go:778 [36mmsg=[0m"Move to completed queue"
[90m2025-05-28 05:48:26.607[0m [32mINF[0m [1mbrotherGroupName:T4.G1-0197156d-75e9-78d0-82b9-41374e9c31bd[0m
[90m2025-05-28 05:48:26.609[0m [32mINF[0m [1mDelete group:G6[0m
[90m2025-05-28 05:48:26.609[0m [32mINF[0m [1mgroup_manager删除group：T4.G6-0197156d-75e9-78d0-82b9-41374e9c31bd[0m
[90m2025-05-28 05:48:31.810[0m [32mINF[0m [1mReceive-GroupName：T6.G1-0197156e-c82c-7ef8-b965-023bb60d1db7,groupStatus:ReadyToDeploy[0m
[90m2025-05-28 05:48:31.810[0m [32mINF[0m [1mcheckResource方法：g.Status.Phase:ReadyToDeploy[0m
[90m2025-05-28 05:48:31.885[0m [32mINF[0m [1m==========================Task的Status.Phase:Unknown[0m
[90m2025-05-28 05:48:32.311[0m [32mINF[0m [1m****************************ashdkhaskldhklashdk****************************************[0m
[90m2025-05-28 05:48:32.312[0m [32mINF[0m [1mcommand runtime for runtime task:T6.G1.A1.R1-0197156e-c82c-7ef8-b965-023bb60d1db7[0m
[90m2025-05-28 05:48:32.312[0m [32mINF[0m [1mcommand.go: EnvVar:[{ } {PATH /home/public/anaconda3/envs/yolo/bin/python}][0m
[90m2025-05-28 05:48:32.312[0m [32mINF[0m [1mcommand.go: cmd:python[0m
[90m2025-05-28 05:48:32.312[0m [32mINF[0m [1mpath:PATH, value:/home/public/anaconda3/envs/yolo/bin/python[0m
[90m2025-05-28 05:48:32.312[0m [32mINF[0m [1mafter cmd:/home/public/anaconda3/envs/yolo/bin/python[0m
[90m2025-05-28 05:48:32.312[0m [32mINF[0m [1mruntime Name:	 T6.G1.A1.R1-0197156e-c82c-7ef8-b965-023bb60d1db7 is Running[0m
[90m2025-05-28 05:48:32.312[0m [32mINF[0m [36mmodule=[0mpkg/nodelet/task/monitor/group_monitor.go:1022 [36mmsg=[0m"Handling runtime start status update"
[90m2025-05-28 05:48:32.313[0m [32mINF[0m [36mmodule=[0mpkg/client-go/clients/typed/core/event_expansion.go:25 [36mmsg=[0m---CreateForEventSink---
[90m2025-05-28 05:48:32.313[0m [32mINF[0m [1mprocess id:	 2232974 is Running[0m
[90m2025-05-28 05:48:32.316[0m [32mINF[0m [1mGet runtime start event notify, the phase:Running[0m
[90m2025-05-28 05:48:32.336[0m [32mINF[0m [36mmodule=[0mpkg/client-go/clients/typed/core/event_expansion.go:25 [36mmsg=[0m---CreateForEventSink---
[90m2025-05-28 05:48:32.346[0m [32mINF[0m [36mmodule=[0mpkg/client-go/clients/typed/core/event_expansion.go:25 [36mmsg=[0m---CreateForEventSink---
[90m2025-05-28 05:48:32.357[0m [32mINF[0m [36mmodule=[0mpkg/client-go/clients/typed/core/event_expansion.go:25 [36mmsg=[0m---CreateForEventSink---
[90m2025-05-28 05:48:32.365[0m [32mINF[0m [1mSTART ：taskStatus:Running,groupStatus:Running, action status: Running, runtime Status: Running[0m
New https://pypi.org/project/ultralytics/8.3.146 available 😃 Update with 'pip install -U ultralytics'
Ultralytics 8.3.105 🚀 Python-3.10.16 torch-2.5.1 CPU (Common KVM processor)
[34m[1mengine/trainer: [0mtask=segment, mode=train, model=/home/public/workspace/heongtong_yolo_linux/yolo11x-seg.pt, data=/home/public/workspace/heongtong_yolo_linux/segment_train.yaml, epochs=100, time=None, patience=100, batch=2, imgsz=640, save=True, save_period=-1, cache=False, device=cpu, workers=0, project=None, name=train, exist_ok=False, pretrained=True, optimizer=auto, verbose=True, seed=0, deterministic=True, single_cls=False, rect=False, cos_lr=False, close_mosaic=10, resume=False, amp=True, fraction=1.0, profile=False, freeze=None, multi_scale=False, overlap_mask=True, mask_ratio=4, dropout=0.0, val=True, split=val, save_json=False, conf=None, iou=0.7, max_det=300, half=False, dnn=False, plots=True, source=None, vid_stride=1, stream_buffer=False, visualize=False, augment=False, agnostic_nms=False, classes=None, retina_masks=False, embed=None, show=False, save_frames=False, save_txt=False, save_conf=False, save_crop=False, show_labels=True, show_conf=True, show_boxes=True, line_width=None, format=torchscript, keras=False, optimize=False, int8=False, dynamic=False, simplify=True, opset=None, workspace=None, nms=False, lr0=0.01, lrf=0.01, momentum=0.937, weight_decay=0.0005, warmup_epochs=3.0, warmup_momentum=0.8, warmup_bias_lr=0.1, box=7.5, cls=0.5, dfl=1.5, pose=12.0, kobj=1.0, nbs=64, hsv_h=0.015, hsv_s=0.7, hsv_v=0.4, degrees=0.0, translate=0.1, scale=0.5, shear=0.0, perspective=0.0, flipud=0.0, fliplr=0.5, bgr=0.0, mosaic=1.0, mixup=0.0, copy_paste=0.0, copy_paste_mode=flip, auto_augment=randaugment, erasing=0.4, crop_fraction=1.0, cfg=None, tracker=botsort.yaml, save_dir=runs/segment/train
Overriding model.yaml nc=80 with nc=1

                   from  n    params  module                                       arguments                     
  0                  -1  1      2784  ultralytics.nn.modules.conv.Conv             [3, 96, 3, 2]                 
  1                  -1  1    166272  ultralytics.nn.modules.conv.Conv             [96, 192, 3, 2]               
  2                  -1  2    389760  ultralytics.nn.modules.block.C3k2            [192, 384, 2, True, 0.25]     
  3                  -1  1   1327872  ultralytics.nn.modules.conv.Conv             [384, 384, 3, 2]              
  4                  -1  2   1553664  ultralytics.nn.modules.block.C3k2            [384, 768, 2, True, 0.25]     
  5                  -1  1   5309952  ultralytics.nn.modules.conv.Conv             [768, 768, 3, 2]              
  6                  -1  2   5022720  ultralytics.nn.modules.block.C3k2            [768, 768, 2, True]           
  7                  -1  1   5309952  ultralytics.nn.modules.conv.Conv             [768, 768, 3, 2]              
  8                  -1  2   5022720  ultralytics.nn.modules.block.C3k2            [768, 768, 2, True]           
  9                  -1  1   1476864  ultralytics.nn.modules.block.SPPF            [768, 768, 5]                 
 10                  -1  2   3264768  ultralytics.nn.modules.block.C2PSA           [768, 768, 2]                 
 11                  -1  1         0  torch.nn.modules.upsampling.Upsample         [None, 2, 'nearest']          
 12             [-1, 6]  1         0  ultralytics.nn.modules.conv.Concat           [1]                           
 13                  -1  2   5612544  ultralytics.nn.modules.block.C3k2            [1536, 768, 2, True]          
 14                  -1  1         0  torch.nn.modules.upsampling.Upsample         [None, 2, 'nearest']          
 15             [-1, 4]  1         0  ultralytics.nn.modules.conv.Concat           [1]                           
 16                  -1  2   1700352  ultralytics.nn.modules.block.C3k2            [1536, 384, 2, True]          
 17                  -1  1   1327872  ultralytics.nn.modules.conv.Conv             [384, 384, 3, 2]              
 18            [-1, 13]  1         0  ultralytics.nn.modules.conv.Concat           [1]                           
 19                  -1  2   5317632  ultralytics.nn.modules.block.C3k2            [1152, 768, 2, True]          
 20                  -1  1   5309952  ultralytics.nn.modules.conv.Conv             [768, 768, 3, 2]              
 21            [-1, 10]  1         0  ultralytics.nn.modules.conv.Concat           [1]                           
 22                  -1  2   5612544  ultralytics.nn.modules.block.C3k2            [1536, 768, 2, True]          
 23        [16, 19, 22]  1   8323187  ultralytics.nn.modules.head.Segment          [1, 32, 384, [384, 768, 768]] 
[W528 05:48:37.695658770 NNPACK.cpp:61] Could not initialize NNPACK! Reason: Unsupported hardware.
YOLO11x-seg summary: 379 layers, 62,051,411 parameters, 62,051,395 gradients

Transferred 1071/1077 items from pretrained weights
Freezing layer 'model.23.dfl.conv.weight'
[34m[1mtrain: [0mScanning /home/public/workspace/heongtong_yolo_linux/标签数据集/train/labels.cache... 136 images, 0 backgrounds, 0 corrupt: 100%|██████████| 136/136 [00:00<?, ?it/s][34m[1mtrain: [0mScanning /home/public/workspace/heongtong_yolo_linux/标签数据集/train/labels.cache... 136 images, 0 backgrounds, 0 corrupt: 100%|██████████| 136/136 [00:00<?, ?it/s]
[34m[1mval: [0mScanning /home/public/workspace/heongtong_yolo_linux/标签数据集/valid/labels.cache... 17 images, 0 backgrounds, 0 corrupt: 100%|██████████| 17/17 [00:00<?, ?it/s][34m[1mval: [0mScanning /home/public/workspace/heongtong_yolo_linux/标签数据集/valid/labels.cache... 17 images, 0 backgrounds, 0 corrupt: 100%|██████████| 17/17 [00:00<?, ?it/s]
Plotting labels to runs/segment/train/labels.jpg... 
[34m[1moptimizer:[0m 'optimizer=auto' found, ignoring 'lr0=0.01' and 'momentum=0.937' and determining best 'optimizer', 'lr0' and 'momentum' automatically... 
[34m[1moptimizer:[0m AdamW(lr=0.002, momentum=0.9) with parameter groups 176 weight(decay=0.0), 187 weight(decay=0.0005), 186 bias(decay=0.0)
Image sizes 640 train, 640 val
Using 0 dataloader workers
Logging results to [1mruns/segment/train[0m
Starting training for 100 epochs...

      Epoch    GPU_mem   box_loss   seg_loss   cls_loss   dfl_loss  Instances       Size
  0%|          | 0/68 [00:00<?, ?it/s][90m2025-05-28 05:48:55.055[0m [32mINF[0m [1mcommand T6.G1.A1.R1-0197156e-c82c-7ef8-b965-023bb60d1db7 completed[0m
[90m2025-05-28 05:48:55.056[0m [32mINF[0m [36mmodule=[0mpkg/nodelet/task/monitor/group_monitor.go:1212 [36mmsg=[0m"Handling runtime end status update"
[90m2025-05-28 05:48:55.057[0m [32mINF[0m [1mGet runtime finish event notify, the phase:Succeeded[0m
[90m2025-05-28 05:48:55.093[0m [32mINF[0m [1mruntime.Spec.Name:R1,runtime.Spec.Type:command[0m
[90m2025-05-28 05:48:55.093[0m [32mINF[0m [1mRuntime END: taskStatus:Running, groupStatus:Running, actionStatus:Running, runtimeStatus:Succeeded[0m
[90m2025-05-28 05:48:55.101[0m [32mINF[0m [36mmodule=[0mpkg/nodelet/task/monitor/group_monitor.go:666 [36mmsg=[0m****************************************1234554564**********************
[90m2025-05-28 05:48:55.101[0m [32mINF[0m [1mcommand runtime for runtime task:T6.G1.A1.R2-0197156e-c82c-7ef8-b965-023bb60d1db7[0m
[90m2025-05-28 05:48:55.101[0m [32mINF[0m [1mcommand.go: EnvVar:[{ } {PATH /home/public/anaconda3/envs/yolo/bin/python}][0m
[90m2025-05-28 05:48:55.101[0m [32mINF[0m [1mcommand.go: cmd:python[0m
[90m2025-05-28 05:48:55.101[0m [32mINF[0m [1mpath:PATH, value:/home/public/anaconda3/envs/yolo/bin/python[0m
[90m2025-05-28 05:48:55.101[0m [32mINF[0m [1mafter cmd:/home/public/anaconda3/envs/yolo/bin/python[0m
[90m2025-05-28 05:48:55.101[0m [32mINF[0m [1mruntime Name:	 T6.G1.A1.R2-0197156e-c82c-7ef8-b965-023bb60d1db7 is Running[0m
[90m2025-05-28 05:48:55.102[0m [32mINF[0m [1mprocess id:	 2233304 is Running[0m
[90m2025-05-28 05:48:55.102[0m [32mINF[0m [36mmodule=[0mpkg/nodelet/task/monitor/group_monitor.go:1022 [36mmsg=[0m"Handling runtime start status update"
[90m2025-05-28 05:48:55.103[0m [32mINF[0m [36mmodule=[0mpkg/client-go/clients/typed/core/event_expansion.go:25 [36mmsg=[0m---CreateForEventSink---
[90m2025-05-28 05:48:55.104[0m [32mINF[0m [1mGet runtime start event notify, the phase:Running[0m
[90m2025-05-28 05:48:55.132[0m [32mINF[0m [1mSTART ：taskStatus:Running,groupStatus:Running, action status: Running, runtime Status: Running[0m

image 1/2 /home/public/workspace/heongtong_yolo_linux/test_picture1.jpg: 480x640 3 infoTags, 3459.7ms
image 2/2 /home/public/workspace/heongtong_yolo_linux/test_picture2.jpg: 480x640 7 infoTags, 3443.9ms
Speed: 2.6ms preprocess, 3451.8ms inference, 4.9ms postprocess per image at shape (1, 3, 480, 640)
[90m2025-05-28 05:49:08.590[0m [32mINF[0m [1mcommand T6.G1.A1.R2-0197156e-c82c-7ef8-b965-023bb60d1db7 completed[0m
[90m2025-05-28 05:49:08.590[0m [32mINF[0m [36mmodule=[0mpkg/nodelet/task/monitor/group_monitor.go:1212 [36mmsg=[0m"Handling runtime end status update"
[90m2025-05-28 05:49:08.594[0m [32mINF[0m [1mGet runtime finish event notify, the phase:Succeeded[0m
[90m2025-05-28 05:49:08.609[0m [32mINF[0m [1m=======================runtimeHasSucceed:true[0m
[90m2025-05-28 05:49:08.615[0m [32mINF[0m [1m-----------------------------runtimeHasSucceed:true[0m
[90m2025-05-28 05:49:08.615[0m [32mINF[0m [36mmodule=[0mpkg/client-go/clients/typed/core/event_expansion.go:25 [36mmsg=[0m---CreateForEventSink---
[90m2025-05-28 05:49:08.625[0m [32mINF[0m [36mmodule=[0mpkg/client-go/clients/typed/core/event_expansion.go:25 [36mmsg=[0m---CreateForEventSink---
[90m2025-05-28 05:49:08.632[0m [32mINF[0m [36mmodule=[0mpkg/nodelet/task/monitor/group_monitor.go:778 [36mmsg=[0m"Move to completed queue"
[90m2025-05-28 05:49:08.632[0m [32mINF[0m [36mmodule=[0mpkg/client-go/clients/typed/core/event_expansion.go:25 [36mmsg=[0m---CreateForEventSink---
[90m2025-05-28 05:49:08.642[0m [32mINF[0m [1mruntime.Spec.Name:R2,runtime.Spec.Type:command[0m
[90m2025-05-28 05:49:08.642[0m [32mINF[0m [1mRuntime END: taskStatus:Running, groupStatus:Succeeded, actionStatus:Succeeded, runtimeStatus:Succeeded[0m
[90m2025-05-28 05:49:09.579[0m [32mINF[0m [1mbrotherGroupName:T6.G2-0197156e-c82c-7ef8-b965-023bb60d1db7[0m
[90m2025-05-28 05:49:09.580[0m [32mINF[0m [1mDelete group:G1[0m
[90m2025-05-28 05:49:09.580[0m [32mINF[0m [1mgroup_manager删除group：T6.G1-0197156e-c82c-7ef8-b965-023bb60d1db7[0m
[90m2025-05-28 05:50:20.558[0m [32mINF[0m [1mReceive-GroupName：T6.G6-0197156e-c82c-7ef8-b965-023bb60d1db7,groupStatus:ReadyToDeploy[0m
[90m2025-05-28 05:50:20.558[0m [32mINF[0m [1mcheckResource方法：g.Status.Phase:ReadyToDeploy[0m
[90m2025-05-28 05:50:20.611[0m [32mINF[0m [1m==========================Task的Status.Phase:Running[0m
[90m2025-05-28 05:50:20.888[0m [32mINF[0m [1m****************************ashdkhaskldhklashdk****************************************[0m
[90m2025-05-28 05:50:20.888[0m [32mINF[0m [1mcommand runtime for runtime task:T6.G6.A1.R1-0197156e-c82c-7ef8-b965-023bb60d1db7[0m
[90m2025-05-28 05:50:20.888[0m [32mINF[0m [1mcommand.go: EnvVar:[{ } {PATH /home/public/anaconda3/envs/yolo/bin/python}][0m
[90m2025-05-28 05:50:20.888[0m [32mINF[0m [1mcommand.go: cmd:python[0m
[90m2025-05-28 05:50:20.888[0m [32mINF[0m [1mpath:PATH, value:/home/public/anaconda3/envs/yolo/bin/python[0m
[90m2025-05-28 05:50:20.888[0m [32mINF[0m [1mafter cmd:/home/public/anaconda3/envs/yolo/bin/python[0m
[90m2025-05-28 05:50:20.888[0m [32mINF[0m [1mruntime Name:	 T6.G6.A1.R1-0197156e-c82c-7ef8-b965-023bb60d1db7 is Running[0m
[90m2025-05-28 05:50:20.889[0m [32mINF[0m [36mmodule=[0mpkg/nodelet/task/monitor/group_monitor.go:1022 [36mmsg=[0m"Handling runtime start status update"
[90m2025-05-28 05:50:20.889[0m [32mINF[0m [1mprocess id:	 2234106 is Running[0m
[90m2025-05-28 05:50:20.889[0m [32mINF[0m [36mmodule=[0mpkg/client-go/clients/typed/core/event_expansion.go:25 [36mmsg=[0m---CreateForEventSink---
[90m2025-05-28 05:50:20.891[0m [32mINF[0m [1mGet runtime start event notify, the phase:Running[0m
[90m2025-05-28 05:50:20.906[0m [32mINF[0m [36mmodule=[0mpkg/client-go/clients/typed/core/event_expansion.go:25 [36mmsg=[0m---CreateForEventSink---
[90m2025-05-28 05:50:20.914[0m [32mINF[0m [36mmodule=[0mpkg/client-go/clients/typed/core/event_expansion.go:25 [36mmsg=[0m---CreateForEventSink---
[90m2025-05-28 05:50:20.928[0m [32mINF[0m [1mSTART ：taskStatus:Running,groupStatus:Running, action status: Running, runtime Status: Running[0m
Epoch 1/300, Loss: 0.6965
Epoch 2/300, Loss: 0.6624
Epoch 3/300, Loss: 0.6276
Epoch 4/300, Loss: 0.5930
Epoch 5/300, Loss: 0.5648
Epoch 6/300, Loss: 0.5431
Epoch 7/300, Loss: 0.5194
Epoch 8/300, Loss: 0.5024
Epoch 9/300, Loss: 0.4911
Epoch 10/300, Loss: 0.4671
Epoch 11/300, Loss: 0.4541
Epoch 12/300, Loss: 0.4366
Epoch 13/300, Loss: 0.4304
Epoch 14/300, Loss: 0.4030
Epoch 15/300, Loss: 0.4004
Epoch 16/300, Loss: 0.3827
Epoch 17/300, Loss: 0.3595
Epoch 18/300, Loss: 0.3528
Epoch 19/300, Loss: 0.3265
Epoch 20/300, Loss: 0.3196
Epoch 21/300, Loss: 0.3004
Epoch 22/300, Loss: 0.2840
Epoch 23/300, Loss: 0.2635
Epoch 24/300, Loss: 0.2562
Epoch 25/300, Loss: 0.2414
Epoch 26/300, Loss: 0.2318
Epoch 27/300, Loss: 0.2224
Epoch 28/300, Loss: 0.2091
Epoch 29/300, Loss: 0.1926
Epoch 30/300, Loss: 0.1890
Epoch 31/300, Loss: 0.1700
Epoch 32/300, Loss: 0.1660
Epoch 33/300, Loss: 0.1506
Epoch 34/300, Loss: 0.1529
Epoch 35/300, Loss: 0.1434
Epoch 36/300, Loss: 0.1321
Epoch 37/300, Loss: 0.1311
Epoch 38/300, Loss: 0.1177
Epoch 39/300, Loss: 0.1143
Epoch 40/300, Loss: 0.1036
Epoch 41/300, Loss: 0.0970
Epoch 42/300, Loss: 0.0974
Epoch 43/300, Loss: 0.0902
Epoch 44/300, Loss: 0.0932
Epoch 45/300, Loss: 0.0848
Epoch 46/300, Loss: 0.0807
Epoch 47/300, Loss: 0.0794
Epoch 48/300, Loss: 0.0736
Epoch 49/300, Loss: 0.0741
Epoch 50/300, Loss: 0.0688
Epoch 51/300, Loss: 0.0718
Epoch 52/300, Loss: 0.0635
Epoch 53/300, Loss: 0.0621
Epoch 54/300, Loss: 0.0638
Epoch 55/300, Loss: 0.0564
Epoch 56/300, Loss: 0.0565
Epoch 57/300, Loss: 0.0548
Epoch 58/300, Loss: 0.0567
Epoch 59/300, Loss: 0.0570
Epoch 60/300, Loss: 0.0498
Epoch 61/300, Loss: 0.0511
Epoch 62/300, Loss: 0.0535
Epoch 63/300, Loss: 0.0489
Epoch 64/300, Loss: 0.0481
Epoch 65/300, Loss: 0.0473
Epoch 66/300, Loss: 0.0490
Epoch 67/300, Loss: 0.0465
Epoch 68/300, Loss: 0.0482
Epoch 69/300, Loss: 0.0432
Epoch 70/300, Loss: 0.0479
Epoch 71/300, Loss: 0.0425
Epoch 72/300, Loss: 0.0434
Epoch 73/300, Loss: 0.0441
Epoch 74/300, Loss: 0.0443
Epoch 75/300, Loss: 0.0431
Epoch 76/300, Loss: 0.0423
Epoch 77/300, Loss: 0.0373
Epoch 78/300, Loss: 0.0423
Epoch 79/300, Loss: 0.0381
Epoch 80/300, Loss: 0.0427
Epoch 81/300, Loss: 0.0408
Epoch 82/300, Loss: 0.0457
Epoch 83/300, Loss: 0.0455
Epoch 84/300, Loss: 0.0365
Epoch 85/300, Loss: 0.0370
Epoch 86/300, Loss: 0.0379
Epoch 87/300, Loss: 0.0365
Epoch 88/300, Loss: 0.0434
Epoch 89/300, Loss: 0.0418
Epoch 90/300, Loss: 0.0387
Epoch 91/300, Loss: 0.0334
Epoch 92/300, Loss: 0.0382
Epoch 93/300, Loss: 0.0368
Epoch 94/300, Loss: 0.0387
Epoch 95/300, Loss: 0.0388
Epoch 96/300, Loss: 0.0362
Epoch 97/300, Loss: 0.0332
Epoch 98/300, Loss: 0.0374
Epoch 99/300, Loss: 0.0389
Epoch 100/300, Loss: 0.0366
Epoch 101/300, Loss: 0.0404
Epoch 102/300, Loss: 0.0393
Epoch 103/300, Loss: 0.0320
Epoch 104/300, Loss: 0.0374
Epoch 105/300, Loss: 0.0388
Epoch 106/300, Loss: 0.0327
Epoch 107/300, Loss: 0.0340
Epoch 108/300, Loss: 0.0344
Epoch 109/300, Loss: 0.0344
Epoch 110/300, Loss: 0.0383
Epoch 111/300, Loss: 0.0334
Epoch 112/300, Loss: 0.0323
Epoch 113/300, Loss: 0.0320
Epoch 114/300, Loss: 0.0369
Epoch 115/300, Loss: 0.0312
Epoch 116/300, Loss: 0.0357
Epoch 117/300, Loss: 0.0349
Epoch 118/300, Loss: 0.0301
Epoch 119/300, Loss: 0.0352
Epoch 120/300, Loss: 0.0348
Epoch 121/300, Loss: 0.0315
Epoch 122/300, Loss: 0.0322
Epoch 123/300, Loss: 0.0368
Epoch 124/300, Loss: 0.0325
Epoch 125/300, Loss: 0.0324
Epoch 126/300, Loss: 0.0339
Epoch 127/300, Loss: 0.0384
Epoch 128/300, Loss: 0.0318
Epoch 129/300, Loss: 0.0347
Epoch 130/300, Loss: 0.0308
Epoch 131/300, Loss: 0.0307
Epoch 132/300, Loss: 0.0381
Epoch 133/300, Loss: 0.0321
Epoch 134/300, Loss: 0.0356
Epoch 135/300, Loss: 0.0349
Epoch 136/300, Loss: 0.0290
Epoch 137/300, Loss: 0.0329
Epoch 138/300, Loss: 0.0321
Epoch 139/300, Loss: 0.0323
Epoch 140/300, Loss: 0.0315
Epoch 141/300, Loss: 0.0314
Epoch 142/300, Loss: 0.0309
Epoch 143/300, Loss: 0.0314
Epoch 144/300, Loss: 0.0312
Epoch 145/300, Loss: 0.0297
Epoch 146/300, Loss: 0.0321
Epoch 147/300, Loss: 0.0281
Epoch 148/300, Loss: 0.0335
Epoch 149/300, Loss: 0.0286
Epoch 150/300, Loss: 0.0327
Epoch 151/300, Loss: 0.0303
Epoch 152/300, Loss: 0.0314
Epoch 153/300, Loss: 0.0378
Epoch 154/300, Loss: 0.0308
Epoch 155/300, Loss: 0.0300
Epoch 156/300, Loss: 0.0296
Epoch 157/300, Loss: 0.0288
Epoch 158/300, Loss: 0.0301
Epoch 159/300, Loss: 0.0336
Epoch 160/300, Loss: 0.0316
Epoch 161/300, Loss: 0.0297
Epoch 162/300, Loss: 0.0332
Epoch 163/300, Loss: 0.0338
Epoch 164/300, Loss: 0.0318
Epoch 165/300, Loss: 0.0349
Epoch 166/300, Loss: 0.0293
Epoch 167/300, Loss: 0.0310
Epoch 168/300, Loss: 0.0325
Epoch 169/300, Loss: 0.0411
Epoch 170/300, Loss: 0.0335
Epoch 171/300, Loss: 0.0354
Epoch 172/300, Loss: 0.0343
Epoch 173/300, Loss: 0.0316
Epoch 174/300, Loss: 0.0285
Epoch 175/300, Loss: 0.0292
Epoch 176/300, Loss: 0.0273
Epoch 177/300, Loss: 0.0359
Epoch 178/300, Loss: 0.0280
Epoch 179/300, Loss: 0.0317
Epoch 180/300, Loss: 0.0281
Epoch 181/300, Loss: 0.0329
Epoch 182/300, Loss: 0.0300
Epoch 183/300, Loss: 0.0298
Epoch 184/300, Loss: 0.0303
Epoch 185/300, Loss: 0.0294
Epoch 186/300, Loss: 0.0357
Epoch 187/300, Loss: 0.0324
Epoch 188/300, Loss: 0.0298
Epoch 189/300, Loss: 0.0311
Epoch 190/300, Loss: 0.0364
Epoch 191/300, Loss: 0.0302
Epoch 192/300, Loss: 0.0341
Epoch 193/300, Loss: 0.0377
Epoch 194/300, Loss: 0.0395
Epoch 195/300, Loss: 0.0336
Epoch 196/300, Loss: 0.0293
Epoch 197/300, Loss: 0.0286
Epoch 198/300, Loss: 0.0286
Epoch 199/300, Loss: 0.0307
Epoch 200/300, Loss: 0.0312
Epoch 201/300, Loss: 0.0301
Epoch 202/300, Loss: 0.0337
Epoch 203/300, Loss: 0.0296
Epoch 204/300, Loss: 0.0313
Epoch 205/300, Loss: 0.0289
Epoch 206/300, Loss: 0.0286
Epoch 207/300, Loss: 0.0293
Epoch 208/300, Loss: 0.0280
Epoch 209/300, Loss: 0.0394
Epoch 210/300, Loss: 0.0315
Epoch 211/300, Loss: 0.0394
Epoch 212/300, Loss: 0.0323
Epoch 213/300, Loss: 0.0371
Epoch 214/300, Loss: 0.0430
Epoch 215/300, Loss: 0.0282
Epoch 216/300, Loss: 0.0340
Epoch 217/300, Loss: 0.0352
Epoch 218/300, Loss: 0.0321
Epoch 219/300, Loss: 0.0320
Epoch 220/300, Loss: 0.0319
Epoch 221/300, Loss: 0.0328
Epoch 222/300, Loss: 0.0342
Epoch 223/300, Loss: 0.0292
Epoch 224/300, Loss: 0.0309
Epoch 225/300, Loss: 0.0277
Epoch 226/300, Loss: 0.0338
Epoch 227/300, Loss: 0.0308
Epoch 228/300, Loss: 0.0326
Epoch 229/300, Loss: 0.0321
Epoch 230/300, Loss: 0.0299
Epoch 231/300, Loss: 0.0287
Epoch 232/300, Loss: 0.0340
Epoch 233/300, Loss: 0.0303
Epoch 234/300, Loss: 0.0330
Epoch 235/300, Loss: 0.0284
Epoch 236/300, Loss: 0.0301
Epoch 237/300, Loss: 0.0285
Epoch 238/300, Loss: 0.0313
Epoch 239/300, Loss: 0.0297
Epoch 240/300, Loss: 0.0300
Epoch 241/300, Loss: 0.0346
Epoch 242/300, Loss: 0.0291
Epoch 243/300, Loss: 0.0298
Epoch 244/300, Loss: 0.0330
Epoch 245/300, Loss: 0.0280
Epoch 246/300, Loss: 0.0298
Epoch 247/300, Loss: 0.0315
Epoch 248/300, Loss: 0.0320
Epoch 249/300, Loss: 0.0298
Epoch 250/300, Loss: 0.0290
Epoch 251/300, Loss: 0.0283
Epoch 252/300, Loss: 0.0351
Epoch 253/300, Loss: 0.0343
Epoch 254/300, Loss: 0.0302
Epoch 255/300, Loss: 0.0353
Epoch 256/300, Loss: 0.0316
Epoch 257/300, Loss: 0.0291
Epoch 258/300, Loss: 0.0308
Epoch 259/300, Loss: 0.0297
Epoch 260/300, Loss: 0.0345
Epoch 261/300, Loss: 0.0268
Epoch 262/300, Loss: 0.0316
Epoch 263/300, Loss: 0.0333
Epoch 264/300, Loss: 0.0279
Epoch 265/300, Loss: 0.0307
Epoch 266/300, Loss: 0.0280
Epoch 267/300, Loss: 0.0348
Epoch 268/300, Loss: 0.0327
Epoch 269/300, Loss: 0.0361
Epoch 270/300, Loss: 0.0344
Epoch 271/300, Loss: 0.0293
Epoch 272/300, Loss: 0.0313
Epoch 273/300, Loss: 0.0283
Epoch 274/300, Loss: 0.0298
Epoch 275/300, Loss: 0.0289
Epoch 276/300, Loss: 0.0272
Epoch 277/300, Loss: 0.0278
Epoch 278/300, Loss: 0.0301
Epoch 279/300, Loss: 0.0290
Epoch 280/300, Loss: 0.0336
Epoch 281/300, Loss: 0.0298
Epoch 282/300, Loss: 0.0339
Epoch 283/300, Loss: 0.0291
Epoch 284/300, Loss: 0.0271
Epoch 285/300, Loss: 0.0276
Epoch 286/300, Loss: 0.0275
Epoch 287/300, Loss: 0.0308
Epoch 288/300, Loss: 0.0280
Epoch 289/300, Loss: 0.0312
Epoch 290/300, Loss: 0.0309
Epoch 291/300, Loss: 0.0350
Epoch 292/300, Loss: 0.0262
Epoch 293/300, Loss: 0.0314
Epoch 294/300, Loss: 0.0282
Epoch 295/300, Loss: 0.0292
Epoch 296/300, Loss: 0.0277
Epoch 297/300, Loss: 0.0329
Epoch 298/300, Loss: 0.0300
Epoch 299/300, Loss: 0.0297
Epoch 300/300, Loss: 0.0290
测试集准确率: 0.6545
[90m2025-05-28 05:50:32.239[0m [32mINF[0m [1mcommand T6.G6.A1.R1-0197156e-c82c-7ef8-b965-023bb60d1db7 completed[0m
[90m2025-05-28 05:50:32.239[0m [32mINF[0m [36mmodule=[0mpkg/nodelet/task/monitor/group_monitor.go:1212 [36mmsg=[0m"Handling runtime end status update"
[90m2025-05-28 05:50:32.241[0m [32mINF[0m [1mGet runtime finish event notify, the phase:Succeeded[0m
[90m2025-05-28 05:50:32.283[0m [32mINF[0m [1mruntime.Spec.Name:R1,runtime.Spec.Type:command[0m
[90m2025-05-28 05:50:32.283[0m [32mINF[0m [1mRuntime END: taskStatus:Running, groupStatus:Running, actionStatus:Running, runtimeStatus:Succeeded[0m
[90m2025-05-28 05:50:32.340[0m [32mINF[0m [36mmodule=[0mpkg/nodelet/task/monitor/group_monitor.go:666 [36mmsg=[0m****************************************1234554564**********************
[90m2025-05-28 05:50:32.340[0m [32mINF[0m [1mcommand runtime for runtime task:T6.G6.A1.R2-0197156e-c82c-7ef8-b965-023bb60d1db7[0m
[90m2025-05-28 05:50:32.341[0m [32mINF[0m [1mcommand.go: EnvVar:[{ } {PATH /home/public/anaconda3/envs/yolo/bin/python}][0m
[90m2025-05-28 05:50:32.341[0m [32mINF[0m [1mcommand.go: cmd:python[0m
[90m2025-05-28 05:50:32.341[0m [32mINF[0m [1mpath:PATH, value:/home/public/anaconda3/envs/yolo/bin/python[0m
[90m2025-05-28 05:50:32.341[0m [32mINF[0m [1mafter cmd:/home/public/anaconda3/envs/yolo/bin/python[0m
[90m2025-05-28 05:50:32.341[0m [32mINF[0m [1mruntime Name:	 T6.G6.A1.R2-0197156e-c82c-7ef8-b965-023bb60d1db7 is Running[0m
[90m2025-05-28 05:50:32.341[0m [32mINF[0m [36mmodule=[0mpkg/nodelet/task/monitor/group_monitor.go:1022 [36mmsg=[0m"Handling runtime start status update"
[90m2025-05-28 05:50:32.342[0m [32mINF[0m [1mprocess id:	 2234170 is Running[0m
[90m2025-05-28 05:50:32.342[0m [32mINF[0m [36mmodule=[0mpkg/client-go/clients/typed/core/event_expansion.go:25 [36mmsg=[0m---CreateForEventSink---
[90m2025-05-28 05:50:32.343[0m [32mINF[0m [1mGet runtime start event notify, the phase:Running[0m
[90m2025-05-28 05:50:32.370[0m [32mINF[0m [1mSTART ：taskStatus:Running,groupStatus:Running, action status: Running, runtime Status: Running[0m
[90m2025-05-28 05:50:33.262[0m [32mINF[0m [1mReceive-GroupName：T6.G1-01971570-704a-799b-811a-f95faf81c048,groupStatus:ReadyToDeploy[0m
[90m2025-05-28 05:50:33.263[0m [32mINF[0m [1mcheckResource方法：g.Status.Phase:ReadyToDeploy[0m
[90m2025-05-28 05:50:33.315[0m [32mINF[0m [1m==========================Task的Status.Phase:Running[0m
[90m2025-05-28 05:50:33.492[0m [32mINF[0m [1m****************************ashdkhaskldhklashdk****************************************[0m
[90m2025-05-28 05:50:33.492[0m [32mINF[0m [1mcommand runtime for runtime task:T6.G1.A1.R1-01971570-704a-799b-811a-f95faf81c048[0m
[90m2025-05-28 05:50:33.492[0m [32mINF[0m [1mcommand.go: EnvVar:[{ } {PATH /home/public/anaconda3/envs/yolo/bin/python}][0m
[90m2025-05-28 05:50:33.492[0m [32mINF[0m [1mcommand.go: cmd:python[0m
[90m2025-05-28 05:50:33.492[0m [32mINF[0m [1mpath:PATH, value:/home/public/anaconda3/envs/yolo/bin/python[0m
[90m2025-05-28 05:50:33.492[0m [32mINF[0m [1mafter cmd:/home/public/anaconda3/envs/yolo/bin/python[0m
[90m2025-05-28 05:50:33.493[0m [32mINF[0m [1mruntime Name:	 T6.G1.A1.R1-01971570-704a-799b-811a-f95faf81c048 is Running[0m
[90m2025-05-28 05:50:33.496[0m [32mINF[0m [1mprocess id:	 2234172 is Running[0m
[90m2025-05-28 05:50:33.496[0m [32mINF[0m [36mmodule=[0mpkg/nodelet/task/monitor/group_monitor.go:1022 [36mmsg=[0m"Handling runtime start status update"
[90m2025-05-28 05:50:33.497[0m [32mINF[0m [36mmodule=[0mpkg/client-go/clients/typed/core/event_expansion.go:25 [36mmsg=[0m---CreateForEventSink---
[90m2025-05-28 05:50:33.504[0m [32mINF[0m [1mGet runtime start event notify, the phase:Running[0m
[90m2025-05-28 05:50:33.519[0m [32mINF[0m [36mmodule=[0mpkg/client-go/clients/typed/core/event_expansion.go:25 [36mmsg=[0m---CreateForEventSink---
[90m2025-05-28 05:50:33.527[0m [32mINF[0m [36mmodule=[0mpkg/client-go/clients/typed/core/event_expansion.go:25 [36mmsg=[0m---CreateForEventSink---
[90m2025-05-28 05:50:33.539[0m [32mINF[0m [1mSTART ：taskStatus:Running,groupStatus:Running, action status: Running, runtime Status: Running[0m
New https://pypi.org/project/ultralytics/8.3.146 available 😃 Update with 'pip install -U ultralytics'
Ultralytics 8.3.105 🚀 Python-3.10.16 torch-2.5.1 CPU (Common KVM processor)
[34m[1mengine/trainer: [0mtask=segment, mode=train, model=/home/public/workspace/heongtong_yolo_linux/yolo11x-seg.pt, data=/home/public/workspace/heongtong_yolo_linux/segment_train.yaml, epochs=100, time=None, patience=100, batch=2, imgsz=640, save=True, save_period=-1, cache=False, device=cpu, workers=0, project=None, name=train, exist_ok=False, pretrained=True, optimizer=auto, verbose=True, seed=0, deterministic=True, single_cls=False, rect=False, cos_lr=False, close_mosaic=10, resume=False, amp=True, fraction=1.0, profile=False, freeze=None, multi_scale=False, overlap_mask=True, mask_ratio=4, dropout=0.0, val=True, split=val, save_json=False, conf=None, iou=0.7, max_det=300, half=False, dnn=False, plots=True, source=None, vid_stride=1, stream_buffer=False, visualize=False, augment=False, agnostic_nms=False, classes=None, retina_masks=False, embed=None, show=False, save_frames=False, save_txt=False, save_conf=False, save_crop=False, show_labels=True, show_conf=True, show_boxes=True, line_width=None, format=torchscript, keras=False, optimize=False, int8=False, dynamic=False, simplify=True, opset=None, workspace=None, nms=False, lr0=0.01, lrf=0.01, momentum=0.937, weight_decay=0.0005, warmup_epochs=3.0, warmup_momentum=0.8, warmup_bias_lr=0.1, box=7.5, cls=0.5, dfl=1.5, pose=12.0, kobj=1.0, nbs=64, hsv_h=0.015, hsv_s=0.7, hsv_v=0.4, degrees=0.0, translate=0.1, scale=0.5, shear=0.0, perspective=0.0, flipud=0.0, fliplr=0.5, bgr=0.0, mosaic=1.0, mixup=0.0, copy_paste=0.0, copy_paste_mode=flip, auto_augment=randaugment, erasing=0.4, crop_fraction=1.0, cfg=None, tracker=botsort.yaml, save_dir=runs/segment/train
Overriding model.yaml nc=80 with nc=1

                   from  n    params  module                                       arguments                     
  0                  -1  1      2784  ultralytics.nn.modules.conv.Conv             [3, 96, 3, 2]                 
  1                  -1  1    166272  ultralytics.nn.modules.conv.Conv             [96, 192, 3, 2]               
  2                  -1  2    389760  ultralytics.nn.modules.block.C3k2            [192, 384, 2, True, 0.25]     
  3                  -1  1   1327872  ultralytics.nn.modules.conv.Conv             [384, 384, 3, 2]              
  4                  -1  2   1553664  ultralytics.nn.modules.block.C3k2            [384, 768, 2, True, 0.25]     
  5                  -1  1   5309952  ultralytics.nn.modules.conv.Conv             [768, 768, 3, 2]              
  6                  -1  2   5022720  ultralytics.nn.modules.block.C3k2            [768, 768, 2, True]           
  7                  -1  1   5309952  ultralytics.nn.modules.conv.Conv             [768, 768, 3, 2]              
  8                  -1  2   5022720  ultralytics.nn.modules.block.C3k2            [768, 768, 2, True]           
  9                  -1  1   1476864  ultralytics.nn.modules.block.SPPF            [768, 768, 5]                 
 10                  -1  2   3264768  ultralytics.nn.modules.block.C2PSA           [768, 768, 2]                 
 11                  -1  1         0  torch.nn.modules.upsampling.Upsample         [None, 2, 'nearest']          
 12             [-1, 6]  1         0  ultralytics.nn.modules.conv.Concat           [1]                           
 13                  -1  2   5612544  ultralytics.nn.modules.block.C3k2            [1536, 768, 2, True]          
 14                  -1  1         0  torch.nn.modules.upsampling.Upsample         [None, 2, 'nearest']          
 15             [-1, 4]  1         0  ultralytics.nn.modules.conv.Concat           [1]                           
 16                  -1  2   1700352  ultralytics.nn.modules.block.C3k2            [1536, 384, 2, True]          
 17                  -1  1   1327872  ultralytics.nn.modules.conv.Conv             [384, 384, 3, 2]              
 18            [-1, 13]  1         0  ultralytics.nn.modules.conv.Concat           [1]                           
 19                  -1  2   5317632  ultralytics.nn.modules.block.C3k2            [1152, 768, 2, True]          
 20                  -1  1   5309952  ultralytics.nn.modules.conv.Conv             [768, 768, 3, 2]              
 21            [-1, 10]  1         0  ultralytics.nn.modules.conv.Concat           [1]                           
 22                  -1  2   5612544  ultralytics.nn.modules.block.C3k2            [1536, 768, 2, True]          
 23        [16, 19, 22]  1   8323187  ultralytics.nn.modules.head.Segment          [1, 32, 384, [384, 768, 768]] 
[W528 05:50:40.163783262 NNPACK.cpp:61] Could not initialize NNPACK! Reason: Unsupported hardware.
YOLO11x-seg summary: 379 layers, 62,051,411 parameters, 62,051,395 gradients

Transferred 1071/1077 items from pretrained weights
Freezing layer 'model.23.dfl.conv.weight'
[34m[1mtrain: [0mScanning /home/public/workspace/heongtong_yolo_linux/标签数据集/train/labels.cache... 136 images, 0 backgrounds, 0 corrupt: 100%|██████████| 136/136 [00:00<?, ?it/s][34m[1mtrain: [0mScanning /home/public/workspace/heongtong_yolo_linux/标签数据集/train/labels.cache... 136 images, 0 backgrounds, 0 corrupt: 100%|██████████| 136/136 [00:00<?, ?it/s]
[34m[1mval: [0mScanning /home/public/workspace/heongtong_yolo_linux/标签数据集/valid/labels.cache... 17 images, 0 backgrounds, 0 corrupt: 100%|██████████| 17/17 [00:00<?, ?it/s][34m[1mval: [0mScanning /home/public/workspace/heongtong_yolo_linux/标签数据集/valid/labels.cache... 17 images, 0 backgrounds, 0 corrupt: 100%|██████████| 17/17 [00:00<?, ?it/s]
Plotting labels to runs/segment/train/labels.jpg... 
[34m[1moptimizer:[0m 'optimizer=auto' found, ignoring 'lr0=0.01' and 'momentum=0.937' and determining best 'optimizer', 'lr0' and 'momentum' automatically... 
[34m[1moptimizer:[0m AdamW(lr=0.002, momentum=0.9) with parameter groups 176 weight(decay=0.0), 187 weight(decay=0.0005), 186 bias(decay=0.0)
Image sizes 640 train, 640 val
Using 0 dataloader workers
Logging results to [1mruns/segment/train[0m
Starting training for 100 epochs...

      Epoch    GPU_mem   box_loss   seg_loss   cls_loss   dfl_loss  Instances       Size
  0%|          | 0/68 [00:00<?, ?it/s]Epoch 1/300, Loss: 0.6614
Epoch 2/300, Loss: 0.6301
Epoch 3/300, Loss: 0.6049
Epoch 4/300, Loss: 0.5895
Epoch 5/300, Loss: 0.5679
Epoch 6/300, Loss: 0.5392
Epoch 7/300, Loss: 0.5141
Epoch 8/300, Loss: 0.4908
Epoch 9/300, Loss: 0.4633
Epoch 10/300, Loss: 0.4463
Epoch 11/300, Loss: 0.4317
Epoch 12/300, Loss: 0.4158
Epoch 13/300, Loss: 0.3971
Epoch 14/300, Loss: 0.3807
Epoch 15/300, Loss: 0.3805
Epoch 16/300, Loss: 0.3563
Epoch 17/300, Loss: 0.3478
Epoch 18/300, Loss: 0.3233
Epoch 19/300, Loss: 0.3209
Epoch 20/300, Loss: 0.3006
Epoch 21/300, Loss: 0.2851
Epoch 22/300, Loss: 0.2691
Epoch 23/300, Loss: 0.2577
Epoch 24/300, Loss: 0.2529
Epoch 25/300, Loss: 0.2249
Epoch 26/300, Loss: 0.2266
Epoch 27/300, Loss: 0.2061
Epoch 28/300, Loss: 0.1967
Epoch 29/300, Loss: 0.1878
Epoch 30/300, Loss: 0.1781
Epoch 31/300, Loss: 0.1718
Epoch 32/300, Loss: 0.1556
Epoch 33/300, Loss: 0.1516
Epoch 34/300, Loss: 0.1434
Epoch 35/300, Loss: 0.1361
Epoch 36/300, Loss: 0.1307
Epoch 37/300, Loss: 0.1244
Epoch 38/300, Loss: 0.1154
Epoch 39/300, Loss: 0.1125
Epoch 40/300, Loss: 0.1023
Epoch 41/300, Loss: 0.1077
Epoch 42/300, Loss: 0.1052
Epoch 43/300, Loss: 0.0903
Epoch 44/300, Loss: 0.0908
Epoch 45/300, Loss: 0.0834
Epoch 46/300, Loss: 0.0851
Epoch 47/300, Loss: 0.0778
Epoch 48/300, Loss: 0.0765
Epoch 49/300, Loss: 0.0725
Epoch 50/300, Loss: 0.0747
Epoch 51/300, Loss: 0.0714
Epoch 52/300, Loss: 0.0667
Epoch 53/300, Loss: 0.0654
Epoch 54/300, Loss: 0.0617
Epoch 55/300, Loss: 0.0611
Epoch 56/300, Loss: 0.0571
Epoch 57/300, Loss: 0.0564
Epoch 58/300, Loss: 0.0555
Epoch 59/300, Loss: 0.0579
Epoch 60/300, Loss: 0.0548
Epoch 61/300, Loss: 0.0508
Epoch 62/300, Loss: 0.0525
Epoch 63/300, Loss: 0.0502
Epoch 64/300, Loss: 0.0476
Epoch 65/300, Loss: 0.0503
Epoch 66/300, Loss: 0.0477
Epoch 67/300, Loss: 0.0457
Epoch 68/300, Loss: 0.0424
Epoch 69/300, Loss: 0.0454
Epoch 70/300, Loss: 0.0432
Epoch 71/300, Loss: 0.0413
Epoch 72/300, Loss: 0.0423
Epoch 73/300, Loss: 0.0468
Epoch 74/300, Loss: 0.0425
Epoch 75/300, Loss: 0.0444
Epoch 76/300, Loss: 0.0408
Epoch 77/300, Loss: 0.0399
Epoch 78/300, Loss: 0.0386
Epoch 79/300, Loss: 0.0414
Epoch 80/300, Loss: 0.0385
Epoch 81/300, Loss: 0.0404
Epoch 82/300, Loss: 0.0366
Epoch 83/300, Loss: 0.0406
Epoch 84/300, Loss: 0.0360
Epoch 85/300, Loss: 0.0382
Epoch 86/300, Loss: 0.0376
Epoch 87/300, Loss: 0.0394
Epoch 88/300, Loss: 0.0375
Epoch 89/300, Loss: 0.0419
Epoch 90/300, Loss: 0.0436
Epoch 91/300, Loss: 0.0343
Epoch 92/300, Loss: 0.0433
Epoch 93/300, Loss: 0.0364
Epoch 94/300, Loss: 0.0388
Epoch 95/300, Loss: 0.0365
Epoch 96/300, Loss: 0.0350
Epoch 97/300, Loss: 0.0325
Epoch 98/300, Loss: 0.0389
Epoch 99/300, Loss: 0.0337
Epoch 100/300, Loss: 0.0346
Epoch 101/300, Loss: 0.0336
Epoch 102/300, Loss: 0.0316
Epoch 103/300, Loss: 0.0356
Epoch 104/300, Loss: 0.0320
Epoch 105/300, Loss: 0.0392
Epoch 106/300, Loss: 0.0304
Epoch 107/300, Loss: 0.0342
Epoch 108/300, Loss: 0.0407
Epoch 109/300, Loss: 0.0357
Epoch 110/300, Loss: 0.0315
Epoch 111/300, Loss: 0.0310
Epoch 112/300, Loss: 0.0319
Epoch 113/300, Loss: 0.0337
Epoch 114/300, Loss: 0.0321
Epoch 115/300, Loss: 0.0322
Epoch 116/300, Loss: 0.0375
Epoch 117/300, Loss: 0.0484
Epoch 118/300, Loss: 0.0371
Epoch 119/300, Loss: 0.0325
Epoch 120/300, Loss: 0.0352
Epoch 121/300, Loss: 0.0321
Epoch 122/300, Loss: 0.0338
Epoch 123/300, Loss: 0.0327
Epoch 124/300, Loss: 0.0342
Epoch 125/300, Loss: 0.0333
Epoch 126/300, Loss: 0.0349
Epoch 127/300, Loss: 0.0319
Epoch 128/300, Loss: 0.0341
Epoch 129/300, Loss: 0.0309
Epoch 130/300, Loss: 0.0373
Epoch 131/300, Loss: 0.0311
Epoch 132/300, Loss: 0.0343
Epoch 133/300, Loss: 0.0354
Epoch 134/300, Loss: 0.0327
Epoch 135/300, Loss: 0.0333
Epoch 136/300, Loss: 0.0323
Epoch 137/300, Loss: 0.0316
Epoch 138/300, Loss: 0.0340
Epoch 139/300, Loss: 0.0323
Epoch 140/300, Loss: 0.0348
Epoch 141/300, Loss: 0.0323
Epoch 142/300, Loss: 0.0369
Epoch 143/300, Loss: 0.0348
Epoch 144/300, Loss: 0.0325
Epoch 145/300, Loss: 0.0313
Epoch 146/300, Loss: 0.0324
Epoch 147/300, Loss: 0.0287
Epoch 148/300, Loss: 0.0286
Epoch 149/300, Loss: 0.0295
Epoch 150/300, Loss: 0.0286
Epoch 151/300, Loss: 0.0296
Epoch 152/300, Loss: 0.0282
Epoch 153/300, Loss: 0.0311
Epoch 154/300, Loss: 0.0359
Epoch 155/300, Loss: 0.0278
Epoch 156/300, Loss: 0.0335
Epoch 157/300, Loss: 0.0296
Epoch 158/300, Loss: 0.0314
Epoch 159/300, Loss: 0.0351
Epoch 160/300, Loss: 0.0339
Epoch 161/300, Loss: 0.0304
Epoch 162/300, Loss: 0.0338
Epoch 163/300, Loss: 0.0307
Epoch 164/300, Loss: 0.0339
Epoch 165/300, Loss: 0.0313
Epoch 166/300, Loss: 0.0317
Epoch 167/300, Loss: 0.0288
Epoch 168/300, Loss: 0.0309
Epoch 169/300, Loss: 0.0294
Epoch 170/300, Loss: 0.0293
Epoch 171/300, Loss: 0.0300
Epoch 172/300, Loss: 0.0322
Epoch 173/300, Loss: 0.0323
Epoch 174/300, Loss: 0.0379
Epoch 175/300, Loss: 0.0336
Epoch 176/300, Loss: 0.0353
Epoch 177/300, Loss: 0.0300
Epoch 178/300, Loss: 0.0304
Epoch 179/300, Loss: 0.0296
Epoch 180/300, Loss: 0.0296
Epoch 181/300, Loss: 0.0295
Epoch 182/300, Loss: 0.0332
Epoch 183/300, Loss: 0.0300
Epoch 184/300, Loss: 0.0309
Epoch 185/300, Loss: 0.0289
Epoch 186/300, Loss: 0.0321
Epoch 187/300, Loss: 0.0331
Epoch 188/300, Loss: 0.0327
Epoch 189/300, Loss: 0.0295
Epoch 190/300, Loss: 0.0298
Epoch 191/300, Loss: 0.0307
Epoch 192/300, Loss: 0.0309
Epoch 193/300, Loss: 0.0309
Epoch 194/300, Loss: 0.0330
Epoch 195/300, Loss: 0.0305
Epoch 196/300, Loss: 0.0289
Epoch 197/300, Loss: 0.0307
Epoch 198/300, Loss: 0.0278
Epoch 199/300, Loss: 0.0334
Epoch 200/300, Loss: 0.0351
Epoch 201/300, Loss: 0.0315
Epoch 202/300, Loss: 0.0293
Epoch 203/300, Loss: 0.0278
Epoch 204/300, Loss: 0.0304
Epoch 205/300, Loss: 0.0331
Epoch 206/300, Loss: 0.0331
Epoch 207/300, Loss: 0.0316
Epoch 208/300, Loss: 0.0282
Epoch 209/300, Loss: 0.0282
Epoch 210/300, Loss: 0.0300
Epoch 211/300, Loss: 0.0286
Epoch 212/300, Loss: 0.0306
Epoch 213/300, Loss: 0.0377
Epoch 214/300, Loss: 0.0299
Epoch 215/300, Loss: 0.0347
Epoch 216/300, Loss: 0.0353
Epoch 217/300, Loss: 0.0301
Epoch 218/300, Loss: 0.0292
Epoch 219/300, Loss: 0.0325
Epoch 220/300, Loss: 0.0277
Epoch 221/300, Loss: 0.0287
Epoch 222/300, Loss: 0.0307
Epoch 223/300, Loss: 0.0354
Epoch 224/300, Loss: 0.0279
Epoch 225/300, Loss: 0.0301
Epoch 226/300, Loss: 0.0273
Epoch 227/300, Loss: 0.0280
Epoch 228/300, Loss: 0.0288
Epoch 229/300, Loss: 0.0346
Epoch 230/300, Loss: 0.0375
Epoch 231/300, Loss: 0.0344
Epoch 232/300, Loss: 0.0328
Epoch 233/300, Loss: 0.0301
Epoch 234/300, Loss: 0.0291
Epoch 235/300, Loss: 0.0278
Epoch 236/300, Loss: 0.0301
Epoch 237/300, Loss: 0.0325
Epoch 238/300, Loss: 0.0339
Epoch 239/300, Loss: 0.0302
Epoch 240/300, Loss: 0.0300
Epoch 241/300, Loss: 0.0285
Epoch 242/300, Loss: 0.0276
Epoch 243/300, Loss: 0.0347
Epoch 244/300, Loss: 0.0282
Epoch 245/300, Loss: 0.0304
Epoch 246/300, Loss: 0.0292
Epoch 247/300, Loss: 0.0364
Epoch 248/300, Loss: 0.0265
Epoch 249/300, Loss: 0.0327
Epoch 250/300, Loss: 0.0309
Epoch 251/300, Loss: 0.0313
Epoch 252/300, Loss: 0.0275
Epoch 253/300, Loss: 0.0293
Epoch 254/300, Loss: 0.0278
Epoch 255/300, Loss: 0.0288
Epoch 256/300, Loss: 0.0329
Epoch 257/300, Loss: 0.0324
Epoch 258/300, Loss: 0.0360
Epoch 259/300, Loss: 0.0304
Epoch 260/300, Loss: 0.0300
Epoch 261/300, Loss: 0.0286
Epoch 262/300, Loss: 0.0342
Epoch 263/300, Loss: 0.0334
Epoch 264/300, Loss: 0.0356
Epoch 265/300, Loss: 0.0291
Epoch 266/300, Loss: 0.0297
Epoch 267/300, Loss: 0.0281
Epoch 268/300, Loss: 0.0291
Epoch 269/300, Loss: 0.0275
Epoch 270/300, Loss: 0.0283
Epoch 271/300, Loss: 0.0311
Epoch 272/300, Loss: 0.0358
Epoch 273/300, Loss: 0.0295
Epoch 274/300, Loss: 0.0330
Epoch 275/300, Loss: 0.0289
Epoch 276/300, Loss: 0.0301
Epoch 277/300, Loss: 0.0296
Epoch 278/300, Loss: 0.0324
Epoch 279/300, Loss: 0.0322
Epoch 280/300, Loss: 0.0303
Epoch 281/300, Loss: 0.0293
Epoch 282/300, Loss: 0.0290
Epoch 283/300, Loss: 0.0312
Epoch 284/300, Loss: 0.0288
Epoch 285/300, Loss: 0.0291
Epoch 286/300, Loss: 0.0281
Epoch 287/300, Loss: 0.0313
Epoch 288/300, Loss: 0.0288
Epoch 289/300, Loss: 0.0341
Epoch 290/300, Loss: 0.0290
Epoch 291/300, Loss: 0.0317
Epoch 292/300, Loss: 0.0264
Epoch 293/300, Loss: 0.0274
Epoch 294/300, Loss: 0.0335
Epoch 295/300, Loss: 0.0287
Epoch 296/300, Loss: 0.0281
Epoch 297/300, Loss: 0.0276
Epoch 298/300, Loss: 0.0286
Epoch 299/300, Loss: 0.0278
Epoch 300/300, Loss: 0.0271
测试集准确率: 0.7091
[90m2025-05-28 05:50:51.469[0m [32mINF[0m [1mcommand T6.G6.A1.R2-0197156e-c82c-7ef8-b965-023bb60d1db7 completed[0m
[90m2025-05-28 05:50:51.470[0m [32mINF[0m [36mmodule=[0mpkg/nodelet/task/monitor/group_monitor.go:1212 [36mmsg=[0m"Handling runtime end status update"
[90m2025-05-28 05:50:51.471[0m [32mINF[0m [1mGet runtime finish event notify, the phase:Succeeded[0m
[90m2025-05-28 05:50:51.483[0m [32mINF[0m [1m=======================runtimeHasSucceed:true[0m
[90m2025-05-28 05:50:51.489[0m [32mINF[0m [1m-----------------------------runtimeHasSucceed:true[0m
[90m2025-05-28 05:50:51.490[0m [32mINF[0m [36mmodule=[0mpkg/client-go/clients/typed/core/event_expansion.go:25 [36mmsg=[0m---CreateForEventSink---
[90m2025-05-28 05:50:51.500[0m [32mINF[0m [36mmodule=[0mpkg/client-go/clients/typed/core/event_expansion.go:25 [36mmsg=[0m---CreateForEventSink---
[90m2025-05-28 05:50:51.516[0m [32mINF[0m [1mruntime.Spec.Name:R2,runtime.Spec.Type:command[0m
[90m2025-05-28 05:50:51.517[0m [32mINF[0m [1mRuntime END: taskStatus:Running, groupStatus:Succeeded, actionStatus:Succeeded, runtimeStatus:Succeeded[0m
[90m2025-05-28 05:50:51.550[0m [32mINF[0m [36mmodule=[0mpkg/nodelet/task/monitor/group_monitor.go:778 [36mmsg=[0m"Move to completed queue"
[90m2025-05-28 05:50:51.985[0m [32mINF[0m [1mbrotherGroupName:T6.G4-0197156e-c82c-7ef8-b965-023bb60d1db7[0m
[90m2025-05-28 05:50:51.987[0m [32mINF[0m [1mDelete group:G6[0m
[90m2025-05-28 05:50:51.987[0m [32mINF[0m [1mgroup_manager删除group：T6.G6-0197156e-c82c-7ef8-b965-023bb60d1db7[0m
[90m2025-05-28 05:50:57.177[0m [32mINF[0m [1mcommand T6.G1.A1.R1-01971570-704a-799b-811a-f95faf81c048 completed[0m
[90m2025-05-28 05:50:57.177[0m [32mINF[0m [36mmodule=[0mpkg/nodelet/task/monitor/group_monitor.go:1212 [36mmsg=[0m"Handling runtime end status update"
[90m2025-05-28 05:50:57.179[0m [32mINF[0m [1mGet runtime finish event notify, the phase:Succeeded[0m
[90m2025-05-28 05:50:57.209[0m [32mINF[0m [1mruntime.Spec.Name:R1,runtime.Spec.Type:command[0m
[90m2025-05-28 05:50:57.209[0m [32mINF[0m [1mRuntime END: taskStatus:Running, groupStatus:Running, actionStatus:Running, runtimeStatus:Succeeded[0m
[90m2025-05-28 05:50:57.298[0m [32mINF[0m [36mmodule=[0mpkg/nodelet/task/monitor/group_monitor.go:666 [36mmsg=[0m****************************************1234554564**********************
[90m2025-05-28 05:50:57.298[0m [32mINF[0m [1mcommand runtime for runtime task:T6.G1.A1.R2-01971570-704a-799b-811a-f95faf81c048[0m
[90m2025-05-28 05:50:57.298[0m [32mINF[0m [1mcommand.go: EnvVar:[{ } {PATH /home/public/anaconda3/envs/yolo/bin/python}][0m
[90m2025-05-28 05:50:57.298[0m [32mINF[0m [1mcommand.go: cmd:python[0m
[90m2025-05-28 05:50:57.298[0m [32mINF[0m [1mpath:PATH, value:/home/public/anaconda3/envs/yolo/bin/python[0m
[90m2025-05-28 05:50:57.298[0m [32mINF[0m [1mafter cmd:/home/public/anaconda3/envs/yolo/bin/python[0m
[90m2025-05-28 05:50:57.298[0m [32mINF[0m [1mruntime Name:	 T6.G1.A1.R2-01971570-704a-799b-811a-f95faf81c048 is Running[0m
[90m2025-05-28 05:50:57.299[0m [32mINF[0m [1mprocess id:	 2234356 is Running[0m
[90m2025-05-28 05:50:57.299[0m [32mINF[0m [36mmodule=[0mpkg/nodelet/task/monitor/group_monitor.go:1022 [36mmsg=[0m"Handling runtime start status update"
[90m2025-05-28 05:50:57.299[0m [32mINF[0m [36mmodule=[0mpkg/client-go/clients/typed/core/event_expansion.go:25 [36mmsg=[0m---CreateForEventSink---
[90m2025-05-28 05:50:57.301[0m [32mINF[0m [1mGet runtime start event notify, the phase:Running[0m
[90m2025-05-28 05:50:57.335[0m [32mINF[0m [1mSTART ：taskStatus:Running,groupStatus:Running, action status: Running, runtime Status: Running[0m
[90m2025-05-28 05:51:00.137[0m [32mINF[0m [1mReceive-GroupName：T5.G1-01971570-ffb4-7428-97f7-e1a92ed611de,groupStatus:ReadyToDeploy[0m
[90m2025-05-28 05:51:00.137[0m [32mINF[0m [1mcheckResource方法：g.Status.Phase:ReadyToDeploy[0m
[90m2025-05-28 05:51:00.182[0m [32mINF[0m [1m==========================Task的Status.Phase:Running[0m
[90m2025-05-28 05:51:00.524[0m [32mINF[0m [1m****************************ashdkhaskldhklashdk****************************************[0m
[90m2025-05-28 05:51:00.524[0m [32mINF[0m [1mcommand runtime for runtime task:T5.G1.A1.R1-01971570-ffb4-7428-97f7-e1a92ed611de[0m
[90m2025-05-28 05:51:00.524[0m [32mINF[0m [1mcommand.go: EnvVar:[{ } {PATH /home/public/anaconda3/envs/yolo/bin/python}][0m
[90m2025-05-28 05:51:00.524[0m [32mINF[0m [1mcommand.go: cmd:python[0m
[90m2025-05-28 05:51:00.524[0m [32mINF[0m [1mpath:PATH, value:/home/public/anaconda3/envs/yolo/bin/python[0m
[90m2025-05-28 05:51:00.524[0m [32mINF[0m [1mafter cmd:/home/public/anaconda3/envs/yolo/bin/python[0m
[90m2025-05-28 05:51:00.524[0m [32mINF[0m [1mruntime Name:	 T5.G1.A1.R1-01971570-ffb4-7428-97f7-e1a92ed611de is Running[0m
[90m2025-05-28 05:51:00.525[0m [32mINF[0m [1mprocess id:	 2234609 is Running[0m
[90m2025-05-28 05:51:00.525[0m [32mINF[0m [36mmodule=[0mpkg/nodelet/task/monitor/group_monitor.go:1022 [36mmsg=[0m"Handling runtime start status update"
[90m2025-05-28 05:51:00.525[0m [32mINF[0m [36mmodule=[0mpkg/client-go/clients/typed/core/event_expansion.go:25 [36mmsg=[0m---CreateForEventSink---
[90m2025-05-28 05:51:00.527[0m [32mINF[0m [1mGet runtime start event notify, the phase:Running[0m
[90m2025-05-28 05:51:00.551[0m [32mINF[0m [36mmodule=[0mpkg/client-go/clients/typed/core/event_expansion.go:25 [36mmsg=[0m---CreateForEventSink---
[90m2025-05-28 05:51:00.558[0m [32mINF[0m [36mmodule=[0mpkg/client-go/clients/typed/core/event_expansion.go:25 [36mmsg=[0m---CreateForEventSink---
[90m2025-05-28 05:51:00.572[0m [32mINF[0m [1mSTART ：taskStatus:Running,groupStatus:Running, action status: Running, runtime Status: Running[0m

New https://pypi.org/project/ultralytics/8.3.146 available 😃 Update with 'pip install -U ultralytics'
Ultralytics 8.3.105 🚀 Python-3.10.16 torch-2.5.1 CPU (Common KVM processor)
[34m[1mengine/trainer: [0mtask=segment, mode=train, model=/home/public/workspace/heongtong_yolo_linux/yolo11x-seg.pt, data=/home/public/workspace/heongtong_yolo_linux/segment_train.yaml, epochs=100, time=None, patience=100, batch=2, imgsz=640, save=True, save_period=-1, cache=False, device=cpu, workers=0, project=None, name=train, exist_ok=False, pretrained=True, optimizer=auto, verbose=True, seed=0, deterministic=True, single_cls=False, rect=False, cos_lr=False, close_mosaic=10, resume=False, amp=True, fraction=1.0, profile=False, freeze=None, multi_scale=False, overlap_mask=True, mask_ratio=4, dropout=0.0, val=True, split=val, save_json=False, conf=None, iou=0.7, max_det=300, half=False, dnn=False, plots=True, source=None, vid_stride=1, stream_buffer=False, visualize=False, augment=False, agnostic_nms=False, classes=None, retina_masks=False, embed=None, show=False, save_frames=False, save_txt=False, save_conf=False, save_crop=False, show_labels=True, show_conf=True, show_boxes=True, line_width=None, format=torchscript, keras=False, optimize=False, int8=False, dynamic=False, simplify=True, opset=None, workspace=None, nms=False, lr0=0.01, lrf=0.01, momentum=0.937, weight_decay=0.0005, warmup_epochs=3.0, warmup_momentum=0.8, warmup_bias_lr=0.1, box=7.5, cls=0.5, dfl=1.5, pose=12.0, kobj=1.0, nbs=64, hsv_h=0.015, hsv_s=0.7, hsv_v=0.4, degrees=0.0, translate=0.1, scale=0.5, shear=0.0, perspective=0.0, flipud=0.0, fliplr=0.5, bgr=0.0, mosaic=1.0, mixup=0.0, copy_paste=0.0, copy_paste_mode=flip, auto_augment=randaugment, erasing=0.4, crop_fraction=1.0, cfg=None, tracker=botsort.yaml, save_dir=runs/segment/train
Overriding model.yaml nc=80 with nc=1

                   from  n    params  module                                       arguments                     
  0                  -1  1      2784  ultralytics.nn.modules.conv.Conv             [3, 96, 3, 2]                 
  1                  -1  1    166272  ultralytics.nn.modules.conv.Conv             [96, 192, 3, 2]               
  2                  -1  2    389760  ultralytics.nn.modules.block.C3k2            [192, 384, 2, True, 0.25]     
  3                  -1  1   1327872  ultralytics.nn.modules.conv.Conv             [384, 384, 3, 2]              
  4                  -1  2   1553664  ultralytics.nn.modules.block.C3k2            [384, 768, 2, True, 0.25]     
  5                  -1  1   5309952  ultralytics.nn.modules.conv.Conv             [768, 768, 3, 2]              
  6                  -1  2   5022720  ultralytics.nn.modules.block.C3k2            [768, 768, 2, True]           
  7                  -1  1   5309952  ultralytics.nn.modules.conv.Conv             [768, 768, 3, 2]              
  8                  -1  2   5022720  ultralytics.nn.modules.block.C3k2            [768, 768, 2, True]           
  9                  -1  1   1476864  ultralytics.nn.modules.block.SPPF            [768, 768, 5]                 
 10                  -1  2   3264768  ultralytics.nn.modules.block.C2PSA           [768, 768, 2]                 
 11                  -1  1         0  torch.nn.modules.upsampling.Upsample         [None, 2, 'nearest']          
 12             [-1, 6]  1         0  ultralytics.nn.modules.conv.Concat           [1]                           
 13                  -1  2   5612544  ultralytics.nn.modules.block.C3k2            [1536, 768, 2, True]          
 14                  -1  1         0  torch.nn.modules.upsampling.Upsample         [None, 2, 'nearest']          
 15             [-1, 4]  1         0  ultralytics.nn.modules.conv.Concat           [1]                           
 16                  -1  2   1700352  ultralytics.nn.modules.block.C3k2            [1536, 384, 2, True]          
 17                  -1  1   1327872  ultralytics.nn.modules.conv.Conv             [384, 384, 3, 2]              
 18            [-1, 13]  1         0  ultralytics.nn.modules.conv.Concat           [1]                           
 19                  -1  2   5317632  ultralytics.nn.modules.block.C3k2            [1152, 768, 2, True]          
 20                  -1  1   5309952  ultralytics.nn.modules.conv.Conv             [768, 768, 3, 2]              
 21            [-1, 10]  1         0  ultralytics.nn.modules.conv.Concat           [1]                           
 22                  -1  2   5612544  ultralytics.nn.modules.block.C3k2            [1536, 768, 2, True]          
 23        [16, 19, 22]  1   8323187  ultralytics.nn.modules.head.Segment          [1, 32, 384, [384, 768, 768]] 
[W528 05:51:05.756237673 NNPACK.cpp:61] Could not initialize NNPACK! Reason: Unsupported hardware.
YOLO11x-seg summary: 379 layers, 62,051,411 parameters, 62,051,395 gradients

Transferred 1071/1077 items from pretrained weights
Freezing layer 'model.23.dfl.conv.weight'
[34m[1mtrain: [0mScanning /home/public/workspace/heongtong_yolo_linux/标签数据集/train/labels.cache... 136 images, 0 backgrounds, 0 corrupt: 100%|██████████| 136/136 [00:00<?, ?it/s][34m[1mtrain: [0mScanning /home/public/workspace/heongtong_yolo_linux/标签数据集/train/labels.cache... 136 images, 0 backgrounds, 0 corrupt: 100%|██████████| 136/136 [00:00<?, ?it/s]
[34m[1mval: [0mScanning /home/public/workspace/heongtong_yolo_linux/标签数据集/valid/labels.cache... 17 images, 0 backgrounds, 0 corrupt: 100%|██████████| 17/17 [00:00<?, ?it/s][34m[1mval: [0mScanning /home/public/workspace/heongtong_yolo_linux/标签数据集/valid/labels.cache... 17 images, 0 backgrounds, 0 corrupt: 100%|██████████| 17/17 [00:00<?, ?it/s]
image 1/2 /home/public/workspace/heongtong_yolo_linux/test_picture1.jpg: 480x640 3 infoTags, 3828.9ms
Plotting labels to runs/segment/train/labels.jpg... 
[34m[1moptimizer:[0m 'optimizer=auto' found, ignoring 'lr0=0.01' and 'momentum=0.937' and determining best 'optimizer', 'lr0' and 'momentum' automatically... 
[34m[1moptimizer:[0m AdamW(lr=0.002, momentum=0.9) with parameter groups 176 weight(decay=0.0), 187 weight(decay=0.0005), 186 bias(decay=0.0)
Image sizes 640 train, 640 val
Using 0 dataloader workers
Logging results to [1mruns/segment/train[0m
Starting training for 100 epochs...

      Epoch    GPU_mem   box_loss   seg_loss   cls_loss   dfl_loss  Instances       Size
  0%|          | 0/68 [00:00<?, ?it/s]image 2/2 /home/public/workspace/heongtong_yolo_linux/test_picture2.jpg: 480x640 7 infoTags, 3787.4ms
Speed: 9.0ms preprocess, 3808.2ms inference, 6.9ms postprocess per image at shape (1, 3, 480, 640)
[90m2025-05-28 05:51:10.938[0m [32mINF[0m [1mcommand T6.G1.A1.R2-01971570-704a-799b-811a-f95faf81c048 completed[0m
[90m2025-05-28 05:51:10.938[0m [32mINF[0m [36mmodule=[0mpkg/nodelet/task/monitor/group_monitor.go:1212 [36mmsg=[0m"Handling runtime end status update"
[90m2025-05-28 05:51:10.941[0m [32mINF[0m [1mGet runtime finish event notify, the phase:Succeeded[0m
[90m2025-05-28 05:51:10.955[0m [32mINF[0m [1m=======================runtimeHasSucceed:true[0m
[90m2025-05-28 05:51:10.962[0m [32mINF[0m [1m-----------------------------runtimeHasSucceed:true[0m
[90m2025-05-28 05:51:10.962[0m [32mINF[0m [36mmodule=[0mpkg/client-go/clients/typed/core/event_expansion.go:25 [36mmsg=[0m---CreateForEventSink---
[90m2025-05-28 05:51:10.971[0m [32mINF[0m [36mmodule=[0mpkg/client-go/clients/typed/core/event_expansion.go:25 [36mmsg=[0m---CreateForEventSink---
[90m2025-05-28 05:51:10.982[0m [32mINF[0m [36mmodule=[0mpkg/nodelet/task/monitor/group_monitor.go:778 [36mmsg=[0m"Move to completed queue"
[90m2025-05-28 05:51:10.983[0m [32mINF[0m [36mmodule=[0mpkg/client-go/clients/typed/core/event_expansion.go:25 [36mmsg=[0m---CreateForEventSink---
[90m2025-05-28 05:51:11.000[0m [32mINF[0m [1mruntime.Spec.Name:R2,runtime.Spec.Type:command[0m
[90m2025-05-28 05:51:11.000[0m [32mINF[0m [1mRuntime END: taskStatus:Running, groupStatus:Succeeded, actionStatus:Succeeded, runtimeStatus:Succeeded[0m
[90m2025-05-28 05:51:12.101[0m [32mINF[0m [1mbrotherGroupName:T6.G2-01971570-704a-799b-811a-f95faf81c048[0m
[90m2025-05-28 05:51:12.104[0m [32mINF[0m [1mDelete group:G1[0m
[90m2025-05-28 05:51:12.104[0m [32mINF[0m [1mgroup_manager删除group：T6.G1-01971570-704a-799b-811a-f95faf81c048[0m
[90m2025-05-28 05:51:23.495[0m [32mINF[0m [1mcommand T5.G1.A1.R1-01971570-ffb4-7428-97f7-e1a92ed611de completed[0m
[90m2025-05-28 05:51:23.495[0m [32mINF[0m [36mmodule=[0mpkg/nodelet/task/monitor/group_monitor.go:1212 [36mmsg=[0m"Handling runtime end status update"
[90m2025-05-28 05:51:23.497[0m [32mINF[0m [1mGet runtime finish event notify, the phase:Succeeded[0m
[90m2025-05-28 05:51:23.533[0m [32mINF[0m [1mruntime.Spec.Name:R1,runtime.Spec.Type:command[0m
[90m2025-05-28 05:51:23.534[0m [32mINF[0m [1mRuntime END: taskStatus:Running, groupStatus:Running, actionStatus:Running, runtimeStatus:Succeeded[0m
[90m2025-05-28 05:51:23.608[0m [32mINF[0m [36mmodule=[0mpkg/nodelet/task/monitor/group_monitor.go:666 [36mmsg=[0m****************************************1234554564**********************
[90m2025-05-28 05:51:23.608[0m [32mINF[0m [1mcommand runtime for runtime task:T5.G1.A1.R2-01971570-ffb4-7428-97f7-e1a92ed611de[0m
[90m2025-05-28 05:51:23.608[0m [32mINF[0m [1mcommand.go: EnvVar:[{ } {PATH /home/public/anaconda3/envs/yolo/bin/python}][0m
[90m2025-05-28 05:51:23.608[0m [32mINF[0m [1mcommand.go: cmd:python[0m
[90m2025-05-28 05:51:23.609[0m [32mINF[0m [1mpath:PATH, value:/home/public/anaconda3/envs/yolo/bin/python[0m
[90m2025-05-28 05:51:23.609[0m [32mINF[0m [1mafter cmd:/home/public/anaconda3/envs/yolo/bin/python[0m
[90m2025-05-28 05:51:23.609[0m [32mINF[0m [1mruntime Name:	 T5.G1.A1.R2-01971570-ffb4-7428-97f7-e1a92ed611de is Running[0m
[90m2025-05-28 05:51:23.610[0m [32mINF[0m [1mprocess id:	 2234737 is Running[0m
[90m2025-05-28 05:51:23.610[0m [32mINF[0m [36mmodule=[0mpkg/client-go/clients/typed/core/event_expansion.go:25 [36mmsg=[0m---CreateForEventSink---
[90m2025-05-28 05:51:23.610[0m [32mINF[0m [36mmodule=[0mpkg/nodelet/task/monitor/group_monitor.go:1022 [36mmsg=[0m"Handling runtime start status update"
[90m2025-05-28 05:51:23.616[0m [32mINF[0m [1mGet runtime start event notify, the phase:Running[0m
[90m2025-05-28 05:51:23.644[0m [32mINF[0m [1mSTART ：taskStatus:Running,groupStatus:Running, action status: Running, runtime Status: Running[0m

[90m2025-05-28 05:51:31.507[0m [32mINF[0m [1mReceive-GroupName：T5.G4-01971570-ffb4-7428-97f7-e1a92ed611de,groupStatus:ReadyToDeploy[0m
[90m2025-05-28 05:51:31.507[0m [32mINF[0m [1mcheckResource方法：g.Status.Phase:ReadyToDeploy[0m
[90m2025-05-28 05:51:31.556[0m [32mINF[0m [1m==========================Task的Status.Phase:Running[0m
[90m2025-05-28 05:51:31.992[0m [32mINF[0m [1m****************************ashdkhaskldhklashdk****************************************[0m
[90m2025-05-28 05:51:31.992[0m [32mINF[0m [1mcommand runtime for runtime task:T5.G4.A1.R1-01971570-ffb4-7428-97f7-e1a92ed611de[0m
[90m2025-05-28 05:51:31.992[0m [32mINF[0m [1mcommand.go: EnvVar:[{ } {PATH /home/public/anaconda3/envs/yolo/bin/python}][0m
[90m2025-05-28 05:51:31.992[0m [32mINF[0m [1mcommand.go: cmd:python[0m
[90m2025-05-28 05:51:31.992[0m [32mINF[0m [1mpath:PATH, value:/home/public/anaconda3/envs/yolo/bin/python[0m
[90m2025-05-28 05:51:31.992[0m [32mINF[0m [1mafter cmd:/home/public/anaconda3/envs/yolo/bin/python[0m
[90m2025-05-28 05:51:31.992[0m [32mINF[0m [1mruntime Name:	 T5.G4.A1.R1-01971570-ffb4-7428-97f7-e1a92ed611de is Running[0m
[90m2025-05-28 05:51:31.993[0m [32mINF[0m [1mprocess id:	 2234787 is Running[0m
[90m2025-05-28 05:51:31.993[0m [32mINF[0m [36mmodule=[0mpkg/nodelet/task/monitor/group_monitor.go:1022 [36mmsg=[0m"Handling runtime start status update"
[90m2025-05-28 05:51:31.994[0m [32mINF[0m [36mmodule=[0mpkg/client-go/clients/typed/core/event_expansion.go:25 [36mmsg=[0m---CreateForEventSink---
[90m2025-05-28 05:51:31.994[0m [32mINF[0m [1mGet runtime start event notify, the phase:Running[0m
[90m2025-05-28 05:51:32.010[0m [32mINF[0m [36mmodule=[0mpkg/client-go/clients/typed/core/event_expansion.go:25 [36mmsg=[0m---CreateForEventSink---
[90m2025-05-28 05:51:32.018[0m [32mINF[0m [36mmodule=[0mpkg/client-go/clients/typed/core/event_expansion.go:25 [36mmsg=[0m---CreateForEventSink---
[90m2025-05-28 05:51:32.032[0m [32mINF[0m [1mSTART ：taskStatus:Running,groupStatus:Running, action status: Running, runtime Status: Running[0m
image 1/2 /home/public/workspace/heongtong_yolo_linux/test_picture1.jpg: 480x640 3 infoTags, 3997.3ms
image 2/2 /home/public/workspace/heongtong_yolo_linux/test_picture2.jpg: 480x640 (no detections), 4418.6ms
Speed: 10.8ms preprocess, 4207.9ms inference, 2.4ms postprocess per image at shape (1, 3, 480, 640)
[90m2025-05-28 05:51:38.808[0m [32mINF[0m [1mcommand T5.G1.A1.R2-01971570-ffb4-7428-97f7-e1a92ed611de completed[0m
[90m2025-05-28 05:51:38.808[0m [32mINF[0m [36mmodule=[0mpkg/nodelet/task/monitor/group_monitor.go:1212 [36mmsg=[0m"Handling runtime end status update"
[90m2025-05-28 05:51:38.810[0m [32mINF[0m [1mGet runtime finish event notify, the phase:Succeeded[0m
[90m2025-05-28 05:51:38.826[0m [32mINF[0m [1m=======================runtimeHasSucceed:true[0m
[90m2025-05-28 05:51:38.832[0m [32mINF[0m [1m-----------------------------runtimeHasSucceed:true[0m
[90m2025-05-28 05:51:38.832[0m [32mINF[0m [36mmodule=[0mpkg/client-go/clients/typed/core/event_expansion.go:25 [36mmsg=[0m---CreateForEventSink---
[90m2025-05-28 05:51:38.842[0m [32mINF[0m [36mmodule=[0mpkg/client-go/clients/typed/core/event_expansion.go:25 [36mmsg=[0m---CreateForEventSink---
[90m2025-05-28 05:51:38.855[0m [32mINF[0m [1mruntime.Spec.Name:R2,runtime.Spec.Type:command[0m
[90m2025-05-28 05:51:38.855[0m [32mINF[0m [1mRuntime END: taskStatus:Running, groupStatus:Succeeded, actionStatus:Succeeded, runtimeStatus:Succeeded[0m
[90m2025-05-28 05:51:38.934[0m [32mINF[0m [36mmodule=[0mpkg/nodelet/task/monitor/group_monitor.go:778 [36mmsg=[0m"Move to completed queue"
[90m2025-05-28 05:51:39.103[0m [32mINF[0m [1mbrotherGroupName:T5.G6-01971570-ffb4-7428-97f7-e1a92ed611de[0m
[90m2025-05-28 05:51:39.105[0m [32mINF[0m [1mDelete group:G1[0m
[90m2025-05-28 05:51:39.105[0m [32mINF[0m [1mgroup_manager删除group：T5.G1-01971570-ffb4-7428-97f7-e1a92ed611de[0m
Epoch 1/400, Loss: 1.0920
Epoch 2/400, Loss: 1.0082
Epoch 3/400, Loss: 0.9401
Epoch 4/400, Loss: 0.8558
Epoch 5/400, Loss: 0.7897
Epoch 6/400, Loss: 0.6965
Epoch 7/400, Loss: 0.6255
Epoch 8/400, Loss: 0.5612
Epoch 9/400, Loss: 0.5108
Epoch 10/400, Loss: 0.4641
Epoch 11/400, Loss: 0.4324
Epoch 12/400, Loss: 0.4006
Epoch 13/400, Loss: 0.3642
Epoch 14/400, Loss: 0.3300
Epoch 15/400, Loss: 0.3097
Epoch 16/400, Loss: 0.2734
Epoch 17/400, Loss: 0.2663
Epoch 18/400, Loss: 0.2316
Epoch 19/400, Loss: 0.2042
Epoch 20/400, Loss: 0.1989
Epoch 21/400, Loss: 0.2124
Epoch 22/400, Loss: 0.1780
Epoch 23/400, Loss: 0.1674
Epoch 24/400, Loss: 0.1580
Epoch 25/400, Loss: 0.1550
Epoch 26/400, Loss: 0.1444
Epoch 27/400, Loss: 0.1391
Epoch 28/400, Loss: 0.1233
Epoch 29/400, Loss: 0.1165
Epoch 30/400, Loss: 0.1235
Epoch 31/400, Loss: 0.1101
Epoch 32/400, Loss: 0.1008
Epoch 33/400, Loss: 0.1056
Epoch 34/400, Loss: 0.0968
Epoch 35/400, Loss: 0.0967
Epoch 36/400, Loss: 0.1060
Epoch 37/400, Loss: 0.0923
Epoch 38/400, Loss: 0.0881
Epoch 39/400, Loss: 0.0907
Epoch 40/400, Loss: 0.0969
Epoch 41/400, Loss: 0.0991
Epoch 42/400, Loss: 0.0903
Epoch 43/400, Loss: 0.1005
Epoch 44/400, Loss: 0.1089
Epoch 45/400, Loss: 0.1001
Epoch 46/400, Loss: 0.0861
Epoch 47/400, Loss: 0.0771
Epoch 48/400, Loss: 0.0764
Epoch 49/400, Loss: 0.0754
Epoch 50/400, Loss: 0.0839
Epoch 51/400, Loss: 0.0812
Epoch 52/400, Loss: 0.0806
Epoch 53/400, Loss: 0.1056
Epoch 54/400, Loss: 0.0931
Epoch 55/400, Loss: 0.0790
Epoch 56/400, Loss: 0.0761
Epoch 57/400, Loss: 0.0760
Epoch 58/400, Loss: 0.0734
Epoch 59/400, Loss: 0.0702
Epoch 60/400, Loss: 0.0850
Epoch 61/400, Loss: 0.0701
Epoch 62/400, Loss: 0.0668
Epoch 63/400, Loss: 0.0661
Epoch 64/400, Loss: 0.0691
Epoch 65/400, Loss: 0.0703
Epoch 66/400, Loss: 0.0623
Epoch 67/400, Loss: 0.0688
Epoch 68/400, Loss: 0.0745
Epoch 69/400, Loss: 0.0711
Epoch 70/400, Loss: 0.0699
Epoch 71/400, Loss: 0.0871
Epoch 72/400, Loss: 0.0799
Epoch 73/400, Loss: 0.0794
Epoch 74/400, Loss: 0.0868
Epoch 75/400, Loss: 0.0766
Epoch 76/400, Loss: 0.0598
Epoch 77/400, Loss: 0.0638
Epoch 78/400, Loss: 0.0639
Epoch 79/400, Loss: 0.0625
Epoch 80/400, Loss: 0.0671
Epoch 81/400, Loss: 0.0610
Epoch 82/400, Loss: 0.0607
Epoch 83/400, Loss: 0.0663
Epoch 84/400, Loss: 0.0614
Epoch 85/400, Loss: 0.0883
Epoch 86/400, Loss: 0.0613
Epoch 87/400, Loss: 0.0729
Epoch 88/400, Loss: 0.0578
Epoch 89/400, Loss: 0.0666
Epoch 90/400, Loss: 0.0629
Epoch 91/400, Loss: 0.0862
Epoch 92/400, Loss: 0.0736
Epoch 93/400, Loss: 0.0614
Epoch 94/400, Loss: 0.0685
Epoch 95/400, Loss: 0.0882
Epoch 96/400, Loss: 0.0653
Epoch 97/400, Loss: 0.0585
Epoch 98/400, Loss: 0.0766
Epoch 99/400, Loss: 0.0743
Epoch 100/400, Loss: 0.0679
Epoch 101/400, Loss: 0.0747
Epoch 102/400, Loss: 0.0724
Epoch 103/400, Loss: 0.0614
Epoch 104/400, Loss: 0.0602
Epoch 105/400, Loss: 0.0546
Epoch 106/400, Loss: 0.0684
Epoch 107/400, Loss: 0.0605
Epoch 108/400, Loss: 0.0632
Epoch 109/400, Loss: 0.0609
Epoch 110/400, Loss: 0.0647
Epoch 111/400, Loss: 0.0798
Epoch 112/400, Loss: 0.0634
Epoch 113/400, Loss: 0.0611
Epoch 114/400, Loss: 0.0558
Epoch 115/400, Loss: 0.0569
Epoch 116/400, Loss: 0.0926
Epoch 117/400, Loss: 0.0681
Epoch 118/400, Loss: 0.0551
Epoch 119/400, Loss: 0.0652
Epoch 120/400, Loss: 0.0646
Epoch 121/400, Loss: 0.0553
Epoch 122/400, Loss: 0.0525
Epoch 123/400, Loss: 0.0546
Epoch 124/400, Loss: 0.0631
Epoch 125/400, Loss: 0.0911
Epoch 126/400, Loss: 0.0552
Epoch 127/400, Loss: 0.0604
Epoch 128/400, Loss: 0.0644
Epoch 129/400, Loss: 0.0640
Epoch 130/400, Loss: 0.0500
Epoch 131/400, Loss: 0.1072
Epoch 132/400, Loss: 0.0888
Epoch 133/400, Loss: 0.0674
Epoch 134/400, Loss: 0.0587
Epoch 135/400, Loss: 0.0529
Epoch 136/400, Loss: 0.0997
Epoch 137/400, Loss: 0.0841
Epoch 138/400, Loss: 0.0570
Epoch 139/400, Loss: 0.0607
Epoch 140/400, Loss: 0.0856
Epoch 141/400, Loss: 0.0711
Epoch 142/400, Loss: 0.0704
Epoch 143/400, Loss: 0.0513
Epoch 144/400, Loss: 0.0721
Epoch 145/400, Loss: 0.0616
Epoch 146/400, Loss: 0.0528
Epoch 147/400, Loss: 0.0541
Epoch 148/400, Loss: 0.0517
Epoch 149/400, Loss: 0.0523
Epoch 150/400, Loss: 0.0530
Epoch 151/400, Loss: 0.0666
Epoch 152/400, Loss: 0.0686
Epoch 153/400, Loss: 0.0492
Epoch 154/400, Loss: 0.0705
Epoch 155/400, Loss: 0.0523
Epoch 156/400, Loss: 0.0557
Epoch 157/400, Loss: 0.0573
Epoch 158/400, Loss: 0.0580
Epoch 159/400, Loss: 0.0555
Epoch 160/400, Loss: 0.0589
Epoch 161/400, Loss: 0.0602
Epoch 162/400, Loss: 0.0598
Epoch 163/400, Loss: 0.0607
Epoch 164/400, Loss: 0.0676
Epoch 165/400, Loss: 0.0509
Epoch 166/400, Loss: 0.0598
Epoch 167/400, Loss: 0.0741
Epoch 168/400, Loss: 0.0458
Epoch 169/400, Loss: 0.0567
Epoch 170/400, Loss: 0.0574
Epoch 171/400, Loss: 0.0573
Epoch 172/400, Loss: 0.0551
Epoch 173/400, Loss: 0.0499
Epoch 174/400, Loss: 0.0535
Epoch 175/400, Loss: 0.0641
Epoch 176/400, Loss: 0.0564
Epoch 177/400, Loss: 0.0583
Epoch 178/400, Loss: 0.0564
Epoch 179/400, Loss: 0.0597
Epoch 180/400, Loss: 0.0472
Epoch 181/400, Loss: 0.0544
Epoch 182/400, Loss: 0.0481
Epoch 183/400, Loss: 0.0576
Epoch 184/400, Loss: 0.0536
Epoch 185/400, Loss: 0.0515
Epoch 186/400, Loss: 0.0504
Epoch 187/400, Loss: 0.0607
Epoch 188/400, Loss: 0.0528
Epoch 189/400, Loss: 0.0705
Epoch 190/400, Loss: 0.0764
Epoch 191/400, Loss: 0.0522
Epoch 192/400, Loss: 0.0529
Epoch 193/400, Loss: 0.0646
Epoch 194/400, Loss: 0.0523
Epoch 195/400, Loss: 0.0508
Epoch 196/400, Loss: 0.0571
Epoch 197/400, Loss: 0.0541
Epoch 198/400, Loss: 0.0522
Epoch 199/400, Loss: 0.0543
Epoch 200/400, Loss: 0.0538
Epoch 201/400, Loss: 0.0593
Epoch 202/400, Loss: 0.0691
Epoch 203/400, Loss: 0.0547
Epoch 204/400, Loss: 0.0847
Epoch 205/400, Loss: 0.0573
Epoch 206/400, Loss: 0.0547
Epoch 207/400, Loss: 0.0576
Epoch 208/400, Loss: 0.0644
Epoch 209/400, Loss: 0.0612
Epoch 210/400, Loss: 0.0905
Epoch 211/400, Loss: 0.0714
Epoch 212/400, Loss: 0.0480
Epoch 213/400, Loss: 0.0543
Epoch 214/400, Loss: 0.0540
Epoch 215/400, Loss: 0.0473
Epoch 216/400, Loss: 0.0501
Epoch 217/400, Loss: 0.0856
Epoch 218/400, Loss: 0.0594
Epoch 219/400, Loss: 0.0552
Epoch 220/400, Loss: 0.0829
Epoch 221/400, Loss: 0.0578
Epoch 222/400, Loss: 0.0461
Epoch 223/400, Loss: 0.0522
Epoch 224/400, Loss: 0.0497
Epoch 225/400, Loss: 0.0470
Epoch 226/400, Loss: 0.0498
Epoch 227/400, Loss: 0.0552
Epoch 228/400, Loss: 0.0598
Epoch 229/400, Loss: 0.0452
Epoch 230/400, Loss: 0.0506
Epoch 231/400, Loss: 0.0489
Epoch 232/400, Loss: 0.0569
Epoch 233/400, Loss: 0.0576
Epoch 234/400, Loss: 0.0514
Epoch 235/400, Loss: 0.0664
Epoch 236/400, Loss: 0.0528
Epoch 237/400, Loss: 0.0583
Epoch 238/400, Loss: 0.0502
Epoch 239/400, Loss: 0.0572
Epoch 240/400, Loss: 0.0503
Epoch 241/400, Loss: 0.0846
Epoch 242/400, Loss: 0.0634
Epoch 243/400, Loss: 0.0593
Epoch 244/400, Loss: 0.0459
Epoch 245/400, Loss: 0.0502
Epoch 246/400, Loss: 0.0472
Epoch 247/400, Loss: 0.0528
Epoch 248/400, Loss: 0.0529
Epoch 249/400, Loss: 0.0575
Epoch 250/400, Loss: 0.0461
Epoch 251/400, Loss: 0.0541
Epoch 252/400, Loss: 0.0514
Epoch 253/400, Loss: 0.0588
Epoch 254/400, Loss: 0.0508
Epoch 255/400, Loss: 0.0471
Epoch 256/400, Loss: 0.0494
Epoch 257/400, Loss: 0.0475
Epoch 258/400, Loss: 0.0470
Epoch 259/400, Loss: 0.0515
Epoch 260/400, Loss: 0.0485
Epoch 261/400, Loss: 0.0482
Epoch 262/400, Loss: 0.0608
Epoch 263/400, Loss: 0.0486
Epoch 264/400, Loss: 0.0685
Epoch 265/400, Loss: 0.0754
Epoch 266/400, Loss: 0.0516
Epoch 267/400, Loss: 0.0490
Epoch 268/400, Loss: 0.0576
Epoch 269/400, Loss: 0.0463
Epoch 270/400, Loss: 0.0508
Epoch 271/400, Loss: 0.0469
Epoch 272/400, Loss: 0.0473
Epoch 273/400, Loss: 0.0827
Epoch 274/400, Loss: 0.0573
Epoch 275/400, Loss: 0.0462
Epoch 276/400, Loss: 0.0513
Epoch 277/400, Loss: 0.0454
Epoch 278/400, Loss: 0.0493
Epoch 279/400, Loss: 0.0510
Epoch 280/400, Loss: 0.0506
Epoch 281/400, Loss: 0.0471
Epoch 282/400, Loss: 0.0473
Epoch 283/400, Loss: 0.0517
Epoch 284/400, Loss: 0.0562
Epoch 285/400, Loss: 0.0503
Epoch 286/400, Loss: 0.0461
Epoch 287/400, Loss: 0.0494
Epoch 288/400, Loss: 0.0467
Epoch 289/400, Loss: 0.0460
Epoch 290/400, Loss: 0.0515
Epoch 291/400, Loss: 0.0580
Epoch 292/400, Loss: 0.0461
Epoch 293/400, Loss: 0.0562
Epoch 294/400, Loss: 0.0522
Epoch 295/400, Loss: 0.0490
Epoch 296/400, Loss: 0.0799
Epoch 297/400, Loss: 0.0521
Epoch 298/400, Loss: 0.0432
Epoch 299/400, Loss: 0.0671
Epoch 300/400, Loss: 0.0681
Epoch 301/400, Loss: 0.0495
Epoch 302/400, Loss: 0.0461
Epoch 303/400, Loss: 0.0503
Epoch 304/400, Loss: 0.0592
Epoch 305/400, Loss: 0.0494
Epoch 306/400, Loss: 0.0549
Epoch 307/400, Loss: 0.0494
Epoch 308/400, Loss: 0.0485
Epoch 309/400, Loss: 0.0532
Epoch 310/400, Loss: 0.0729
Epoch 311/400, Loss: 0.0531
Epoch 312/400, Loss: 0.0584
Epoch 313/400, Loss: 0.0449
Epoch 314/400, Loss: 0.0555
Epoch 315/400, Loss: 0.0526
Epoch 316/400, Loss: 0.0488
Epoch 317/400, Loss: 0.0464
Epoch 318/400, Loss: 0.0456
Epoch 319/400, Loss: 0.0465
Epoch 320/400, Loss: 0.0490
Epoch 321/400, Loss: 0.0505
Epoch 322/400, Loss: 0.0454
Epoch 323/400, Loss: 0.0431
Epoch 324/400, Loss: 0.0469
Epoch 325/400, Loss: 0.0452
Epoch 326/400, Loss: 0.0510
Epoch 327/400, Loss: 0.0462
Epoch 328/400, Loss: 0.0655
Epoch 329/400, Loss: 0.0660
Epoch 330/400, Loss: 0.0429
Epoch 331/400, Loss: 0.0512
Epoch 332/400, Loss: 0.0538
Epoch 333/400, Loss: 0.0656
Epoch 334/400, Loss: 0.0539
Epoch 335/400, Loss: 0.0466
Epoch 336/400, Loss: 0.0803
Epoch 337/400, Loss: 0.0830
Epoch 338/400, Loss: 0.0555
Epoch 339/400, Loss: 0.0435
Epoch 340/400, Loss: 0.0845
Epoch 341/400, Loss: 0.0461
Epoch 342/400, Loss: 0.0604
Epoch 343/400, Loss: 0.0472
Epoch 344/400, Loss: 0.0456
Epoch 345/400, Loss: 0.0611
Epoch 346/400, Loss: 0.0474
Epoch 347/400, Loss: 0.0488
Epoch 348/400, Loss: 0.0497
Epoch 349/400, Loss: 0.0526
Epoch 350/400, Loss: 0.0402
Epoch 351/400, Loss: 0.0506
Epoch 352/400, Loss: 0.0479
Epoch 353/400, Loss: 0.0473
Epoch 354/400, Loss: 0.0467
Epoch 355/400, Loss: 0.0443
Epoch 356/400, Loss: 0.0486
Epoch 357/400, Loss: 0.0862
Epoch 358/400, Loss: 0.0717
Epoch 359/400, Loss: 0.0492
Epoch 360/400, Loss: 0.0530
Epoch 361/400, Loss: 0.0498
Epoch 362/400, Loss: 0.0486
Epoch 363/400, Loss: 0.0450
Epoch 364/400, Loss: 0.0478
Epoch 365/400, Loss: 0.0438
Epoch 366/400, Loss: 0.0440
Epoch 367/400, Loss: 0.0467
Epoch 368/400, Loss: 0.0488
Epoch 369/400, Loss: 0.0789
Epoch 370/400, Loss: 0.0463
Epoch 371/400, Loss: 0.0462
Epoch 372/400, Loss: 0.0501
Epoch 373/400, Loss: 0.0412
Epoch 374/400, Loss: 0.0590
Epoch 375/400, Loss: 0.0518
Epoch 376/400, Loss: 0.0461
Epoch 377/400, Loss: 0.0434
Epoch 378/400, Loss: 0.0607
Epoch 379/400, Loss: 0.0487
Epoch 380/400, Loss: 0.0604
Epoch 381/400, Loss: 0.0824
Epoch 382/400, Loss: 0.0477
Epoch 383/400, Loss: 0.0459
Epoch 384/400, Loss: 0.0460
Epoch 385/400, Loss: 0.0447
Epoch 386/400, Loss: 0.0457
Epoch 387/400, Loss: 0.0465
Epoch 388/400, Loss: 0.0507
Epoch 389/400, Loss: 0.0485
Epoch 390/400, Loss: 0.0468
Epoch 391/400, Loss: 0.0471
Epoch 392/400, Loss: 0.1000
Epoch 393/400, Loss: 0.0665
Epoch 394/400, Loss: 0.0714
Epoch 395/400, Loss: 0.0521
Epoch 396/400, Loss: 0.0753
Epoch 397/400, Loss: 0.1071
Epoch 398/400, Loss: 0.0505
Epoch 399/400, Loss: 0.0454
Epoch 400/400, Loss: 0.0435
测试集准确率: 0.9867
[90m2025-05-28 05:51:44.461[0m [32mINF[0m [1mcommand T5.G4.A1.R1-01971570-ffb4-7428-97f7-e1a92ed611de completed[0m
[90m2025-05-28 05:51:44.461[0m [32mINF[0m [36mmodule=[0mpkg/nodelet/task/monitor/group_monitor.go:1212 [36mmsg=[0m"Handling runtime end status update"
[90m2025-05-28 05:51:44.463[0m [32mINF[0m [1mGet runtime finish event notify, the phase:Succeeded[0m
[90m2025-05-28 05:51:44.496[0m [32mINF[0m [1mruntime.Spec.Name:R1,runtime.Spec.Type:command[0m
[90m2025-05-28 05:51:44.497[0m [32mINF[0m [1mRuntime END: taskStatus:Running, groupStatus:Running, actionStatus:Running, runtimeStatus:Succeeded[0m
[90m2025-05-28 05:51:44.523[0m [32mINF[0m [36mmodule=[0mpkg/nodelet/task/monitor/group_monitor.go:666 [36mmsg=[0m****************************************1234554564**********************
[90m2025-05-28 05:51:44.523[0m [32mINF[0m [1mcommand runtime for runtime task:T5.G4.A1.R2-01971570-ffb4-7428-97f7-e1a92ed611de[0m
[90m2025-05-28 05:51:44.523[0m [32mINF[0m [1mcommand.go: EnvVar:[{ } {PATH /home/public/anaconda3/envs/yolo/bin/python}][0m
[90m2025-05-28 05:51:44.523[0m [32mINF[0m [1mcommand.go: cmd:python[0m
[90m2025-05-28 05:51:44.523[0m [32mINF[0m [1mpath:PATH, value:/home/public/anaconda3/envs/yolo/bin/python[0m
[90m2025-05-28 05:51:44.523[0m [32mINF[0m [1mafter cmd:/home/public/anaconda3/envs/yolo/bin/python[0m
[90m2025-05-28 05:51:44.523[0m [32mINF[0m [1mruntime Name:	 T5.G4.A1.R2-01971570-ffb4-7428-97f7-e1a92ed611de is Running[0m
[90m2025-05-28 05:51:44.524[0m [32mINF[0m [36mmodule=[0mpkg/nodelet/task/monitor/group_monitor.go:1022 [36mmsg=[0m"Handling runtime start status update"
[90m2025-05-28 05:51:44.524[0m [32mINF[0m [1mprocess id:	 2234826 is Running[0m
[90m2025-05-28 05:51:44.524[0m [32mINF[0m [36mmodule=[0mpkg/client-go/clients/typed/core/event_expansion.go:25 [36mmsg=[0m---CreateForEventSink---
[90m2025-05-28 05:51:44.526[0m [32mINF[0m [1mGet runtime start event notify, the phase:Running[0m
[90m2025-05-28 05:51:44.552[0m [32mINF[0m [1mSTART ：taskStatus:Running,groupStatus:Running, action status: Running, runtime Status: Running[0m
[90m2025-05-28 05:51:45.322[0m [32mINF[0m [1mReceive-GroupName：T5.G1-01971571-ab03-7f27-bd2d-ba53374964e7,groupStatus:ReadyToDeploy[0m
[90m2025-05-28 05:51:45.322[0m [32mINF[0m [1mcheckResource方法：g.Status.Phase:ReadyToDeploy[0m
[90m2025-05-28 05:51:45.392[0m [32mINF[0m [1m==========================Task的Status.Phase:Unknown[0m
[90m2025-05-28 05:51:45.570[0m [32mINF[0m [1m****************************ashdkhaskldhklashdk****************************************[0m
[90m2025-05-28 05:51:45.570[0m [32mINF[0m [1mcommand runtime for runtime task:T5.G1.A1.R1-01971571-ab03-7f27-bd2d-ba53374964e7[0m
[90m2025-05-28 05:51:45.570[0m [32mINF[0m [1mcommand.go: EnvVar:[{ } {PATH /home/public/anaconda3/envs/yolo/bin/python}][0m
[90m2025-05-28 05:51:45.570[0m [32mINF[0m [1mcommand.go: cmd:python[0m
[90m2025-05-28 05:51:45.570[0m [32mINF[0m [1mpath:PATH, value:/home/public/anaconda3/envs/yolo/bin/python[0m
[90m2025-05-28 05:51:45.570[0m [32mINF[0m [1mafter cmd:/home/public/anaconda3/envs/yolo/bin/python[0m
[90m2025-05-28 05:51:45.570[0m [32mINF[0m [1mruntime Name:	 T5.G1.A1.R1-01971571-ab03-7f27-bd2d-ba53374964e7 is Running[0m
[90m2025-05-28 05:51:45.574[0m [32mINF[0m [36mmodule=[0mpkg/nodelet/task/monitor/group_monitor.go:1022 [36mmsg=[0m"Handling runtime start status update"
[90m2025-05-28 05:51:45.575[0m [32mINF[0m [1mprocess id:	 2234828 is Running[0m
[90m2025-05-28 05:51:45.575[0m [32mINF[0m [36mmodule=[0mpkg/client-go/clients/typed/core/event_expansion.go:25 [36mmsg=[0m---CreateForEventSink---
[90m2025-05-28 05:51:45.582[0m [32mINF[0m [1mGet runtime start event notify, the phase:Running[0m
[90m2025-05-28 05:51:45.595[0m [32mINF[0m [36mmodule=[0mpkg/client-go/clients/typed/core/event_expansion.go:25 [36mmsg=[0m---CreateForEventSink---
[90m2025-05-28 05:51:45.603[0m [32mINF[0m [36mmodule=[0mpkg/client-go/clients/typed/core/event_expansion.go:25 [36mmsg=[0m---CreateForEventSink---
[90m2025-05-28 05:51:45.615[0m [32mINF[0m [36mmodule=[0mpkg/client-go/clients/typed/core/event_expansion.go:25 [36mmsg=[0m---CreateForEventSink---
[90m2025-05-28 05:51:45.624[0m [32mINF[0m [1mSTART ：taskStatus:Running,groupStatus:Running, action status: Running, runtime Status: Running[0m
New https://pypi.org/project/ultralytics/8.3.146 available 😃 Update with 'pip install -U ultralytics'
Ultralytics 8.3.105 🚀 Python-3.10.16 torch-2.5.1 CPU (Common KVM processor)
[34m[1mengine/trainer: [0mtask=segment, mode=train, model=/home/public/workspace/heongtong_yolo_linux/yolo11x-seg.pt, data=/home/public/workspace/heongtong_yolo_linux/segment_train.yaml, epochs=100, time=None, patience=100, batch=2, imgsz=640, save=True, save_period=-1, cache=False, device=cpu, workers=0, project=None, name=train, exist_ok=False, pretrained=True, optimizer=auto, verbose=True, seed=0, deterministic=True, single_cls=False, rect=False, cos_lr=False, close_mosaic=10, resume=False, amp=True, fraction=1.0, profile=False, freeze=None, multi_scale=False, overlap_mask=True, mask_ratio=4, dropout=0.0, val=True, split=val, save_json=False, conf=None, iou=0.7, max_det=300, half=False, dnn=False, plots=True, source=None, vid_stride=1, stream_buffer=False, visualize=False, augment=False, agnostic_nms=False, classes=None, retina_masks=False, embed=None, show=False, save_frames=False, save_txt=False, save_conf=False, save_crop=False, show_labels=True, show_conf=True, show_boxes=True, line_width=None, format=torchscript, keras=False, optimize=False, int8=False, dynamic=False, simplify=True, opset=None, workspace=None, nms=False, lr0=0.01, lrf=0.01, momentum=0.937, weight_decay=0.0005, warmup_epochs=3.0, warmup_momentum=0.8, warmup_bias_lr=0.1, box=7.5, cls=0.5, dfl=1.5, pose=12.0, kobj=1.0, nbs=64, hsv_h=0.015, hsv_s=0.7, hsv_v=0.4, degrees=0.0, translate=0.1, scale=0.5, shear=0.0, perspective=0.0, flipud=0.0, fliplr=0.5, bgr=0.0, mosaic=1.0, mixup=0.0, copy_paste=0.0, copy_paste_mode=flip, auto_augment=randaugment, erasing=0.4, crop_fraction=1.0, cfg=None, tracker=botsort.yaml, save_dir=runs/segment/train
Overriding model.yaml nc=80 with nc=1

                   from  n    params  module                                       arguments                     
  0                  -1  1      2784  ultralytics.nn.modules.conv.Conv             [3, 96, 3, 2]                 
  1                  -1  1    166272  ultralytics.nn.modules.conv.Conv             [96, 192, 3, 2]               
  2                  -1  2    389760  ultralytics.nn.modules.block.C3k2            [192, 384, 2, True, 0.25]     
  3                  -1  1   1327872  ultralytics.nn.modules.conv.Conv             [384, 384, 3, 2]              
  4                  -1  2   1553664  ultralytics.nn.modules.block.C3k2            [384, 768, 2, True, 0.25]     
  5                  -1  1   5309952  ultralytics.nn.modules.conv.Conv             [768, 768, 3, 2]              
  6                  -1  2   5022720  ultralytics.nn.modules.block.C3k2            [768, 768, 2, True]           
  7                  -1  1   5309952  ultralytics.nn.modules.conv.Conv             [768, 768, 3, 2]              
  8                  -1  2   5022720  ultralytics.nn.modules.block.C3k2            [768, 768, 2, True]           
  9                  -1  1   1476864  ultralytics.nn.modules.block.SPPF            [768, 768, 5]                 
 10                  -1  2   3264768  ultralytics.nn.modules.block.C2PSA           [768, 768, 2]                 
 11                  -1  1         0  torch.nn.modules.upsampling.Upsample         [None, 2, 'nearest']          
 12             [-1, 6]  1         0  ultralytics.nn.modules.conv.Concat           [1]                           
 13                  -1  2   5612544  ultralytics.nn.modules.block.C3k2            [1536, 768, 2, True]          
 14                  -1  1         0  torch.nn.modules.upsampling.Upsample         [None, 2, 'nearest']          
 15             [-1, 4]  1         0  ultralytics.nn.modules.conv.Concat           [1]                           
 16                  -1  2   1700352  ultralytics.nn.modules.block.C3k2            [1536, 384, 2, True]          
 17                  -1  1   1327872  ultralytics.nn.modules.conv.Conv             [384, 384, 3, 2]              
 18            [-1, 13]  1         0  ultralytics.nn.modules.conv.Concat           [1]                           
 19                  -1  2   5317632  ultralytics.nn.modules.block.C3k2            [1152, 768, 2, True]          
 20                  -1  1   5309952  ultralytics.nn.modules.conv.Conv             [768, 768, 3, 2]              
 21            [-1, 10]  1         0  ultralytics.nn.modules.conv.Concat           [1]                           
 22                  -1  2   5612544  ultralytics.nn.modules.block.C3k2            [1536, 768, 2, True]          
 23        [16, 19, 22]  1   8323187  ultralytics.nn.modules.head.Segment          [1, 32, 384, [384, 768, 768]] 
[W528 05:51:51.480632781 NNPACK.cpp:61] Could not initialize NNPACK! Reason: Unsupported hardware.
YOLO11x-seg summary: 379 layers, 62,051,411 parameters, 62,051,395 gradients

Transferred 1071/1077 items from pretrained weights
Freezing layer 'model.23.dfl.conv.weight'
[34m[1mtrain: [0mScanning /home/public/workspace/heongtong_yolo_linux/标签数据集/train/labels.cache... 136 images, 0 backgrounds, 0 corrupt: 100%|██████████| 136/136 [00:00<?, ?it/s][34m[1mtrain: [0mScanning /home/public/workspace/heongtong_yolo_linux/标签数据集/train/labels.cache... 136 images, 0 backgrounds, 0 corrupt: 100%|██████████| 136/136 [00:00<?, ?it/s]
[34m[1mval: [0mScanning /home/public/workspace/heongtong_yolo_linux/标签数据集/valid/labels.cache... 17 images, 0 backgrounds, 0 corrupt: 100%|██████████| 17/17 [00:00<?, ?it/s][34m[1mval: [0mScanning /home/public/workspace/heongtong_yolo_linux/标签数据集/valid/labels.cache... 17 images, 0 backgrounds, 0 corrupt: 100%|██████████| 17/17 [00:00<?, ?it/s]
Plotting labels to runs/segment/train/labels.jpg... 
[34m[1moptimizer:[0m 'optimizer=auto' found, ignoring 'lr0=0.01' and 'momentum=0.937' and determining best 'optimizer', 'lr0' and 'momentum' automatically... 
[34m[1moptimizer:[0m AdamW(lr=0.002, momentum=0.9) with parameter groups 176 weight(decay=0.0), 187 weight(decay=0.0005), 186 bias(decay=0.0)
Image sizes 640 train, 640 val
Using 0 dataloader workers
Logging results to [1mruns/segment/train[0m
Starting training for 100 epochs...

      Epoch    GPU_mem   box_loss   seg_loss   cls_loss   dfl_loss  Instances       Size
  0%|          | 0/68 [00:00<?, ?it/s]Epoch 1/400, Loss: 1.0465
Epoch 2/400, Loss: 0.9268
Epoch 3/400, Loss: 0.8347
Epoch 4/400, Loss: 0.7308
Epoch 5/400, Loss: 0.6426
Epoch 6/400, Loss: 0.5598
Epoch 7/400, Loss: 0.4857
Epoch 8/400, Loss: 0.4387
Epoch 9/400, Loss: 0.4010
Epoch 10/400, Loss: 0.3677
Epoch 11/400, Loss: 0.3466
Epoch 12/400, Loss: 0.3213
Epoch 13/400, Loss: 0.2938
Epoch 14/400, Loss: 0.2765
Epoch 15/400, Loss: 0.2630
Epoch 16/400, Loss: 0.2434
Epoch 17/400, Loss: 0.2090
Epoch 18/400, Loss: 0.2006
Epoch 19/400, Loss: 0.1985
Epoch 20/400, Loss: 0.1835
Epoch 21/400, Loss: 0.1737
Epoch 22/400, Loss: 0.1591
Epoch 23/400, Loss: 0.1689
Epoch 24/400, Loss: 0.1440
Epoch 25/400, Loss: 0.1406
Epoch 26/400, Loss: 0.1403
Epoch 27/400, Loss: 0.1506
Epoch 28/400, Loss: 0.1418
Epoch 29/400, Loss: 0.1239
Epoch 30/400, Loss: 0.1254
Epoch 31/400, Loss: 0.1508
Epoch 32/400, Loss: 0.1292
Epoch 33/400, Loss: 0.1136
Epoch 34/400, Loss: 0.1133
Epoch 35/400, Loss: 0.1027
Epoch 36/400, Loss: 0.1076
Epoch 37/400, Loss: 0.1012
Epoch 38/400, Loss: 0.0989
Epoch 39/400, Loss: 0.1177
Epoch 40/400, Loss: 0.1124
Epoch 41/400, Loss: 0.1040
Epoch 42/400, Loss: 0.0878
Epoch 43/400, Loss: 0.1072
Epoch 44/400, Loss: 0.0889
Epoch 45/400, Loss: 0.0974
Epoch 46/400, Loss: 0.0857
Epoch 47/400, Loss: 0.0864
Epoch 48/400, Loss: 0.0879
Epoch 49/400, Loss: 0.0918
Epoch 50/400, Loss: 0.0871
Epoch 51/400, Loss: 0.0802
Epoch 52/400, Loss: 0.0892
Epoch 53/400, Loss: 0.0837
Epoch 54/400, Loss: 0.0848
Epoch 55/400, Loss: 0.0767
Epoch 56/400, Loss: 0.0804
Epoch 57/400, Loss: 0.1045
Epoch 58/400, Loss: 0.0776
Epoch 59/400, Loss: 0.1051
Epoch 60/400, Loss: 0.0738
Epoch 61/400, Loss: 0.0849
Epoch 62/400, Loss: 0.0743
Epoch 63/400, Loss: 0.0837
Epoch 64/400, Loss: 0.0876
Epoch 65/400, Loss: 0.0695
Epoch 66/400, Loss: 0.0726
Epoch 67/400, Loss: 0.0707
Epoch 68/400, Loss: 0.0763
Epoch 69/400, Loss: 0.0871
Epoch 70/400, Loss: 0.0834
Epoch 71/400, Loss: 0.0766
Epoch 72/400, Loss: 0.0710
Epoch 73/400, Loss: 0.1071
Epoch 74/400, Loss: 0.0715
Epoch 75/400, Loss: 0.0653
Epoch 76/400, Loss: 0.0996
Epoch 77/400, Loss: 0.0976
Epoch 78/400, Loss: 0.0676
Epoch 79/400, Loss: 0.0683
Epoch 80/400, Loss: 0.0822
Epoch 81/400, Loss: 0.1162
Epoch 82/400, Loss: 0.1008
Epoch 83/400, Loss: 0.0669
Epoch 84/400, Loss: 0.0650
Epoch 85/400, Loss: 0.0658
Epoch 86/400, Loss: 0.0626
Epoch 87/400, Loss: 0.0647
Epoch 88/400, Loss: 0.0696
Epoch 89/400, Loss: 0.0773
Epoch 90/400, Loss: 0.0713
Epoch 91/400, Loss: 0.0686
Epoch 92/400, Loss: 0.0813
Epoch 93/400, Loss: 0.0825
Epoch 94/400, Loss: 0.0760
Epoch 95/400, Loss: 0.0799
Epoch 96/400, Loss: 0.0737
Epoch 97/400, Loss: 0.0664
Epoch 98/400, Loss: 0.0620
Epoch 99/400, Loss: 0.0805
Epoch 100/400, Loss: 0.0662
Epoch 101/400, Loss: 0.1000
Epoch 102/400, Loss: 0.0791
Epoch 103/400, Loss: 0.0695
Epoch 104/400, Loss: 0.0658
Epoch 105/400, Loss: 0.0605
Epoch 106/400, Loss: 0.0624
Epoch 107/400, Loss: 0.0599
Epoch 108/400, Loss: 0.0644
Epoch 109/400, Loss: 0.0635
Epoch 110/400, Loss: 0.0623
Epoch 111/400, Loss: 0.0601
Epoch 112/400, Loss: 0.0724
Epoch 113/400, Loss: 0.0594
Epoch 114/400, Loss: 0.0632
Epoch 115/400, Loss: 0.0704
Epoch 116/400, Loss: 0.0727
Epoch 117/400, Loss: 0.0800
Epoch 118/400, Loss: 0.0903
Epoch 119/400, Loss: 0.0992
Epoch 120/400, Loss: 0.0730
Epoch 121/400, Loss: 0.0636
Epoch 122/400, Loss: 0.0694
Epoch 123/400, Loss: 0.0660
Epoch 124/400, Loss: 0.0738
Epoch 125/400, Loss: 0.0656
Epoch 126/400, Loss: 0.0569
Epoch 127/400, Loss: 0.0732
Epoch 128/400, Loss: 0.0816
Epoch 129/400, Loss: 0.0742
Epoch 130/400, Loss: 0.0692
Epoch 131/400, Loss: 0.0614
Epoch 132/400, Loss: 0.0708
Epoch 133/400, Loss: 0.0963
Epoch 134/400, Loss: 0.0590
Epoch 135/400, Loss: 0.0571
Epoch 136/400, Loss: 0.0602
Epoch 137/400, Loss: 0.0643
Epoch 138/400, Loss: 0.0621
Epoch 139/400, Loss: 0.0661
Epoch 140/400, Loss: 0.0597
Epoch 141/400, Loss: 0.0584
Epoch 142/400, Loss: 0.0574
Epoch 143/400, Loss: 0.0590
Epoch 144/400, Loss: 0.0546
Epoch 145/400, Loss: 0.0554
Epoch 146/400, Loss: 0.0587
Epoch 147/400, Loss: 0.0545
Epoch 148/400, Loss: 0.0553
Epoch 149/400, Loss: 0.0597
Epoch 150/400, Loss: 0.0698
Epoch 151/400, Loss: 0.0587
Epoch 152/400, Loss: 0.0640
Epoch 153/400, Loss: 0.0706
Epoch 154/400, Loss: 0.0626
Epoch 155/400, Loss: 0.0611
Epoch 156/400, Loss: 0.0569
Epoch 157/400, Loss: 0.0946
Epoch 158/400, Loss: 0.0554
Epoch 159/400, Loss: 0.0564
Epoch 160/400, Loss: 0.0594
Epoch 161/400, Loss: 0.0595
Epoch 162/400, Loss: 0.0555
Epoch 163/400, Loss: 0.0580
Epoch 164/400, Loss: 0.0552
Epoch 165/400, Loss: 0.0600
Epoch 166/400, Loss: 0.0545
Epoch 167/400, Loss: 0.0662
Epoch 168/400, Loss: 0.0600
Epoch 169/400, Loss: 0.0879
Epoch 170/400, Loss: 0.0553
Epoch 171/400, Loss: 0.0578
Epoch 172/400, Loss: 0.0982
Epoch 173/400, Loss: 0.0738
Epoch 174/400, Loss: 0.0536
Epoch 175/400, Loss: 0.0673
Epoch 176/400, Loss: 0.0599
Epoch 177/400, Loss: 0.0634
Epoch 178/400, Loss: 0.0602
Epoch 179/400, Loss: 0.0550
Epoch 180/400, Loss: 0.0609
Epoch 181/400, Loss: 0.0565
Epoch 182/400, Loss: 0.0561
Epoch 183/400, Loss: 0.0609
Epoch 184/400, Loss: 0.0668
Epoch 185/400, Loss: 0.0513
Epoch 186/400, Loss: 0.0603
Epoch 187/400, Loss: 0.0629
Epoch 188/400, Loss: 0.0537
Epoch 189/400, Loss: 0.0589
Epoch 190/400, Loss: 0.0543
Epoch 191/400, Loss: 0.0549
Epoch 192/400, Loss: 0.0563
Epoch 193/400, Loss: 0.0862
Epoch 194/400, Loss: 0.0605
Epoch 195/400, Loss: 0.0555
Epoch 196/400, Loss: 0.0588
Epoch 197/400, Loss: 0.0528
Epoch 198/400, Loss: 0.0552
Epoch 199/400, Loss: 0.0591
Epoch 200/400, Loss: 0.0595
Epoch 201/400, Loss: 0.0576
Epoch 202/400, Loss: 0.0646
Epoch 203/400, Loss: 0.0588
Epoch 204/400, Loss: 0.0611
Epoch 205/400, Loss: 0.0745
Epoch 206/400, Loss: 0.0588
Epoch 207/400, Loss: 0.0676
Epoch 208/400, Loss: 0.0724
Epoch 209/400, Loss: 0.0575
Epoch 210/400, Loss: 0.0553
Epoch 211/400, Loss: 0.0576
Epoch 212/400, Loss: 0.0994
Epoch 213/400, Loss: 0.0639
Epoch 214/400, Loss: 0.0573
Epoch 215/400, Loss: 0.0586
Epoch 216/400, Loss: 0.0558
Epoch 217/400, Loss: 0.0534
Epoch 218/400, Loss: 0.0525
Epoch 219/400, Loss: 0.0587
Epoch 220/400, Loss: 0.0561
Epoch 221/400, Loss: 0.0597
Epoch 222/400, Loss: 0.0646
Epoch 223/400, Loss: 0.0739
Epoch 224/400, Loss: 0.0836
Epoch 225/400, Loss: 0.0622
Epoch 226/400, Loss: 0.0571
Epoch 227/400, Loss: 0.0924
Epoch 228/400, Loss: 0.0529
Epoch 229/400, Loss: 0.0674
Epoch 230/400, Loss: 0.0555
Epoch 231/400, Loss: 0.0521
Epoch 232/400, Loss: 0.0840
Epoch 233/400, Loss: 0.0868
Epoch 234/400, Loss: 0.0586
Epoch 235/400, Loss: 0.0574
Epoch 236/400, Loss: 0.0672
Epoch 237/400, Loss: 0.0624
Epoch 238/400, Loss: 0.0549
Epoch 239/400, Loss: 0.0688
Epoch 240/400, Loss: 0.0580
Epoch 241/400, Loss: 0.0522
Epoch 242/400, Loss: 0.0620
Epoch 243/400, Loss: 0.0573
Epoch 244/400, Loss: 0.0579
Epoch 245/400, Loss: 0.0600
Epoch 246/400, Loss: 0.0575
Epoch 247/400, Loss: 0.0576
Epoch 248/400, Loss: 0.0538
Epoch 249/400, Loss: 0.0537
Epoch 250/400, Loss: 0.0597
Epoch 251/400, Loss: 0.0649
Epoch 252/400, Loss: 0.0525
Epoch 253/400, Loss: 0.0506
Epoch 254/400, Loss: 0.0630
Epoch 255/400, Loss: 0.0638
Epoch 256/400, Loss: 0.0797
Epoch 257/400, Loss: 0.1459
Epoch 258/400, Loss: 0.0866
Epoch 259/400, Loss: 0.0571
Epoch 260/400, Loss: 0.0607
Epoch 261/400, Loss: 0.0603
Epoch 262/400, Loss: 0.0514
Epoch 263/400, Loss: 0.0526
Epoch 264/400, Loss: 0.0878
Epoch 265/400, Loss: 0.1031
Epoch 266/400, Loss: 0.0975
Epoch 267/400, Loss: 0.0461
Epoch 268/400, Loss: 0.0551
Epoch 269/400, Loss: 0.0529
Epoch 270/400, Loss: 0.0610
Epoch 271/400, Loss: 0.0639
Epoch 272/400, Loss: 0.0619
Epoch 273/400, Loss: 0.0905
Epoch 274/400, Loss: 0.0876
Epoch 275/400, Loss: 0.0613
Epoch 276/400, Loss: 0.0510
Epoch 277/400, Loss: 0.0583
Epoch 278/400, Loss: 0.0554
Epoch 279/400, Loss: 0.0541
Epoch 280/400, Loss: 0.0514
Epoch 281/400, Loss: 0.0628
Epoch 282/400, Loss: 0.0521
Epoch 283/400, Loss: 0.0581
Epoch 284/400, Loss: 0.0549
Epoch 285/400, Loss: 0.0562
Epoch 286/400, Loss: 0.0534
Epoch 287/400, Loss: 0.0527
Epoch 288/400, Loss: 0.0554
Epoch 289/400, Loss: 0.0556
Epoch 290/400, Loss: 0.0484
Epoch 291/400, Loss: 0.0905
Epoch 292/400, Loss: 0.0573
Epoch 293/400, Loss: 0.0546
Epoch 294/400, Loss: 0.0520
Epoch 295/400, Loss: 0.0537
Epoch 296/400, Loss: 0.0537
[90m2025-05-28 05:52:08.562[0m [32mINF[0m [1mcommand T5.G1.A1.R1-01971571-ab03-7f27-bd2d-ba53374964e7 completed[0m
[90m2025-05-28 05:52:08.562[0m [32mINF[0m [36mmodule=[0mpkg/nodelet/task/monitor/group_monitor.go:1212 [36mmsg=[0m"Handling runtime end status update"
[90m2025-05-28 05:52:08.564[0m [32mINF[0m [1mGet runtime finish event notify, the phase:Succeeded[0m
[90m2025-05-28 05:52:08.606[0m [32mINF[0m [1mruntime.Spec.Name:R1,runtime.Spec.Type:command[0m
[90m2025-05-28 05:52:08.606[0m [32mINF[0m [1mRuntime END: taskStatus:Running, groupStatus:Running, actionStatus:Running, runtimeStatus:Succeeded[0m
[90m2025-05-28 05:52:08.651[0m [32mINF[0m [36mmodule=[0mpkg/nodelet/task/monitor/group_monitor.go:666 [36mmsg=[0m****************************************1234554564**********************
[90m2025-05-28 05:52:08.651[0m [32mINF[0m [1mcommand runtime for runtime task:T5.G1.A1.R2-01971571-ab03-7f27-bd2d-ba53374964e7[0m
[90m2025-05-28 05:52:08.651[0m [32mINF[0m [1mcommand.go: EnvVar:[{ } {PATH /home/public/anaconda3/envs/yolo/bin/python}][0m
[90m2025-05-28 05:52:08.651[0m [32mINF[0m [1mcommand.go: cmd:python[0m
[90m2025-05-28 05:52:08.651[0m [32mINF[0m [1mpath:PATH, value:/home/public/anaconda3/envs/yolo/bin/python[0m
[90m2025-05-28 05:52:08.651[0m [32mINF[0m [1mafter cmd:/home/public/anaconda3/envs/yolo/bin/python[0m
[90m2025-05-28 05:52:08.651[0m [32mINF[0m [1mruntime Name:	 T5.G1.A1.R2-01971571-ab03-7f27-bd2d-ba53374964e7 is Running[0m
[90m2025-05-28 05:52:08.652[0m [32mINF[0m [1mprocess id:	 2235223 is Running[0m
[90m2025-05-28 05:52:08.652[0m [32mINF[0m [36mmodule=[0mpkg/client-go/clients/typed/core/event_expansion.go:25 [36mmsg=[0m---CreateForEventSink---
[90m2025-05-28 05:52:08.652[0m [32mINF[0m [36mmodule=[0mpkg/nodelet/task/monitor/group_monitor.go:1022 [36mmsg=[0m"Handling runtime start status update"
[90m2025-05-28 05:52:08.657[0m [32mINF[0m [1mGet runtime start event notify, the phase:Running[0m
[90m2025-05-28 05:52:08.698[0m [32mINF[0m [1mSTART ：taskStatus:Running,groupStatus:Running, action status: Running, runtime Status: Running[0m
Epoch 297/400, Loss: 0.0631
Epoch 298/400, Loss: 0.0503
Epoch 299/400, Loss: 0.0536
Epoch 300/400, Loss: 0.0528
Epoch 301/400, Loss: 0.0592
Epoch 302/400, Loss: 0.0487
Epoch 303/400, Loss: 0.0500
Epoch 304/400, Loss: 0.0500
Epoch 305/400, Loss: 0.0614
Epoch 306/400, Loss: 0.0592
Epoch 307/400, Loss: 0.0502
Epoch 308/400, Loss: 0.0949
Epoch 309/400, Loss: 0.1068
Epoch 310/400, Loss: 0.1014
Epoch 311/400, Loss: 0.0715
Epoch 312/400, Loss: 0.0629
Epoch 313/400, Loss: 0.0535
Epoch 314/400, Loss: 0.0572
Epoch 315/400, Loss: 0.0502
Epoch 316/400, Loss: 0.0562
Epoch 317/400, Loss: 0.0491
Epoch 318/400, Loss: 0.0803
Epoch 319/400, Loss: 0.0801
Epoch 320/400, Loss: 0.0507
Epoch 321/400, Loss: 0.0512
Epoch 322/400, Loss: 0.0583
Epoch 323/400, Loss: 0.0889
Epoch 324/400, Loss: 0.0696
Epoch 325/400, Loss: 0.0458
Epoch 326/400, Loss: 0.0596
Epoch 327/400, Loss: 0.0528
Epoch 328/400, Loss: 0.0595
Epoch 329/400, Loss: 0.0493
Epoch 330/400, Loss: 0.0543
Epoch 331/400, Loss: 0.0530
Epoch 332/400, Loss: 0.0491
Epoch 333/400, Loss: 0.0518
Epoch 334/400, Loss: 0.0495
Epoch 335/400, Loss: 0.0576
Epoch 336/400, Loss: 0.0607
Epoch 337/400, Loss: 0.0506
Epoch 338/400, Loss: 0.0637
Epoch 339/400, Loss: 0.0966
Epoch 340/400, Loss: 0.0803
Epoch 341/400, Loss: 0.0463
Epoch 342/400, Loss: 0.0571
Epoch 343/400, Loss: 0.0499
Epoch 344/400, Loss: 0.0620
Epoch 345/400, Loss: 0.0653
Epoch 346/400, Loss: 0.0524
Epoch 347/400, Loss: 0.0521
Epoch 348/400, Loss: 0.0536
Epoch 349/400, Loss: 0.0525
Epoch 350/400, Loss: 0.0483
Epoch 351/400, Loss: 0.0483
Epoch 352/400, Loss: 0.0539
Epoch 353/400, Loss: 0.0619
Epoch 354/400, Loss: 0.0488
Epoch 355/400, Loss: 0.0503
Epoch 356/400, Loss: 0.0473
Epoch 357/400, Loss: 0.0508
Epoch 358/400, Loss: 0.0521
Epoch 359/400, Loss: 0.0623
Epoch 360/400, Loss: 0.0591
Epoch 361/400, Loss: 0.0736
Epoch 362/400, Loss: 0.0700
Epoch 363/400, Loss: 0.0510
Epoch 364/400, Loss: 0.0500
Epoch 365/400, Loss: 0.0533
Epoch 366/400, Loss: 0.0566
Epoch 367/400, Loss: 0.0543
Epoch 368/400, Loss: 0.0584
Epoch 369/400, Loss: 0.0628
Epoch 370/400, Loss: 0.0565
Epoch 371/400, Loss: 0.0517
Epoch 372/400, Loss: 0.0624
Epoch 373/400, Loss: 0.0500
Epoch 374/400, Loss: 0.0494
Epoch 375/400, Loss: 0.0606
Epoch 376/400, Loss: 0.0485
Epoch 377/400, Loss: 0.0506
Epoch 378/400, Loss: 0.0506
Epoch 379/400, Loss: 0.0579
Epoch 380/400, Loss: 0.0539
Epoch 381/400, Loss: 0.0533
Epoch 382/400, Loss: 0.0493
Epoch 383/400, Loss: 0.0564
Epoch 384/400, Loss: 0.0537
Epoch 385/400, Loss: 0.0480
Epoch 386/400, Loss: 0.0492
Epoch 387/400, Loss: 0.0524
Epoch 388/400, Loss: 0.0482
Epoch 389/400, Loss: 0.0522
Epoch 390/400, Loss: 0.0575
Epoch 391/400, Loss: 0.0588
Epoch 392/400, Loss: 0.0539
Epoch 393/400, Loss: 0.0531
Epoch 394/400, Loss: 0.0513
Epoch 395/400, Loss: 0.0474
Epoch 396/400, Loss: 0.0489
Epoch 397/400, Loss: 0.0510
Epoch 398/400, Loss: 0.0485
Epoch 399/400, Loss: 0.0478
Epoch 400/400, Loss: 0.0497
测试集准确率: 0.9800
[90m2025-05-28 05:52:10.337[0m [32mINF[0m [1mcommand T5.G4.A1.R2-01971570-ffb4-7428-97f7-e1a92ed611de completed[0m
[90m2025-05-28 05:52:10.337[0m [32mINF[0m [36mmodule=[0mpkg/nodelet/task/monitor/group_monitor.go:1212 [36mmsg=[0m"Handling runtime end status update"
[90m2025-05-28 05:52:10.339[0m [32mINF[0m [1mGet runtime finish event notify, the phase:Succeeded[0m
[90m2025-05-28 05:52:10.354[0m [32mINF[0m [1m=======================runtimeHasSucceed:true[0m
[90m2025-05-28 05:52:10.363[0m [32mINF[0m [1m-----------------------------runtimeHasSucceed:true[0m
[90m2025-05-28 05:52:10.364[0m [32mINF[0m [36mmodule=[0mpkg/client-go/clients/typed/core/event_expansion.go:25 [36mmsg=[0m---CreateForEventSink---
[90m2025-05-28 05:52:10.372[0m [32mINF[0m [36mmodule=[0mpkg/client-go/clients/typed/core/event_expansion.go:25 [36mmsg=[0m---CreateForEventSink---
[90m2025-05-28 05:52:10.392[0m [32mINF[0m [1mruntime.Spec.Name:R2,runtime.Spec.Type:command[0m
[90m2025-05-28 05:52:10.392[0m [32mINF[0m [1mRuntime END: taskStatus:Running, groupStatus:Succeeded, actionStatus:Succeeded, runtimeStatus:Succeeded[0m
[90m2025-05-28 05:52:10.460[0m [32mINF[0m [36mmodule=[0mpkg/nodelet/task/monitor/group_monitor.go:778 [36mmsg=[0m"Move to completed queue"
[90m2025-05-28 05:52:11.568[0m [32mINF[0m [1mbrotherGroupName:T5.G1-01971570-ffb4-7428-97f7-e1a92ed611de[0m
[90m2025-05-28 05:52:11.570[0m [32mINF[0m [1mbrotherGroupName:T5.G2-01971570-ffb4-7428-97f7-e1a92ed611de[0m
[90m2025-05-28 05:52:11.572[0m [32mINF[0m [1mDelete group:G4[0m
[90m2025-05-28 05:52:11.572[0m [32mINF[0m [1mgroup_manager删除group：T5.G4-01971570-ffb4-7428-97f7-e1a92ed611de[0m

image 1/2 /home/public/workspace/heongtong_yolo_linux/test_picture1.jpg: 480x640 3 infoTags, 3927.3ms
image 2/2 /home/public/workspace/heongtong_yolo_linux/test_picture2.jpg: 480x640 7 infoTags, 3791.9ms
Speed: 2.6ms preprocess, 3859.6ms inference, 6.4ms postprocess per image at shape (1, 3, 480, 640)
[90m2025-05-28 05:52:22.318[0m [32mINF[0m [1mcommand T5.G1.A1.R2-01971571-ab03-7f27-bd2d-ba53374964e7 completed[0m
[90m2025-05-28 05:52:22.319[0m [32mINF[0m [36mmodule=[0mpkg/nodelet/task/monitor/group_monitor.go:1212 [36mmsg=[0m"Handling runtime end status update"
[90m2025-05-28 05:52:22.320[0m [32mINF[0m [1mGet runtime finish event notify, the phase:Succeeded[0m
[90m2025-05-28 05:52:22.333[0m [32mINF[0m [1m=======================runtimeHasSucceed:true[0m
[90m2025-05-28 05:52:22.343[0m [32mINF[0m [1m-----------------------------runtimeHasSucceed:true[0m
[90m2025-05-28 05:52:22.343[0m [32mINF[0m [36mmodule=[0mpkg/client-go/clients/typed/core/event_expansion.go:25 [36mmsg=[0m---CreateForEventSink---
[90m2025-05-28 05:52:22.353[0m [32mINF[0m [36mmodule=[0mpkg/client-go/clients/typed/core/event_expansion.go:25 [36mmsg=[0m---CreateForEventSink---
[90m2025-05-28 05:52:22.370[0m [32mINF[0m [1mruntime.Spec.Name:R2,runtime.Spec.Type:command[0m
[90m2025-05-28 05:52:22.370[0m [32mINF[0m [1mRuntime END: taskStatus:Running, groupStatus:Succeeded, actionStatus:Succeeded, runtimeStatus:Succeeded[0m
[90m2025-05-28 05:52:22.405[0m [32mINF[0m [36mmodule=[0mpkg/nodelet/task/monitor/group_monitor.go:778 [36mmsg=[0m"Move to completed queue"
[90m2025-05-28 05:52:23.202[0m [32mINF[0m [1mbrotherGroupName:T5.G2-01971571-ab03-7f27-bd2d-ba53374964e7[0m
[90m2025-05-28 05:52:23.204[0m [32mINF[0m [1mDelete group:G1[0m
[90m2025-05-28 05:52:23.204[0m [32mINF[0m [1mgroup_manager删除group：T5.G1-01971571-ab03-7f27-bd2d-ba53374964e7[0m
[90m2025-05-28 05:52:34.712[0m [32mINF[0m [1mReceive-GroupName：T6.G1-01971572-877f-74b3-be17-c3b66c6f5435,groupStatus:ReadyToDeploy[0m
[90m2025-05-28 05:52:34.712[0m [32mINF[0m [1mcheckResource方法：g.Status.Phase:ReadyToDeploy[0m
[90m2025-05-28 05:52:34.764[0m [32mINF[0m [1m==========================Task的Status.Phase:Unknown[0m
[90m2025-05-28 05:52:35.097[0m [32mINF[0m [1m****************************ashdkhaskldhklashdk****************************************[0m
[90m2025-05-28 05:52:35.098[0m [32mINF[0m [1mcommand runtime for runtime task:T6.G1.A1.R1-01971572-877f-74b3-be17-c3b66c6f5435[0m
[90m2025-05-28 05:52:35.098[0m [32mINF[0m [1mcommand.go: EnvVar:[{ } {PATH /home/public/anaconda3/envs/yolo/bin/python}][0m
[90m2025-05-28 05:52:35.098[0m [32mINF[0m [1mcommand.go: cmd:python[0m
[90m2025-05-28 05:52:35.098[0m [32mINF[0m [1mpath:PATH, value:/home/public/anaconda3/envs/yolo/bin/python[0m
[90m2025-05-28 05:52:35.098[0m [32mINF[0m [1mafter cmd:/home/public/anaconda3/envs/yolo/bin/python[0m
[90m2025-05-28 05:52:35.098[0m [32mINF[0m [1mruntime Name:	 T6.G1.A1.R1-01971572-877f-74b3-be17-c3b66c6f5435 is Running[0m
[90m2025-05-28 05:52:35.098[0m [32mINF[0m [1mprocess id:	 2235346 is Running[0m
[90m2025-05-28 05:52:35.099[0m [32mINF[0m [36mmodule=[0mpkg/nodelet/task/monitor/group_monitor.go:1022 [36mmsg=[0m"Handling runtime start status update"
[90m2025-05-28 05:52:35.099[0m [32mINF[0m [36mmodule=[0mpkg/client-go/clients/typed/core/event_expansion.go:25 [36mmsg=[0m---CreateForEventSink---
[90m2025-05-28 05:52:35.101[0m [32mINF[0m [1mGet runtime start event notify, the phase:Running[0m
[90m2025-05-28 05:52:35.116[0m [32mINF[0m [36mmodule=[0mpkg/client-go/clients/typed/core/event_expansion.go:25 [36mmsg=[0m---CreateForEventSink---
[90m2025-05-28 05:52:35.122[0m [32mINF[0m [36mmodule=[0mpkg/client-go/clients/typed/core/event_expansion.go:25 [36mmsg=[0m---CreateForEventSink---
[90m2025-05-28 05:52:35.136[0m [32mINF[0m [36mmodule=[0mpkg/client-go/clients/typed/core/event_expansion.go:25 [36mmsg=[0m---CreateForEventSink---
[90m2025-05-28 05:52:35.144[0m [32mINF[0m [1mSTART ：taskStatus:Running,groupStatus:Running, action status: Running, runtime Status: Running[0m
New https://pypi.org/project/ultralytics/8.3.146 available 😃 Update with 'pip install -U ultralytics'
Ultralytics 8.3.105 🚀 Python-3.10.16 torch-2.5.1 CPU (Common KVM processor)
[34m[1mengine/trainer: [0mtask=segment, mode=train, model=/home/public/workspace/heongtong_yolo_linux/yolo11x-seg.pt, data=/home/public/workspace/heongtong_yolo_linux/segment_train.yaml, epochs=100, time=None, patience=100, batch=2, imgsz=640, save=True, save_period=-1, cache=False, device=cpu, workers=0, project=None, name=train, exist_ok=False, pretrained=True, optimizer=auto, verbose=True, seed=0, deterministic=True, single_cls=False, rect=False, cos_lr=False, close_mosaic=10, resume=False, amp=True, fraction=1.0, profile=False, freeze=None, multi_scale=False, overlap_mask=True, mask_ratio=4, dropout=0.0, val=True, split=val, save_json=False, conf=None, iou=0.7, max_det=300, half=False, dnn=False, plots=True, source=None, vid_stride=1, stream_buffer=False, visualize=False, augment=False, agnostic_nms=False, classes=None, retina_masks=False, embed=None, show=False, save_frames=False, save_txt=False, save_conf=False, save_crop=False, show_labels=True, show_conf=True, show_boxes=True, line_width=None, format=torchscript, keras=False, optimize=False, int8=False, dynamic=False, simplify=True, opset=None, workspace=None, nms=False, lr0=0.01, lrf=0.01, momentum=0.937, weight_decay=0.0005, warmup_epochs=3.0, warmup_momentum=0.8, warmup_bias_lr=0.1, box=7.5, cls=0.5, dfl=1.5, pose=12.0, kobj=1.0, nbs=64, hsv_h=0.015, hsv_s=0.7, hsv_v=0.4, degrees=0.0, translate=0.1, scale=0.5, shear=0.0, perspective=0.0, flipud=0.0, fliplr=0.5, bgr=0.0, mosaic=1.0, mixup=0.0, copy_paste=0.0, copy_paste_mode=flip, auto_augment=randaugment, erasing=0.4, crop_fraction=1.0, cfg=None, tracker=botsort.yaml, save_dir=runs/segment/train
Overriding model.yaml nc=80 with nc=1

                   from  n    params  module                                       arguments                     
  0                  -1  1      2784  ultralytics.nn.modules.conv.Conv             [3, 96, 3, 2]                 
  1                  -1  1    166272  ultralytics.nn.modules.conv.Conv             [96, 192, 3, 2]               
  2                  -1  2    389760  ultralytics.nn.modules.block.C3k2            [192, 384, 2, True, 0.25]     
  3                  -1  1   1327872  ultralytics.nn.modules.conv.Conv             [384, 384, 3, 2]              
  4                  -1  2   1553664  ultralytics.nn.modules.block.C3k2            [384, 768, 2, True, 0.25]     
  5                  -1  1   5309952  ultralytics.nn.modules.conv.Conv             [768, 768, 3, 2]              
  6                  -1  2   5022720  ultralytics.nn.modules.block.C3k2            [768, 768, 2, True]           
  7                  -1  1   5309952  ultralytics.nn.modules.conv.Conv             [768, 768, 3, 2]              
  8                  -1  2   5022720  ultralytics.nn.modules.block.C3k2            [768, 768, 2, True]           
  9                  -1  1   1476864  ultralytics.nn.modules.block.SPPF            [768, 768, 5]                 
 10                  -1  2   3264768  ultralytics.nn.modules.block.C2PSA           [768, 768, 2]                 
 11                  -1  1         0  torch.nn.modules.upsampling.Upsample         [None, 2, 'nearest']          
 12             [-1, 6]  1         0  ultralytics.nn.modules.conv.Concat           [1]                           
 13                  -1  2   5612544  ultralytics.nn.modules.block.C3k2            [1536, 768, 2, True]          
 14                  -1  1         0  torch.nn.modules.upsampling.Upsample         [None, 2, 'nearest']          
 15             [-1, 4]  1         0  ultralytics.nn.modules.conv.Concat           [1]                           
 16                  -1  2   1700352  ultralytics.nn.modules.block.C3k2            [1536, 384, 2, True]          
 17                  -1  1   1327872  ultralytics.nn.modules.conv.Conv             [384, 384, 3, 2]              
 18            [-1, 13]  1         0  ultralytics.nn.modules.conv.Concat           [1]                           
 19                  -1  2   5317632  ultralytics.nn.modules.block.C3k2            [1152, 768, 2, True]          
 20                  -1  1   5309952  ultralytics.nn.modules.conv.Conv             [768, 768, 3, 2]              
 21            [-1, 10]  1         0  ultralytics.nn.modules.conv.Concat           [1]                           
 22                  -1  2   5612544  ultralytics.nn.modules.block.C3k2            [1536, 768, 2, True]          
 23        [16, 19, 22]  1   8323187  ultralytics.nn.modules.head.Segment          [1, 32, 384, [384, 768, 768]] 
[W528 05:52:39.273628513 NNPACK.cpp:61] Could not initialize NNPACK! Reason: Unsupported hardware.
YOLO11x-seg summary: 379 layers, 62,051,411 parameters, 62,051,395 gradients

Transferred 1071/1077 items from pretrained weights
Freezing layer 'model.23.dfl.conv.weight'
[34m[1mtrain: [0mScanning /home/public/workspace/heongtong_yolo_linux/标签数据集/train/labels.cache... 136 images, 0 backgrounds, 0 corrupt: 100%|██████████| 136/136 [00:00<?, ?it/s][34m[1mtrain: [0mScanning /home/public/workspace/heongtong_yolo_linux/标签数据集/train/labels.cache... 136 images, 0 backgrounds, 0 corrupt: 100%|██████████| 136/136 [00:00<?, ?it/s]
[34m[1mval: [0mScanning /home/public/workspace/heongtong_yolo_linux/标签数据集/valid/labels.cache... 17 images, 0 backgrounds, 0 corrupt: 100%|██████████| 17/17 [00:00<?, ?it/s][34m[1mval: [0mScanning /home/public/workspace/heongtong_yolo_linux/标签数据集/valid/labels.cache... 17 images, 0 backgrounds, 0 corrupt: 100%|██████████| 17/17 [00:00<?, ?it/s]
Plotting labels to runs/segment/train/labels.jpg... 
[34m[1moptimizer:[0m 'optimizer=auto' found, ignoring 'lr0=0.01' and 'momentum=0.937' and determining best 'optimizer', 'lr0' and 'momentum' automatically... 
[34m[1moptimizer:[0m AdamW(lr=0.002, momentum=0.9) with parameter groups 176 weight(decay=0.0), 187 weight(decay=0.0005), 186 bias(decay=0.0)
Image sizes 640 train, 640 val
Using 0 dataloader workers
Logging results to [1mruns/segment/train[0m
Starting training for 100 epochs...

      Epoch    GPU_mem   box_loss   seg_loss   cls_loss   dfl_loss  Instances       Size
  0%|          | 0/68 [00:00<?, ?it/s][90m2025-05-28 05:52:57.899[0m [32mINF[0m [1mcommand T6.G1.A1.R1-01971572-877f-74b3-be17-c3b66c6f5435 completed[0m
[90m2025-05-28 05:52:57.899[0m [32mINF[0m [36mmodule=[0mpkg/nodelet/task/monitor/group_monitor.go:1212 [36mmsg=[0m"Handling runtime end status update"
[90m2025-05-28 05:52:57.901[0m [32mINF[0m [1mGet runtime finish event notify, the phase:Succeeded[0m
[90m2025-05-28 05:52:57.938[0m [32mINF[0m [1mruntime.Spec.Name:R1,runtime.Spec.Type:command[0m
[90m2025-05-28 05:52:57.938[0m [32mINF[0m [1mRuntime END: taskStatus:Running, groupStatus:Running, actionStatus:Running, runtimeStatus:Succeeded[0m
[90m2025-05-28 05:52:57.950[0m [32mINF[0m [36mmodule=[0mpkg/nodelet/task/monitor/group_monitor.go:666 [36mmsg=[0m****************************************1234554564**********************
[90m2025-05-28 05:52:57.950[0m [32mINF[0m [1mcommand runtime for runtime task:T6.G1.A1.R2-01971572-877f-74b3-be17-c3b66c6f5435[0m
[90m2025-05-28 05:52:57.950[0m [32mINF[0m [1mcommand.go: EnvVar:[{ } {PATH /home/public/anaconda3/envs/yolo/bin/python}][0m
[90m2025-05-28 05:52:57.950[0m [32mINF[0m [1mcommand.go: cmd:python[0m
[90m2025-05-28 05:52:57.950[0m [32mINF[0m [1mpath:PATH, value:/home/public/anaconda3/envs/yolo/bin/python[0m
[90m2025-05-28 05:52:57.951[0m [32mINF[0m [1mafter cmd:/home/public/anaconda3/envs/yolo/bin/python[0m
[90m2025-05-28 05:52:57.951[0m [32mINF[0m [1mruntime Name:	 T6.G1.A1.R2-01971572-877f-74b3-be17-c3b66c6f5435 is Running[0m
[90m2025-05-28 05:52:57.954[0m [32mINF[0m [36mmodule=[0mpkg/nodelet/task/monitor/group_monitor.go:1022 [36mmsg=[0m"Handling runtime start status update"
[90m2025-05-28 05:52:57.954[0m [32mINF[0m [1mprocess id:	 2235503 is Running[0m
[90m2025-05-28 05:52:57.955[0m [32mINF[0m [36mmodule=[0mpkg/client-go/clients/typed/core/event_expansion.go:25 [36mmsg=[0m---CreateForEventSink---
[90m2025-05-28 05:52:57.956[0m [32mINF[0m [1mGet runtime start event notify, the phase:Running[0m
[90m2025-05-28 05:52:58.046[0m [32mINF[0m [1mSTART ：taskStatus:Running,groupStatus:Running, action status: Running, runtime Status: Running[0m

image 1/2 /home/public/workspace/heongtong_yolo_linux/test_picture1.jpg: 480x640 3 infoTags, 3497.6ms
image 2/2 /home/public/workspace/heongtong_yolo_linux/test_picture2.jpg: 480x640 7 infoTags, 3515.6ms
Speed: 2.6ms preprocess, 3506.6ms inference, 4.7ms postprocess per image at shape (1, 3, 480, 640)
[90m2025-05-28 05:53:11.416[0m [32mINF[0m [1mcommand T6.G1.A1.R2-01971572-877f-74b3-be17-c3b66c6f5435 completed[0m
[90m2025-05-28 05:53:11.417[0m [32mINF[0m [36mmodule=[0mpkg/nodelet/task/monitor/group_monitor.go:1212 [36mmsg=[0m"Handling runtime end status update"
[90m2025-05-28 05:53:11.419[0m [32mINF[0m [1mGet runtime finish event notify, the phase:Succeeded[0m
[90m2025-05-28 05:53:11.429[0m [32mINF[0m [1m=======================runtimeHasSucceed:true[0m
[90m2025-05-28 05:53:11.435[0m [32mINF[0m [1m-----------------------------runtimeHasSucceed:true[0m
[90m2025-05-28 05:53:11.435[0m [32mINF[0m [36mmodule=[0mpkg/client-go/clients/typed/core/event_expansion.go:25 [36mmsg=[0m---CreateForEventSink---
[90m2025-05-28 05:53:11.445[0m [32mINF[0m [36mmodule=[0mpkg/client-go/clients/typed/core/event_expansion.go:25 [36mmsg=[0m---CreateForEventSink---
[90m2025-05-28 05:53:11.460[0m [32mINF[0m [1mruntime.Spec.Name:R2,runtime.Spec.Type:command[0m
[90m2025-05-28 05:53:11.460[0m [32mINF[0m [1mRuntime END: taskStatus:Running, groupStatus:Succeeded, actionStatus:Succeeded, runtimeStatus:Succeeded[0m
[90m2025-05-28 05:53:11.476[0m [32mINF[0m [36mmodule=[0mpkg/nodelet/task/monitor/group_monitor.go:778 [36mmsg=[0m"Move to completed queue"
[90m2025-05-28 05:53:12.237[0m [32mINF[0m [1mbrotherGroupName:T6.G2-01971572-877f-74b3-be17-c3b66c6f5435[0m
[90m2025-05-28 05:53:12.239[0m [32mINF[0m [1mDelete group:G1[0m
[90m2025-05-28 05:53:12.239[0m [32mINF[0m [1mgroup_manager删除group：T6.G1-01971572-877f-74b3-be17-c3b66c6f5435[0m
[90m2025-05-28 07:18:51.043[0m [32mINF[0m [1mwatchChan closed[0m
[90m2025-05-28 08:47:34.295[0m [31mERR[0m [1mList task err:Get "http://127.0.0.1:10000/apis/resources/v1/groups": dial tcp 127.0.0.1:10000: connect: connection refused[0m
[90m2025-05-28 08:47:34.397[0m [31mERR[0m [1mList task err:Get "http://127.0.0.1:10000/apis/resources/v1/groups": dial tcp 127.0.0.1:10000: connect: connection refused[0m
[90m2025-05-28 08:47:34.498[0m [31mERR[0m [1mList task err:Get "http://127.0.0.1:10000/apis/resources/v1/groups": dial tcp 127.0.0.1:10000: connect: connection refused[0m
[90m2025-05-28 08:47:34.599[0m [31mERR[0m [1mList task err:Get "http://127.0.0.1:10000/apis/resources/v1/groups": dial tcp 127.0.0.1:10000: connect: connection refused[0m
[90m2025-05-28 08:47:34.699[0m [31mERR[0m [1mList task err:Get "http://127.0.0.1:10000/apis/resources/v1/groups": dial tcp 127.0.0.1:10000: connect: connection refused[0m
[90m2025-05-28 08:47:34.800[0m [31mERR[0m [1mList task err:Get "http://127.0.0.1:10000/apis/resources/v1/groups": dial tcp 127.0.0.1:10000: connect: connection refused[0m
[90m2025-05-28 08:47:34.901[0m [31mERR[0m [1mList task err:Get "http://127.0.0.1:10000/apis/resources/v1/groups": dial tcp 127.0.0.1:10000: connect: connection refused[0m
[90m2025-05-28 08:47:35.001[0m [31mERR[0m [1mList task err:Get "http://127.0.0.1:10000/apis/resources/v1/groups": dial tcp 127.0.0.1:10000: connect: connection refused[0m
[90m2025-05-28 08:47:35.102[0m [31mERR[0m [1mList task err:Get "http://127.0.0.1:10000/apis/resources/v1/groups": dial tcp 127.0.0.1:10000: connect: connection refused[0m
[90m2025-05-28 08:47:35.203[0m [31mERR[0m [1mList task err:Get "http://127.0.0.1:10000/apis/resources/v1/groups": dial tcp 127.0.0.1:10000: connect: connection refused[0m
[90m2025-05-28 08:47:35.304[0m [31mERR[0m [1mList task err:Get "http://127.0.0.1:10000/apis/resources/v1/groups": dial tcp 127.0.0.1:10000: connect: connection refused[0m
[90m2025-05-28 08:47:35.405[0m [31mERR[0m [1mList task err:Get "http://127.0.0.1:10000/apis/resources/v1/groups": dial tcp 127.0.0.1:10000: connect: connection refused[0m
[90m2025-05-28 08:47:35.506[0m [31mERR[0m [1mList task err:Get "http://127.0.0.1:10000/apis/resources/v1/groups": dial tcp 127.0.0.1:10000: connect: connection refused[0m
[90m2025-05-28 08:47:35.607[0m [31mERR[0m [1mList task err:Get "http://127.0.0.1:10000/apis/resources/v1/groups": dial tcp 127.0.0.1:10000: connect: connection refused[0m
[90m2025-05-28 08:47:35.708[0m [31mERR[0m [1mList task err:Get "http://127.0.0.1:10000/apis/resources/v1/groups": dial tcp 127.0.0.1:10000: connect: connection refused[0m
[90m2025-05-28 08:47:35.809[0m [31mERR[0m [1mList task err:Get "http://127.0.0.1:10000/apis/resources/v1/groups": dial tcp 127.0.0.1:10000: connect: connection refused[0m
[90m2025-05-28 08:47:35.910[0m [31mERR[0m [1mList task err:Get "http://127.0.0.1:10000/apis/resources/v1/groups": dial tcp 127.0.0.1:10000: connect: connection refused[0m
[90m2025-05-28 08:47:36.010[0m [31mERR[0m [1mList task err:Get "http://127.0.0.1:10000/apis/resources/v1/groups": dial tcp 127.0.0.1:10000: connect: connection refused[0m
[90m2025-05-28 08:47:36.112[0m [31mERR[0m [1mList task err:Get "http://127.0.0.1:10000/apis/resources/v1/groups": dial tcp 127.0.0.1:10000: connect: connection refused[0m
[90m2025-05-28 08:47:36.212[0m [31mERR[0m [1mList task err:Get "http://127.0.0.1:10000/apis/resources/v1/groups": dial tcp 127.0.0.1:10000: connect: connection refused[0m
[90m2025-05-28 08:47:36.314[0m [31mERR[0m [1mList task err:Get "http://127.0.0.1:10000/apis/resources/v1/groups": dial tcp 127.0.0.1:10000: connect: connection refused[0m
[90m2025-05-28 08:47:36.414[0m [31mERR[0m [1mList task err:Get "http://127.0.0.1:10000/apis/resources/v1/groups": dial tcp 127.0.0.1:10000: connect: connection refused[0m
[90m2025-05-28 08:47:36.515[0m [31mERR[0m [1mList task err:Get "http://127.0.0.1:10000/apis/resources/v1/groups": dial tcp 127.0.0.1:10000: connect: connection refused[0m
[90m2025-05-28 08:47:36.616[0m [31mERR[0m [1mList task err:Get "http://127.0.0.1:10000/apis/resources/v1/groups": dial tcp 127.0.0.1:10000: connect: connection refused[0m
[90m2025-05-28 08:47:36.717[0m [31mERR[0m [1mList task err:Get "http://127.0.0.1:10000/apis/resources/v1/groups": dial tcp 127.0.0.1:10000: connect: connection refused[0m
[90m2025-05-28 08:47:36.818[0m [31mERR[0m [1mList task err:Get "http://127.0.0.1:10000/apis/resources/v1/groups": dial tcp 127.0.0.1:10000: connect: connection refused[0m
[90m2025-05-28 08:47:36.919[0m [31mERR[0m [1mList task err:Get "http://127.0.0.1:10000/apis/resources/v1/groups": dial tcp 127.0.0.1:10000: connect: connection refused[0m
[90m2025-05-28 08:47:37.020[0m [31mERR[0m [1mList task err:Get "http://127.0.0.1:10000/apis/resources/v1/groups": dial tcp 127.0.0.1:10000: connect: connection refused[0m
[90m2025-05-28 08:47:37.120[0m [31mERR[0m [1mList task err:Get "http://127.0.0.1:10000/apis/resources/v1/groups": dial tcp 127.0.0.1:10000: connect: connection refused[0m
[90m2025-05-28 08:47:37.221[0m [31mERR[0m [1mList task err:Get "http://127.0.0.1:10000/apis/resources/v1/groups": dial tcp 127.0.0.1:10000: connect: connection refused[0m
[90m2025-05-28 08:47:37.323[0m [31mERR[0m [1mList task err:Get "http://127.0.0.1:10000/apis/resources/v1/groups": dial tcp 127.0.0.1:10000: connect: connection refused[0m
[90m2025-05-28 08:47:37.424[0m [31mERR[0m [1mList task err:Get "http://127.0.0.1:10000/apis/resources/v1/groups": dial tcp 127.0.0.1:10000: connect: connection refused[0m
[90m2025-05-28 08:47:37.525[0m [31mERR[0m [1mList task err:Get "http://127.0.0.1:10000/apis/resources/v1/groups": dial tcp 127.0.0.1:10000: connect: connection refused[0m
[90m2025-05-28 08:47:37.626[0m [31mERR[0m [1mList task err:Get "http://127.0.0.1:10000/apis/resources/v1/groups": dial tcp 127.0.0.1:10000: connect: connection refused[0m
[90m2025-05-28 08:47:37.727[0m [31mERR[0m [1mList task err:Get "http://127.0.0.1:10000/apis/resources/v1/groups": dial tcp 127.0.0.1:10000: connect: connection refused[0m
[90m2025-05-28 08:47:37.827[0m [31mERR[0m [1mList task err:Get "http://127.0.0.1:10000/apis/resources/v1/groups": dial tcp 127.0.0.1:10000: connect: connection refused[0m
[90m2025-05-28 08:47:37.928[0m [31mERR[0m [1mList task err:Get "http://127.0.0.1:10000/apis/resources/v1/groups": dial tcp 127.0.0.1:10000: connect: connection refused[0m
[90m2025-05-28 08:47:38.029[0m [31mERR[0m [1mList task err:Get "http://127.0.0.1:10000/apis/resources/v1/groups": dial tcp 127.0.0.1:10000: connect: connection refused[0m
[90m2025-05-28 08:47:38.131[0m [31mERR[0m [1mList task err:Get "http://127.0.0.1:10000/apis/resources/v1/groups": dial tcp 127.0.0.1:10000: connect: connection refused[0m
[90m2025-05-28 08:47:38.232[0m [31mERR[0m [1mList task err:Get "http://127.0.0.1:10000/apis/resources/v1/groups": dial tcp 127.0.0.1:10000: connect: connection refused[0m
[90m2025-05-28 08:47:38.333[0m [31mERR[0m [1mList task err:Get "http://127.0.0.1:10000/apis/resources/v1/groups": dial tcp 127.0.0.1:10000: connect: connection refused[0m
[90m2025-05-28 08:47:38.433[0m [31mERR[0m [1mList task err:Get "http://127.0.0.1:10000/apis/resources/v1/groups": dial tcp 127.0.0.1:10000: connect: connection refused[0m
[90m2025-05-28 08:47:38.535[0m [31mERR[0m [1mList task err:Get "http://127.0.0.1:10000/apis/resources/v1/groups": dial tcp 127.0.0.1:10000: connect: connection refused[0m
[90m2025-05-28 08:47:38.635[0m [31mERR[0m [1mList task err:Get "http://127.0.0.1:10000/apis/resources/v1/groups": dial tcp 127.0.0.1:10000: connect: connection refused[0m
[90m2025-05-28 08:47:38.736[0m [31mERR[0m [1mList task err:Get "http://127.0.0.1:10000/apis/resources/v1/groups": dial tcp 127.0.0.1:10000: connect: connection refused[0m
[90m2025-05-28 08:47:38.837[0m [31mERR[0m [1mList task err:Get "http://127.0.0.1:10000/apis/resources/v1/groups": dial tcp 127.0.0.1:10000: connect: connection refused[0m
[90m2025-05-28 08:47:38.938[0m [31mERR[0m [1mList task err:Get "http://127.0.0.1:10000/apis/resources/v1/groups": dial tcp 127.0.0.1:10000: connect: connection refused[0m
[90m2025-05-28 08:47:39.039[0m [31mERR[0m [1mList task err:Get "http://127.0.0.1:10000/apis/resources/v1/groups": dial tcp 127.0.0.1:10000: connect: connection refused[0m
[90m2025-05-28 08:47:39.139[0m [31mERR[0m [1mList task err:Get "http://127.0.0.1:10000/apis/resources/v1/groups": dial tcp 127.0.0.1:10000: connect: connection refused[0m
[90m2025-05-28 08:47:39.240[0m [31mERR[0m [1mList task err:Get "http://127.0.0.1:10000/apis/resources/v1/groups": dial tcp 127.0.0.1:10000: connect: connection refused[0m
[90m2025-05-28 08:47:39.341[0m [31mERR[0m [1mList task err:Get "http://127.0.0.1:10000/apis/resources/v1/groups": dial tcp 127.0.0.1:10000: connect: connection refused[0m
[90m2025-05-28 08:47:39.442[0m [31mERR[0m [1mList task err:Get "http://127.0.0.1:10000/apis/resources/v1/groups": dial tcp 127.0.0.1:10000: connect: connection refused[0m
[90m2025-05-28 08:47:39.543[0m [31mERR[0m [1mList task err:Get "http://127.0.0.1:10000/apis/resources/v1/groups": dial tcp 127.0.0.1:10000: connect: connection refused[0m
[90m2025-05-28 08:47:39.644[0m [31mERR[0m [1mList task err:Get "http://127.0.0.1:10000/apis/resources/v1/groups": dial tcp 127.0.0.1:10000: connect: connection refused[0m
[90m2025-05-28 08:47:39.745[0m [31mERR[0m [1mList task err:Get "http://127.0.0.1:10000/apis/resources/v1/groups": dial tcp 127.0.0.1:10000: connect: connection refused[0m
[90m2025-05-28 08:47:39.846[0m [31mERR[0m [1mList task err:Get "http://127.0.0.1:10000/apis/resources/v1/groups": dial tcp 127.0.0.1:10000: connect: connection refused[0m
[90m2025-05-28 08:47:39.947[0m [31mERR[0m [1mList task err:Get "http://127.0.0.1:10000/apis/resources/v1/groups": dial tcp 127.0.0.1:10000: connect: connection refused[0m
[90m2025-05-28 08:47:40.048[0m [31mERR[0m [1mList task err:Get "http://127.0.0.1:10000/apis/resources/v1/groups": dial tcp 127.0.0.1:10000: connect: connection refused[0m
[90m2025-05-28 08:47:40.148[0m [31mERR[0m [1mList task err:Get "http://127.0.0.1:10000/apis/resources/v1/groups": dial tcp 127.0.0.1:10000: connect: connection refused[0m
[90m2025-05-28 08:47:40.250[0m [31mERR[0m [1mList task err:Get "http://127.0.0.1:10000/apis/resources/v1/groups": dial tcp 127.0.0.1:10000: connect: connection refused[0m
[90m2025-05-28 08:47:40.350[0m [31mERR[0m [1mList task err:Get "http://127.0.0.1:10000/apis/resources/v1/groups": dial tcp 127.0.0.1:10000: connect: connection refused[0m
[90m2025-05-28 08:47:40.451[0m [31mERR[0m [1mList task err:Get "http://127.0.0.1:10000/apis/resources/v1/groups": dial tcp 127.0.0.1:10000: connect: connection refused[0m
[90m2025-05-28 08:47:40.552[0m [31mERR[0m [1mList task err:Get "http://127.0.0.1:10000/apis/resources/v1/groups": dial tcp 127.0.0.1:10000: connect: connection refused[0m
[90m2025-05-28 08:47:40.652[0m [31mERR[0m [1mList task err:Get "http://127.0.0.1:10000/apis/resources/v1/groups": dial tcp 127.0.0.1:10000: connect: connection refused[0m
[90m2025-05-28 08:47:40.754[0m [31mERR[0m [1mList task err:Get "http://127.0.0.1:10000/apis/resources/v1/groups": dial tcp 127.0.0.1:10000: connect: connection refused[0m
[90m2025-05-28 08:47:40.855[0m [31mERR[0m [1mList task err:Get "http://127.0.0.1:10000/apis/resources/v1/groups": dial tcp 127.0.0.1:10000: connect: connection refused[0m
[90m2025-05-28 08:47:40.955[0m [31mERR[0m [1mList task err:Get "http://127.0.0.1:10000/apis/resources/v1/groups": dial tcp 127.0.0.1:10000: connect: connection refused[0m
[90m2025-05-28 08:47:41.056[0m [31mERR[0m [1mList task err:Get "http://127.0.0.1:10000/apis/resources/v1/groups": dial tcp 127.0.0.1:10000: connect: connection refused[0m
[90m2025-05-28 08:47:41.157[0m [31mERR[0m [1mList task err:Get "http://127.0.0.1:10000/apis/resources/v1/groups": dial tcp 127.0.0.1:10000: connect: connection refused[0m
[90m2025-05-28 08:47:41.258[0m [31mERR[0m [1mList task err:Get "http://127.0.0.1:10000/apis/resources/v1/groups": dial tcp 127.0.0.1:10000: connect: connection refused[0m
[90m2025-05-28 08:47:41.359[0m [31mERR[0m [1mList task err:Get "http://127.0.0.1:10000/apis/resources/v1/groups": dial tcp 127.0.0.1:10000: connect: connection refused[0m
[90m2025-05-28 08:47:41.461[0m [31mERR[0m [1mList task err:Get "http://127.0.0.1:10000/apis/resources/v1/groups": dial tcp 127.0.0.1:10000: connect: connection refused[0m
[90m2025-05-28 08:47:41.562[0m [31mERR[0m [1mList task err:Get "http://127.0.0.1:10000/apis/resources/v1/groups": dial tcp 127.0.0.1:10000: connect: connection refused[0m
[90m2025-05-28 08:47:41.663[0m [31mERR[0m [1mList task err:Get "http://127.0.0.1:10000/apis/resources/v1/groups": dial tcp 127.0.0.1:10000: connect: connection refused[0m
[90m2025-05-28 08:47:41.764[0m [31mERR[0m [1mList task err:Get "http://127.0.0.1:10000/apis/resources/v1/groups": dial tcp 127.0.0.1:10000: connect: connection refused[0m
[90m2025-05-28 08:47:41.865[0m [31mERR[0m [1mList task err:Get "http://127.0.0.1:10000/apis/resources/v1/groups": dial tcp 127.0.0.1:10000: connect: connection refused[0m
[90m2025-05-28 08:47:41.966[0m [31mERR[0m [1mList task err:Get "http://127.0.0.1:10000/apis/resources/v1/groups": dial tcp 127.0.0.1:10000: connect: connection refused[0m
[90m2025-05-28 08:47:42.067[0m [31mERR[0m [1mList task err:Get "http://127.0.0.1:10000/apis/resources/v1/groups": dial tcp 127.0.0.1:10000: connect: connection refused[0m
[90m2025-05-28 08:47:42.168[0m [31mERR[0m [1mList task err:Get "http://127.0.0.1:10000/apis/resources/v1/groups": dial tcp 127.0.0.1:10000: connect: connection refused[0m
[90m2025-05-28 08:47:42.269[0m [31mERR[0m [1mList task err:Get "http://127.0.0.1:10000/apis/resources/v1/groups": dial tcp 127.0.0.1:10000: connect: connection refused[0m
[90m2025-05-28 08:47:42.370[0m [31mERR[0m [1mList task err:Get "http://127.0.0.1:10000/apis/resources/v1/groups": dial tcp 127.0.0.1:10000: connect: connection refused[0m
[90m2025-05-28 08:47:42.471[0m [31mERR[0m [1mList task err:Get "http://127.0.0.1:10000/apis/resources/v1/groups": dial tcp 127.0.0.1:10000: connect: connection refused[0m
[90m2025-05-28 08:47:42.572[0m [31mERR[0m [1mList task err:Get "http://127.0.0.1:10000/apis/resources/v1/groups": dial tcp 127.0.0.1:10000: connect: connection refused[0m
[90m2025-05-28 08:47:42.673[0m [31mERR[0m [1mList task err:Get "http://127.0.0.1:10000/apis/resources/v1/groups": dial tcp 127.0.0.1:10000: connect: connection refused[0m
[90m2025-05-28 08:47:42.774[0m [31mERR[0m [1mList task err:Get "http://127.0.0.1:10000/apis/resources/v1/groups": dial tcp 127.0.0.1:10000: connect: connection refused[0m
[90m2025-05-28 08:47:42.877[0m [31mERR[0m [1mList task err:Get "http://127.0.0.1:10000/apis/resources/v1/groups": dial tcp 127.0.0.1:10000: connect: connection refused[0m
[90m2025-05-28 08:47:42.978[0m [31mERR[0m [1mList task err:Get "http://127.0.0.1:10000/apis/resources/v1/groups": dial tcp 127.0.0.1:10000: connect: connection refused[0m
[90m2025-05-28 08:47:43.079[0m [31mERR[0m [1mList task err:Get "http://127.0.0.1:10000/apis/resources/v1/groups": dial tcp 127.0.0.1:10000: connect: connection refused[0m
[90m2025-05-28 08:47:43.180[0m [31mERR[0m [1mList task err:Get "http://127.0.0.1:10000/apis/resources/v1/groups": dial tcp 127.0.0.1:10000: connect: connection refused[0m
[90m2025-05-28 08:47:43.281[0m [31mERR[0m [1mList task err:Get "http://127.0.0.1:10000/apis/resources/v1/groups": dial tcp 127.0.0.1:10000: connect: connection refused[0m
[90m2025-05-28 08:47:43.383[0m [31mERR[0m [1mList task err:Get "http://127.0.0.1:10000/apis/resources/v1/groups": dial tcp 127.0.0.1:10000: connect: connection refused[0m
[90m2025-05-28 08:47:43.483[0m [31mERR[0m [1mList task err:Get "http://127.0.0.1:10000/apis/resources/v1/groups": dial tcp 127.0.0.1:10000: connect: connection refused[0m
[90m2025-05-28 08:47:43.584[0m [31mERR[0m [1mList task err:Get "http://127.0.0.1:10000/apis/resources/v1/groups": dial tcp 127.0.0.1:10000: connect: connection refused[0m
[90m2025-05-28 08:47:43.685[0m [31mERR[0m [1mList task err:Get "http://127.0.0.1:10000/apis/resources/v1/groups": dial tcp 127.0.0.1:10000: connect: connection refused[0m
[90m2025-05-28 08:47:43.786[0m [31mERR[0m [1mList task err:Get "http://127.0.0.1:10000/apis/resources/v1/groups": dial tcp 127.0.0.1:10000: connect: connection refused[0m
[90m2025-05-28 08:47:43.887[0m [31mERR[0m [1mList task err:Get "http://127.0.0.1:10000/apis/resources/v1/groups": dial tcp 127.0.0.1:10000: connect: connection refused[0m
[90m2025-05-28 08:47:43.988[0m [31mERR[0m [1mList task err:Get "http://127.0.0.1:10000/apis/resources/v1/groups": dial tcp 127.0.0.1:10000: connect: connection refused[0m
[90m2025-05-28 08:47:44.089[0m [31mERR[0m [1mList task err:Get "http://127.0.0.1:10000/apis/resources/v1/groups": dial tcp 127.0.0.1:10000: connect: connection refused[0m
[90m2025-05-28 08:47:44.190[0m [31mERR[0m [1mList task err:Get "http://127.0.0.1:10000/apis/resources/v1/groups": dial tcp 127.0.0.1:10000: connect: connection refused[0m
[90m2025-05-28 08:47:44.291[0m [31mERR[0m [1mList task err:Get "http://127.0.0.1:10000/apis/resources/v1/groups": dial tcp 127.0.0.1:10000: connect: connection refused[0m
[90m2025-05-28 08:47:44.392[0m [31mERR[0m [1mList task err:Get "http://127.0.0.1:10000/apis/resources/v1/groups": dial tcp 127.0.0.1:10000: connect: connection refused[0m
[90m2025-05-28 08:47:44.493[0m [31mERR[0m [1mList task err:Get "http://127.0.0.1:10000/apis/resources/v1/groups": dial tcp 127.0.0.1:10000: connect: connection refused[0m
[90m2025-05-28 08:47:44.595[0m [31mERR[0m [1mList task err:Get "http://127.0.0.1:10000/apis/resources/v1/groups": dial tcp 127.0.0.1:10000: connect: connection refused[0m
[90m2025-05-28 08:47:44.695[0m [31mERR[0m [1mList task err:Get "http://127.0.0.1:10000/apis/resources/v1/groups": dial tcp 127.0.0.1:10000: connect: connection refused[0m
[90m2025-05-28 08:47:44.796[0m [31mERR[0m [1mList task err:Get "http://127.0.0.1:10000/apis/resources/v1/groups": dial tcp 127.0.0.1:10000: connect: connection refused[0m
[90m2025-05-28 08:47:44.897[0m [31mERR[0m [1mList task err:Get "http://127.0.0.1:10000/apis/resources/v1/groups": dial tcp 127.0.0.1:10000: connect: connection refused[0m
[90m2025-05-28 08:47:44.998[0m [31mERR[0m [1mList task err:Get "http://127.0.0.1:10000/apis/resources/v1/groups": dial tcp 127.0.0.1:10000: connect: connection refused[0m
[90m2025-05-28 08:47:45.100[0m [31mERR[0m [1mList task err:Get "http://127.0.0.1:10000/apis/resources/v1/groups": dial tcp 127.0.0.1:10000: connect: connection refused[0m
[90m2025-05-28 08:47:45.201[0m [31mERR[0m [1mList task err:Get "http://127.0.0.1:10000/apis/resources/v1/groups": dial tcp 127.0.0.1:10000: connect: connection refused[0m
[90m2025-05-28 08:47:45.302[0m [31mERR[0m [1mList task err:Get "http://127.0.0.1:10000/apis/resources/v1/groups": dial tcp 127.0.0.1:10000: connect: connection refused[0m
[90m2025-05-28 08:47:45.403[0m [31mERR[0m [1mList task err:Get "http://127.0.0.1:10000/apis/resources/v1/groups": dial tcp 127.0.0.1:10000: connect: connection refused[0m
[90m2025-05-28 08:47:45.504[0m [31mERR[0m [1mList task err:Get "http://127.0.0.1:10000/apis/resources/v1/groups": dial tcp 127.0.0.1:10000: connect: connection refused[0m
[90m2025-05-28 08:47:45.605[0m [31mERR[0m [1mList task err:Get "http://127.0.0.1:10000/apis/resources/v1/groups": dial tcp 127.0.0.1:10000: connect: connection refused[0m
[90m2025-05-28 08:47:45.706[0m [31mERR[0m [1mList task err:Get "http://127.0.0.1:10000/apis/resources/v1/groups": dial tcp 127.0.0.1:10000: connect: connection refused[0m
[90m2025-05-28 08:47:45.807[0m [31mERR[0m [1mList task err:Get "http://127.0.0.1:10000/apis/resources/v1/groups": dial tcp 127.0.0.1:10000: connect: connection refused[0m
[90m2025-05-28 08:47:45.908[0m [31mERR[0m [1mList task err:Get "http://127.0.0.1:10000/apis/resources/v1/groups": dial tcp 127.0.0.1:10000: connect: connection refused[0m
[90m2025-05-28 08:47:46.009[0m [31mERR[0m [1mList task err:Get "http://127.0.0.1:10000/apis/resources/v1/groups": dial tcp 127.0.0.1:10000: connect: connection refused[0m
[90m2025-05-28 08:47:46.110[0m [31mERR[0m [1mList task err:Get "http://127.0.0.1:10000/apis/resources/v1/groups": dial tcp 127.0.0.1:10000: connect: connection refused[0m
[90m2025-05-28 08:47:46.211[0m [31mERR[0m [1mList task err:Get "http://127.0.0.1:10000/apis/resources/v1/groups": dial tcp 127.0.0.1:10000: connect: connection refused[0m
[90m2025-05-28 08:47:46.312[0m [31mERR[0m [1mList task err:Get "http://127.0.0.1:10000/apis/resources/v1/groups": dial tcp 127.0.0.1:10000: connect: connection refused[0m
[90m2025-05-28 08:47:46.413[0m [31mERR[0m [1mList task err:Get "http://127.0.0.1:10000/apis/resources/v1/groups": dial tcp 127.0.0.1:10000: connect: connection refused[0m
[90m2025-05-28 08:47:46.515[0m [31mERR[0m [1mList task err:Get "http://127.0.0.1:10000/apis/resources/v1/groups": dial tcp 127.0.0.1:10000: connect: connection refused[0m
[90m2025-05-28 08:47:46.616[0m [31mERR[0m [1mList task err:Get "http://127.0.0.1:10000/apis/resources/v1/groups": dial tcp 127.0.0.1:10000: connect: connection refused[0m
[90m2025-05-28 08:47:46.717[0m [31mERR[0m [1mList task err:Get "http://127.0.0.1:10000/apis/resources/v1/groups": dial tcp 127.0.0.1:10000: connect: connection refused[0m
[90m2025-05-28 08:47:46.818[0m [31mERR[0m [1mList task err:Get "http://127.0.0.1:10000/apis/resources/v1/groups": dial tcp 127.0.0.1:10000: connect: connection refused[0m
[90m2025-05-28 08:47:46.920[0m [31mERR[0m [1mList task err:Get "http://127.0.0.1:10000/apis/resources/v1/groups": dial tcp 127.0.0.1:10000: connect: connection refused[0m
[90m2025-05-28 08:47:47.021[0m [31mERR[0m [1mList task err:Get "http://127.0.0.1:10000/apis/resources/v1/groups": dial tcp 127.0.0.1:10000: connect: connection refused[0m
[90m2025-05-28 08:47:47.121[0m [31mERR[0m [1mList task err:Get "http://127.0.0.1:10000/apis/resources/v1/groups": dial tcp 127.0.0.1:10000: connect: connection refused[0m
[90m2025-05-28 08:47:47.223[0m [31mERR[0m [1mList task err:Get "http://127.0.0.1:10000/apis/resources/v1/groups": dial tcp 127.0.0.1:10000: connect: connection refused[0m
[90m2025-05-28 08:47:47.323[0m [31mERR[0m [1mList task err:Get "http://127.0.0.1:10000/apis/resources/v1/groups": dial tcp 127.0.0.1:10000: connect: connection refused[0m
[90m2025-05-28 08:47:47.424[0m [31mERR[0m [1mList task err:Get "http://127.0.0.1:10000/apis/resources/v1/groups": dial tcp 127.0.0.1:10000: connect: connection refused[0m
[90m2025-05-28 08:47:47.525[0m [31mERR[0m [1mList task err:Get "http://127.0.0.1:10000/apis/resources/v1/groups": dial tcp 127.0.0.1:10000: connect: connection refused[0m
[90m2025-05-28 08:47:47.626[0m [31mERR[0m [1mList task err:Get "http://127.0.0.1:10000/apis/resources/v1/groups": dial tcp 127.0.0.1:10000: connect: connection refused[0m
[90m2025-05-28 08:47:47.727[0m [31mERR[0m [1mList task err:Get "http://127.0.0.1:10000/apis/resources/v1/groups": dial tcp 127.0.0.1:10000: connect: connection refused[0m
[90m2025-05-28 08:47:47.828[0m [31mERR[0m [1mList task err:Get "http://127.0.0.1:10000/apis/resources/v1/groups": dial tcp 127.0.0.1:10000: connect: connection refused[0m
[90m2025-05-28 08:47:47.929[0m [31mERR[0m [1mList task err:Get "http://127.0.0.1:10000/apis/resources/v1/groups": dial tcp 127.0.0.1:10000: connect: connection refused[0m
[90m2025-05-28 08:47:48.030[0m [31mERR[0m [1mList task err:Get "http://127.0.0.1:10000/apis/resources/v1/groups": dial tcp 127.0.0.1:10000: connect: connection refused[0m
[90m2025-05-28 08:47:48.131[0m [31mERR[0m [1mList task err:Get "http://127.0.0.1:10000/apis/resources/v1/groups": dial tcp 127.0.0.1:10000: connect: connection refused[0m
[90m2025-05-28 08:47:48.232[0m [31mERR[0m [1mList task err:Get "http://127.0.0.1:10000/apis/resources/v1/groups": dial tcp 127.0.0.1:10000: connect: connection refused[0m
[90m2025-05-28 08:47:48.333[0m [31mERR[0m [1mList task err:Get "http://127.0.0.1:10000/apis/resources/v1/groups": dial tcp 127.0.0.1:10000: connect: connection refused[0m
[90m2025-05-28 08:47:48.434[0m [31mERR[0m [1mList task err:Get "http://127.0.0.1:10000/apis/resources/v1/groups": dial tcp 127.0.0.1:10000: connect: connection refused[0m
[90m2025-05-28 08:47:48.534[0m [31mERR[0m [1mList task err:Get "http://127.0.0.1:10000/apis/resources/v1/groups": dial tcp 127.0.0.1:10000: connect: connection refused[0m
[90m2025-05-28 08:47:48.635[0m [31mERR[0m [1mList task err:Get "http://127.0.0.1:10000/apis/resources/v1/groups": dial tcp 127.0.0.1:10000: connect: connection refused[0m
[90m2025-05-28 08:47:48.736[0m [31mERR[0m [1mList task err:Get "http://127.0.0.1:10000/apis/resources/v1/groups": dial tcp 127.0.0.1:10000: connect: connection refused[0m
[90m2025-05-28 08:47:48.837[0m [31mERR[0m [1mList task err:Get "http://127.0.0.1:10000/apis/resources/v1/groups": dial tcp 127.0.0.1:10000: connect: connection refused[0m
[90m2025-05-28 08:47:48.938[0m [31mERR[0m [1mList task err:Get "http://127.0.0.1:10000/apis/resources/v1/groups": dial tcp 127.0.0.1:10000: connect: connection refused[0m
[90m2025-05-28 08:47:49.039[0m [31mERR[0m [1mList task err:Get "http://127.0.0.1:10000/apis/resources/v1/groups": dial tcp 127.0.0.1:10000: connect: connection refused[0m
[90m2025-05-28 08:47:49.140[0m [31mERR[0m [1mList task err:Get "http://127.0.0.1:10000/apis/resources/v1/groups": dial tcp 127.0.0.1:10000: connect: connection refused[0m
[90m2025-05-28 08:47:49.241[0m [31mERR[0m [1mList task err:Get "http://127.0.0.1:10000/apis/resources/v1/groups": dial tcp 127.0.0.1:10000: connect: connection refused[0m
[90m2025-05-28 08:47:49.342[0m [31mERR[0m [1mList task err:Get "http://127.0.0.1:10000/apis/resources/v1/groups": dial tcp 127.0.0.1:10000: connect: connection refused[0m
[90m2025-05-28 08:47:49.443[0m [31mERR[0m [1mList task err:Get "http://127.0.0.1:10000/apis/resources/v1/groups": dial tcp 127.0.0.1:10000: connect: connection refused[0m
[90m2025-05-28 08:47:49.544[0m [31mERR[0m [1mList task err:Get "http://127.0.0.1:10000/apis/resources/v1/groups": dial tcp 127.0.0.1:10000: connect: connection refused[0m
[90m2025-05-28 08:47:49.645[0m [31mERR[0m [1mList task err:Get "http://127.0.0.1:10000/apis/resources/v1/groups": dial tcp 127.0.0.1:10000: connect: connection refused[0m
[90m2025-05-28 08:47:49.745[0m [31mERR[0m [1mList task err:Get "http://127.0.0.1:10000/apis/resources/v1/groups": dial tcp 127.0.0.1:10000: connect: connection refused[0m
[90m2025-05-28 08:47:49.846[0m [31mERR[0m [1mList task err:Get "http://127.0.0.1:10000/apis/resources/v1/groups": dial tcp 127.0.0.1:10000: connect: connection refused[0m
[90m2025-05-28 08:47:49.947[0m [31mERR[0m [1mList task err:Get "http://127.0.0.1:10000/apis/resources/v1/groups": dial tcp 127.0.0.1:10000: connect: connection refused[0m
[90m2025-05-28 08:47:50.048[0m [31mERR[0m [1mList task err:Get "http://127.0.0.1:10000/apis/resources/v1/groups": dial tcp 127.0.0.1:10000: connect: connection refused[0m
[90m2025-05-28 08:47:50.149[0m [31mERR[0m [1mList task err:Get "http://127.0.0.1:10000/apis/resources/v1/groups": dial tcp 127.0.0.1:10000: connect: connection refused[0m
[90m2025-05-28 08:47:50.250[0m [31mERR[0m [1mList task err:Get "http://127.0.0.1:10000/apis/resources/v1/groups": dial tcp 127.0.0.1:10000: connect: connection refused[0m
[90m2025-05-28 08:47:50.351[0m [31mERR[0m [1mList task err:Get "http://127.0.0.1:10000/apis/resources/v1/groups": dial tcp 127.0.0.1:10000: connect: connection refused[0m
[90m2025-05-28 08:47:50.452[0m [31mERR[0m [1mList task err:Get "http://127.0.0.1:10000/apis/resources/v1/groups": dial tcp 127.0.0.1:10000: connect: connection refused[0m
[90m2025-05-28 08:47:50.553[0m [31mERR[0m [1mList task err:Get "http://127.0.0.1:10000/apis/resources/v1/groups": dial tcp 127.0.0.1:10000: connect: connection refused[0m
[90m2025-05-28 08:47:50.654[0m [31mERR[0m [1mList task err:Get "http://127.0.0.1:10000/apis/resources/v1/groups": dial tcp 127.0.0.1:10000: connect: connection refused[0m
[90m2025-05-28 08:47:50.755[0m [31mERR[0m [1mList task err:Get "http://127.0.0.1:10000/apis/resources/v1/groups": dial tcp 127.0.0.1:10000: connect: connection refused[0m
[90m2025-05-28 08:47:50.855[0m [31mERR[0m [1mList task err:Get "http://127.0.0.1:10000/apis/resources/v1/groups": dial tcp 127.0.0.1:10000: connect: connection refused[0m
[90m2025-05-28 08:47:50.956[0m [31mERR[0m [1mList task err:Get "http://127.0.0.1:10000/apis/resources/v1/groups": dial tcp 127.0.0.1:10000: connect: connection refused[0m
[90m2025-05-28 08:47:51.057[0m [31mERR[0m [1mList task err:Get "http://127.0.0.1:10000/apis/resources/v1/groups": dial tcp 127.0.0.1:10000: connect: connection refused[0m
[90m2025-05-28 08:47:51.158[0m [31mERR[0m [1mList task err:Get "http://127.0.0.1:10000/apis/resources/v1/groups": dial tcp 127.0.0.1:10000: connect: connection refused[0m
[90m2025-05-28 08:47:51.259[0m [31mERR[0m [1mList task err:Get "http://127.0.0.1:10000/apis/resources/v1/groups": dial tcp 127.0.0.1:10000: connect: connection refused[0m
[90m2025-05-28 08:47:51.360[0m [31mERR[0m [1mList task err:Get "http://127.0.0.1:10000/apis/resources/v1/groups": dial tcp 127.0.0.1:10000: connect: connection refused[0m
[90m2025-05-28 08:47:51.461[0m [31mERR[0m [1mList task err:Get "http://127.0.0.1:10000/apis/resources/v1/groups": dial tcp 127.0.0.1:10000: connect: connection refused[0m
[90m2025-05-28 08:47:51.562[0m [31mERR[0m [1mList task err:Get "http://127.0.0.1:10000/apis/resources/v1/groups": dial tcp 127.0.0.1:10000: connect: connection refused[0m
[90m2025-05-28 08:47:51.662[0m [31mERR[0m [1mList task err:Get "http://127.0.0.1:10000/apis/resources/v1/groups": dial tcp 127.0.0.1:10000: connect: connection refused[0m
[90m2025-05-28 08:47:51.763[0m [31mERR[0m [1mList task err:Get "http://127.0.0.1:10000/apis/resources/v1/groups": dial tcp 127.0.0.1:10000: connect: connection refused[0m
[90m2025-05-28 08:47:51.864[0m [31mERR[0m [1mList task err:Get "http://127.0.0.1:10000/apis/resources/v1/groups": dial tcp 127.0.0.1:10000: connect: connection refused[0m
[90m2025-05-28 08:47:51.965[0m [31mERR[0m [1mList task err:Get "http://127.0.0.1:10000/apis/resources/v1/groups": dial tcp 127.0.0.1:10000: connect: connection refused[0m
[90m2025-05-28 08:47:52.066[0m [31mERR[0m [1mList task err:Get "http://127.0.0.1:10000/apis/resources/v1/groups": dial tcp 127.0.0.1:10000: connect: connection refused[0m
[90m2025-05-28 08:47:52.167[0m [31mERR[0m [1mList task err:Get "http://127.0.0.1:10000/apis/resources/v1/groups": dial tcp 127.0.0.1:10000: connect: connection refused[0m
[90m2025-05-28 08:47:52.268[0m [31mERR[0m [1mList task err:Get "http://127.0.0.1:10000/apis/resources/v1/groups": dial tcp 127.0.0.1:10000: connect: connection refused[0m
[90m2025-05-28 08:47:52.369[0m [31mERR[0m [1mList task err:Get "http://127.0.0.1:10000/apis/resources/v1/groups": dial tcp 127.0.0.1:10000: connect: connection refused[0m
[90m2025-05-28 08:47:52.470[0m [31mERR[0m [1mList task err:Get "http://127.0.0.1:10000/apis/resources/v1/groups": dial tcp 127.0.0.1:10000: connect: connection refused[0m
[90m2025-05-28 08:47:52.570[0m [31mERR[0m [1mList task err:Get "http://127.0.0.1:10000/apis/resources/v1/groups": dial tcp 127.0.0.1:10000: connect: connection refused[0m
[90m2025-05-28 08:47:52.671[0m [31mERR[0m [1mList task err:Get "http://127.0.0.1:10000/apis/resources/v1/groups": dial tcp 127.0.0.1:10000: connect: connection refused[0m
[90m2025-05-28 08:47:52.774[0m [31mERR[0m [1mList task err:Get "http://127.0.0.1:10000/apis/resources/v1/groups": dial tcp 127.0.0.1:10000: connect: connection refused[0m
[90m2025-05-28 08:47:52.875[0m [31mERR[0m [1mList task err:Get "http://127.0.0.1:10000/apis/resources/v1/groups": dial tcp 127.0.0.1:10000: connect: connection refused[0m
[90m2025-05-28 08:47:52.976[0m [31mERR[0m [1mList task err:Get "http://127.0.0.1:10000/apis/resources/v1/groups": dial tcp 127.0.0.1:10000: connect: connection refused[0m
[90m2025-05-28 08:47:53.077[0m [31mERR[0m [1mList task err:Get "http://127.0.0.1:10000/apis/resources/v1/groups": dial tcp 127.0.0.1:10000: connect: connection refused[0m
[90m2025-05-28 08:47:53.178[0m [31mERR[0m [1mList task err:Get "http://127.0.0.1:10000/apis/resources/v1/groups": dial tcp 127.0.0.1:10000: connect: connection refused[0m
[90m2025-05-28 08:47:53.278[0m [31mERR[0m [1mList task err:Get "http://127.0.0.1:10000/apis/resources/v1/groups": dial tcp 127.0.0.1:10000: connect: connection refused[0m
[90m2025-05-28 08:47:53.379[0m [31mERR[0m [1mList task err:Get "http://127.0.0.1:10000/apis/resources/v1/groups": dial tcp 127.0.0.1:10000: connect: connection refused[0m
[90m2025-05-28 08:47:53.480[0m [31mERR[0m [1mList task err:Get "http://127.0.0.1:10000/apis/resources/v1/groups": dial tcp 127.0.0.1:10000: connect: connection refused[0m
[90m2025-05-28 08:47:53.581[0m [31mERR[0m [1mList task err:Get "http://127.0.0.1:10000/apis/resources/v1/groups": dial tcp 127.0.0.1:10000: connect: connection refused[0m
[90m2025-05-28 08:47:53.682[0m [31mERR[0m [1mList task err:Get "http://127.0.0.1:10000/apis/resources/v1/groups": dial tcp 127.0.0.1:10000: connect: connection refused[0m
[90m2025-05-28 08:47:53.783[0m [31mERR[0m [1mList task err:Get "http://127.0.0.1:10000/apis/resources/v1/groups": dial tcp 127.0.0.1:10000: connect: connection refused[0m
[90m2025-05-28 08:47:53.884[0m [31mERR[0m [1mList task err:Get "http://127.0.0.1:10000/apis/resources/v1/groups": dial tcp 127.0.0.1:10000: connect: connection refused[0m
[90m2025-05-28 08:47:53.985[0m [31mERR[0m [1mList task err:Get "http://127.0.0.1:10000/apis/resources/v1/groups": dial tcp 127.0.0.1:10000: connect: connection refused[0m
[90m2025-05-28 08:47:54.086[0m [31mERR[0m [1mList task err:Get "http://127.0.0.1:10000/apis/resources/v1/groups": dial tcp 127.0.0.1:10000: connect: connection refused[0m
[90m2025-05-28 08:47:54.187[0m [31mERR[0m [1mList task err:Get "http://127.0.0.1:10000/apis/resources/v1/groups": dial tcp 127.0.0.1:10000: connect: connection refused[0m
[90m2025-05-28 08:47:54.288[0m [31mERR[0m [1mList task err:Get "http://127.0.0.1:10000/apis/resources/v1/groups": dial tcp 127.0.0.1:10000: connect: connection refused[0m
[90m2025-05-28 08:47:54.389[0m [31mERR[0m [1mList task err:Get "http://127.0.0.1:10000/apis/resources/v1/groups": dial tcp 127.0.0.1:10000: connect: connection refused[0m
[90m2025-05-28 08:47:54.490[0m [31mERR[0m [1mList task err:Get "http://127.0.0.1:10000/apis/resources/v1/groups": dial tcp 127.0.0.1:10000: connect: connection refused[0m
[90m2025-05-28 08:47:54.591[0m [31mERR[0m [1mList task err:Get "http://127.0.0.1:10000/apis/resources/v1/groups": dial tcp 127.0.0.1:10000: connect: connection refused[0m
[90m2025-05-28 08:47:54.691[0m [31mERR[0m [1mList task err:Get "http://127.0.0.1:10000/apis/resources/v1/groups": dial tcp 127.0.0.1:10000: connect: connection refused[0m
[90m2025-05-28 08:47:54.792[0m [31mERR[0m [1mList task err:Get "http://127.0.0.1:10000/apis/resources/v1/groups": dial tcp 127.0.0.1:10000: connect: connection refused[0m
[90m2025-05-28 08:47:54.893[0m [31mERR[0m [1mList task err:Get "http://127.0.0.1:10000/apis/resources/v1/groups": dial tcp 127.0.0.1:10000: connect: connection refused[0m
[90m2025-05-28 08:47:54.993[0m [31mERR[0m [1mList task err:Get "http://127.0.0.1:10000/apis/resources/v1/groups": dial tcp 127.0.0.1:10000: connect: connection refused[0m
[90m2025-05-28 08:47:55.094[0m [31mERR[0m [1mList task err:Get "http://127.0.0.1:10000/apis/resources/v1/groups": dial tcp 127.0.0.1:10000: connect: connection refused[0m
[90m2025-05-28 08:47:55.195[0m [31mERR[0m [1mList task err:Get "http://127.0.0.1:10000/apis/resources/v1/groups": dial tcp 127.0.0.1:10000: connect: connection refused[0m
[90m2025-05-28 08:47:55.296[0m [31mERR[0m [1mList task err:Get "http://127.0.0.1:10000/apis/resources/v1/groups": dial tcp 127.0.0.1:10000: connect: connection refused[0m
[90m2025-05-28 08:47:55.397[0m [31mERR[0m [1mList task err:Get "http://127.0.0.1:10000/apis/resources/v1/groups": dial tcp 127.0.0.1:10000: connect: connection refused[0m
[90m2025-05-28 08:47:55.498[0m [31mERR[0m [1mList task err:Get "http://127.0.0.1:10000/apis/resources/v1/groups": dial tcp 127.0.0.1:10000: connect: connection refused[0m
[90m2025-05-28 08:47:55.599[0m [31mERR[0m [1mList task err:Get "http://127.0.0.1:10000/apis/resources/v1/groups": dial tcp 127.0.0.1:10000: connect: connection refused[0m
[90m2025-05-28 08:47:55.700[0m [31mERR[0m [1mList task err:Get "http://127.0.0.1:10000/apis/resources/v1/groups": dial tcp 127.0.0.1:10000: connect: connection refused[0m
[90m2025-05-28 08:47:55.801[0m [31mERR[0m [1mList task err:Get "http://127.0.0.1:10000/apis/resources/v1/groups": dial tcp 127.0.0.1:10000: connect: connection refused[0m
[90m2025-05-28 08:47:55.902[0m [31mERR[0m [1mList task err:Get "http://127.0.0.1:10000/apis/resources/v1/groups": dial tcp 127.0.0.1:10000: connect: connection refused[0m
[90m2025-05-28 08:47:56.002[0m [31mERR[0m [1mList task err:Get "http://127.0.0.1:10000/apis/resources/v1/groups": dial tcp 127.0.0.1:10000: connect: connection refused[0m
[90m2025-05-28 08:47:56.103[0m [31mERR[0m [1mList task err:Get "http://127.0.0.1:10000/apis/resources/v1/groups": dial tcp 127.0.0.1:10000: connect: connection refused[0m
[90m2025-05-28 08:47:56.203[0m [31mERR[0m [1mList task err:Get "http://127.0.0.1:10000/apis/resources/v1/groups": dial tcp 127.0.0.1:10000: connect: connection refused[0m
[90m2025-05-28 08:47:56.304[0m [31mERR[0m [1mList task err:Get "http://127.0.0.1:10000/apis/resources/v1/groups": dial tcp 127.0.0.1:10000: connect: connection refused[0m
[90m2025-05-28 08:47:56.405[0m [31mERR[0m [1mList task err:Get "http://127.0.0.1:10000/apis/resources/v1/groups": dial tcp 127.0.0.1:10000: connect: connection refused[0m
[90m2025-05-28 08:47:56.505[0m [31mERR[0m [1mList task err:Get "http://127.0.0.1:10000/apis/resources/v1/groups": dial tcp 127.0.0.1:10000: connect: connection refused[0m
[90m2025-05-28 08:47:56.606[0m [31mERR[0m [1mList task err:Get "http://127.0.0.1:10000/apis/resources/v1/groups": dial tcp 127.0.0.1:10000: connect: connection refused[0m
[90m2025-05-28 08:47:56.707[0m [31mERR[0m [1mList task err:Get "http://127.0.0.1:10000/apis/resources/v1/groups": dial tcp 127.0.0.1:10000: connect: connection refused[0m
[90m2025-05-28 08:47:56.808[0m [31mERR[0m [1mList task err:Get "http://127.0.0.1:10000/apis/resources/v1/groups": dial tcp 127.0.0.1:10000: connect: connection refused[0m
[90m2025-05-28 08:47:56.909[0m [31mERR[0m [1mList task err:Get "http://127.0.0.1:10000/apis/resources/v1/groups": dial tcp 127.0.0.1:10000: connect: connection refused[0m
[90m2025-05-28 08:47:57.009[0m [31mERR[0m [1mList task err:Get "http://127.0.0.1:10000/apis/resources/v1/groups": dial tcp 127.0.0.1:10000: connect: connection refused[0m
[90m2025-05-28 08:47:57.110[0m [31mERR[0m [1mList task err:Get "http://127.0.0.1:10000/apis/resources/v1/groups": dial tcp 127.0.0.1:10000: connect: connection refused[0m
[90m2025-05-28 08:47:57.211[0m [31mERR[0m [1mList task err:Get "http://127.0.0.1:10000/apis/resources/v1/groups": dial tcp 127.0.0.1:10000: connect: connection refused[0m
[90m2025-05-28 08:47:57.312[0m [31mERR[0m [1mList task err:Get "http://127.0.0.1:10000/apis/resources/v1/groups": dial tcp 127.0.0.1:10000: connect: connection refused[0m
[90m2025-05-28 08:47:57.413[0m [31mERR[0m [1mList task err:Get "http://127.0.0.1:10000/apis/resources/v1/groups": dial tcp 127.0.0.1:10000: connect: connection refused[0m
[90m2025-05-28 08:47:57.514[0m [31mERR[0m [1mList task err:Get "http://127.0.0.1:10000/apis/resources/v1/groups": dial tcp 127.0.0.1:10000: connect: connection refused[0m
[90m2025-05-28 08:47:57.615[0m [31mERR[0m [1mList task err:Get "http://127.0.0.1:10000/apis/resources/v1/groups": dial tcp 127.0.0.1:10000: connect: connection refused[0m
[90m2025-05-28 08:47:57.716[0m [31mERR[0m [1mList task err:Get "http://127.0.0.1:10000/apis/resources/v1/groups": dial tcp 127.0.0.1:10000: connect: connection refused[0m
[90m2025-05-28 08:47:57.817[0m [31mERR[0m [1mList task err:Get "http://127.0.0.1:10000/apis/resources/v1/groups": dial tcp 127.0.0.1:10000: connect: connection refused[0m
[90m2025-05-28 08:47:57.918[0m [31mERR[0m [1mList task err:Get "http://127.0.0.1:10000/apis/resources/v1/groups": dial tcp 127.0.0.1:10000: connect: connection refused[0m
[90m2025-05-28 08:47:58.019[0m [31mERR[0m [1mList task err:Get "http://127.0.0.1:10000/apis/resources/v1/groups": dial tcp 127.0.0.1:10000: connect: connection refused[0m
[90m2025-05-28 08:47:58.119[0m [31mERR[0m [1mList task err:Get "http://127.0.0.1:10000/apis/resources/v1/groups": dial tcp 127.0.0.1:10000: connect: connection refused[0m
[90m2025-05-28 08:47:58.220[0m [31mERR[0m [1mList task err:Get "http://127.0.0.1:10000/apis/resources/v1/groups": dial tcp 127.0.0.1:10000: connect: connection refused[0m
[90m2025-05-28 08:47:58.321[0m [31mERR[0m [1mList task err:Get "http://127.0.0.1:10000/apis/resources/v1/groups": dial tcp 127.0.0.1:10000: connect: connection refused[0m
[90m2025-05-28 08:47:58.422[0m [31mERR[0m [1mList task err:Get "http://127.0.0.1:10000/apis/resources/v1/groups": dial tcp 127.0.0.1:10000: connect: connection refused[0m
[90m2025-05-28 08:47:58.523[0m [31mERR[0m [1mList task err:Get "http://127.0.0.1:10000/apis/resources/v1/groups": dial tcp 127.0.0.1:10000: connect: connection refused[0m
[90m2025-05-28 08:47:58.625[0m [31mERR[0m [1mList task err:Get "http://127.0.0.1:10000/apis/resources/v1/groups": dial tcp 127.0.0.1:10000: connect: connection refused[0m
[90m2025-05-28 08:47:58.726[0m [31mERR[0m [1mList task err:Get "http://127.0.0.1:10000/apis/resources/v1/groups": dial tcp 127.0.0.1:10000: connect: connection refused[0m
[90m2025-05-28 08:47:58.827[0m [31mERR[0m [1mList task err:Get "http://127.0.0.1:10000/apis/resources/v1/groups": dial tcp 127.0.0.1:10000: connect: connection refused[0m
[90m2025-05-28 08:47:58.928[0m [31mERR[0m [1mList task err:Get "http://127.0.0.1:10000/apis/resources/v1/groups": dial tcp 127.0.0.1:10000: connect: connection refused[0m
[90m2025-05-28 08:47:59.028[0m [31mERR[0m [1mList task err:Get "http://127.0.0.1:10000/apis/resources/v1/groups": dial tcp 127.0.0.1:10000: connect: connection refused[0m
[90m2025-05-28 08:47:59.129[0m [31mERR[0m [1mList task err:Get "http://127.0.0.1:10000/apis/resources/v1/groups": dial tcp 127.0.0.1:10000: connect: connection refused[0m
[90m2025-05-28 08:47:59.230[0m [31mERR[0m [1mList task err:Get "http://127.0.0.1:10000/apis/resources/v1/groups": dial tcp 127.0.0.1:10000: connect: connection refused[0m
[90m2025-05-28 08:47:59.331[0m [31mERR[0m [1mList task err:Get "http://127.0.0.1:10000/apis/resources/v1/groups": dial tcp 127.0.0.1:10000: connect: connection refused[0m
[90m2025-05-28 08:47:59.433[0m [31mERR[0m [1mList task err:Get "http://127.0.0.1:10000/apis/resources/v1/groups": dial tcp 127.0.0.1:10000: connect: connection refused[0m
[90m2025-05-28 08:47:59.534[0m [31mERR[0m [1mList task err:Get "http://127.0.0.1:10000/apis/resources/v1/groups": dial tcp 127.0.0.1:10000: connect: connection refused[0m
[90m2025-05-28 08:47:59.634[0m [31mERR[0m [1mList task err:Get "http://127.0.0.1:10000/apis/resources/v1/groups": dial tcp 127.0.0.1:10000: connect: connection refused[0m
[90m2025-05-28 08:47:59.735[0m [31mERR[0m [1mList task err:Get "http://127.0.0.1:10000/apis/resources/v1/groups": dial tcp 127.0.0.1:10000: connect: connection refused[0m
[90m2025-05-28 08:47:59.836[0m [31mERR[0m [1mList task err:Get "http://127.0.0.1:10000/apis/resources/v1/groups": dial tcp 127.0.0.1:10000: connect: connection refused[0m
[90m2025-05-28 08:47:59.936[0m [31mERR[0m [1mList task err:Get "http://127.0.0.1:10000/apis/resources/v1/groups": dial tcp 127.0.0.1:10000: connect: connection refused[0m
[90m2025-05-28 08:48:00.038[0m [31mERR[0m [1mList task err:Get "http://127.0.0.1:10000/apis/resources/v1/groups": dial tcp 127.0.0.1:10000: connect: connection refused[0m
[90m2025-05-28 08:48:00.139[0m [31mERR[0m [1mList task err:Get "http://127.0.0.1:10000/apis/resources/v1/groups": dial tcp 127.0.0.1:10000: connect: connection refused[0m
[90m2025-05-28 08:48:00.239[0m [31mERR[0m [1mList task err:Get "http://127.0.0.1:10000/apis/resources/v1/groups": dial tcp 127.0.0.1:10000: connect: connection refused[0m
[90m2025-05-28 08:48:00.340[0m [31mERR[0m [1mList task err:Get "http://127.0.0.1:10000/apis/resources/v1/groups": dial tcp 127.0.0.1:10000: connect: connection refused[0m
[90m2025-05-28 08:48:00.441[0m [31mERR[0m [1mList task err:Get "http://127.0.0.1:10000/apis/resources/v1/groups": dial tcp 127.0.0.1:10000: connect: connection refused[0m
[90m2025-05-28 08:48:00.542[0m [31mERR[0m [1mList task err:Get "http://127.0.0.1:10000/apis/resources/v1/groups": dial tcp 127.0.0.1:10000: connect: connection refused[0m
[90m2025-05-28 08:48:00.643[0m [31mERR[0m [1mList task err:Get "http://127.0.0.1:10000/apis/resources/v1/groups": dial tcp 127.0.0.1:10000: connect: connection refused[0m
[90m2025-05-28 08:48:00.744[0m [31mERR[0m [1mList task err:Get "http://127.0.0.1:10000/apis/resources/v1/groups": dial tcp 127.0.0.1:10000: connect: connection refused[0m
[90m2025-05-28 08:48:00.845[0m [31mERR[0m [1mList task err:Get "http://127.0.0.1:10000/apis/resources/v1/groups": dial tcp 127.0.0.1:10000: connect: connection refused[0m
[90m2025-05-28 08:48:00.945[0m [31mERR[0m [1mList task err:Get "http://127.0.0.1:10000/apis/resources/v1/groups": dial tcp 127.0.0.1:10000: connect: connection refused[0m
[90m2025-05-28 08:48:01.047[0m [31mERR[0m [1mList task err:Get "http://127.0.0.1:10000/apis/resources/v1/groups": dial tcp 127.0.0.1:10000: connect: connection refused[0m
[90m2025-05-28 08:48:01.147[0m [31mERR[0m [1mList task err:Get "http://127.0.0.1:10000/apis/resources/v1/groups": dial tcp 127.0.0.1:10000: connect: connection refused[0m
[90m2025-05-28 08:48:01.248[0m [31mERR[0m [1mList task err:Get "http://127.0.0.1:10000/apis/resources/v1/groups": dial tcp 127.0.0.1:10000: connect: connection refused[0m
[90m2025-05-28 08:48:01.349[0m [31mERR[0m [1mList task err:Get "http://127.0.0.1:10000/apis/resources/v1/groups": dial tcp 127.0.0.1:10000: connect: connection refused[0m
[90m2025-05-28 08:48:01.450[0m [31mERR[0m [1mList task err:Get "http://127.0.0.1:10000/apis/resources/v1/groups": dial tcp 127.0.0.1:10000: connect: connection refused[0m
[90m2025-05-28 08:48:01.550[0m [31mERR[0m [1mList task err:Get "http://127.0.0.1:10000/apis/resources/v1/groups": dial tcp 127.0.0.1:10000: connect: connection refused[0m
[90m2025-05-28 08:48:01.651[0m [31mERR[0m [1mList task err:Get "http://127.0.0.1:10000/apis/resources/v1/groups": dial tcp 127.0.0.1:10000: connect: connection refused[0m
[90m2025-05-28 08:48:01.752[0m [31mERR[0m [1mList task err:Get "http://127.0.0.1:10000/apis/resources/v1/groups": dial tcp 127.0.0.1:10000: connect: connection refused[0m
[90m2025-05-28 08:48:01.853[0m [31mERR[0m [1mList task err:Get "http://127.0.0.1:10000/apis/resources/v1/groups": dial tcp 127.0.0.1:10000: connect: connection refused[0m
[90m2025-05-28 08:48:01.954[0m [31mERR[0m [1mList task err:Get "http://127.0.0.1:10000/apis/resources/v1/groups": dial tcp 127.0.0.1:10000: connect: connection refused[0m
[90m2025-05-28 08:48:02.055[0m [31mERR[0m [1mList task err:Get "http://127.0.0.1:10000/apis/resources/v1/groups": dial tcp 127.0.0.1:10000: connect: connection refused[0m
[90m2025-05-28 08:48:02.155[0m [31mERR[0m [1mList task err:Get "http://127.0.0.1:10000/apis/resources/v1/groups": dial tcp 127.0.0.1:10000: connect: connection refused[0m
[90m2025-05-28 08:48:02.256[0m [31mERR[0m [1mList task err:Get "http://127.0.0.1:10000/apis/resources/v1/groups": dial tcp 127.0.0.1:10000: connect: connection refused[0m
[90m2025-05-28 08:48:02.357[0m [31mERR[0m [1mList task err:Get "http://127.0.0.1:10000/apis/resources/v1/groups": dial tcp 127.0.0.1:10000: connect: connection refused[0m
[90m2025-05-28 08:48:02.458[0m [31mERR[0m [1mList task err:Get "http://127.0.0.1:10000/apis/resources/v1/groups": dial tcp 127.0.0.1:10000: connect: connection refused[0m
[90m2025-05-28 08:48:02.559[0m [31mERR[0m [1mList task err:Get "http://127.0.0.1:10000/apis/resources/v1/groups": dial tcp 127.0.0.1:10000: connect: connection refused[0m
[90m2025-05-28 08:48:02.660[0m [31mERR[0m [1mList task err:Get "http://127.0.0.1:10000/apis/resources/v1/groups": dial tcp 127.0.0.1:10000: connect: connection refused[0m
[90m2025-05-28 08:48:02.761[0m [31mERR[0m [1mList task err:Get "http://127.0.0.1:10000/apis/resources/v1/groups": dial tcp 127.0.0.1:10000: connect: connection refused[0m
[90m2025-05-28 08:48:02.861[0m [31mERR[0m [1mList task err:Get "http://127.0.0.1:10000/apis/resources/v1/groups": dial tcp 127.0.0.1:10000: connect: connection refused[0m
[90m2025-05-28 08:48:02.962[0m [31mERR[0m [1mList task err:Get "http://127.0.0.1:10000/apis/resources/v1/groups": dial tcp 127.0.0.1:10000: connect: connection refused[0m
[90m2025-05-28 08:48:03.063[0m [31mERR[0m [1mList task err:Get "http://127.0.0.1:10000/apis/resources/v1/groups": dial tcp 127.0.0.1:10000: connect: connection refused[0m
[90m2025-05-28 08:48:03.165[0m [31mERR[0m [1mList task err:Get "http://127.0.0.1:10000/apis/resources/v1/groups": dial tcp 127.0.0.1:10000: connect: connection refused[0m
[90m2025-05-28 08:48:03.266[0m [31mERR[0m [1mList task err:Get "http://127.0.0.1:10000/apis/resources/v1/groups": dial tcp 127.0.0.1:10000: connect: connection refused[0m
[90m2025-05-28 08:48:03.366[0m [31mERR[0m [1mList task err:Get "http://127.0.0.1:10000/apis/resources/v1/groups": dial tcp 127.0.0.1:10000: connect: connection refused[0m
[90m2025-05-28 08:48:03.467[0m [31mERR[0m [1mList task err:Get "http://127.0.0.1:10000/apis/resources/v1/groups": dial tcp 127.0.0.1:10000: connect: connection refused[0m
[90m2025-05-28 08:48:03.569[0m [31mERR[0m [1mList task err:Get "http://127.0.0.1:10000/apis/resources/v1/groups": dial tcp 127.0.0.1:10000: connect: connection refused[0m
[90m2025-05-28 08:48:03.669[0m [31mERR[0m [1mList task err:Get "http://127.0.0.1:10000/apis/resources/v1/groups": dial tcp 127.0.0.1:10000: connect: connection refused[0m
[90m2025-05-28 08:48:03.771[0m [31mERR[0m [1mList task err:Get "http://127.0.0.1:10000/apis/resources/v1/groups": dial tcp 127.0.0.1:10000: connect: connection refused[0m
[90m2025-05-28 08:48:03.871[0m [31mERR[0m [1mList task err:Get "http://127.0.0.1:10000/apis/resources/v1/groups": dial tcp 127.0.0.1:10000: connect: connection refused[0m
[90m2025-05-28 08:48:03.972[0m [31mERR[0m [1mList task err:Get "http://127.0.0.1:10000/apis/resources/v1/groups": dial tcp 127.0.0.1:10000: connect: connection refused[0m
[90m2025-05-28 08:48:04.073[0m [31mERR[0m [1mList task err:Get "http://127.0.0.1:10000/apis/resources/v1/groups": dial tcp 127.0.0.1:10000: connect: connection refused[0m
[90m2025-05-28 08:48:04.174[0m [31mERR[0m [1mList task err:Get "http://127.0.0.1:10000/apis/resources/v1/groups": dial tcp 127.0.0.1:10000: connect: connection refused[0m
[90m2025-05-28 08:48:04.275[0m [31mERR[0m [1mList task err:Get "http://127.0.0.1:10000/apis/resources/v1/groups": dial tcp 127.0.0.1:10000: connect: connection refused[0m
[90m2025-05-28 08:48:04.376[0m [31mERR[0m [1mList task err:Get "http://127.0.0.1:10000/apis/resources/v1/groups": dial tcp 127.0.0.1:10000: connect: connection refused[0m
[90m2025-05-28 08:48:04.477[0m [31mERR[0m [1mList task err:Get "http://127.0.0.1:10000/apis/resources/v1/groups": dial tcp 127.0.0.1:10000: connect: connection refused[0m
[90m2025-05-28 08:48:04.578[0m [31mERR[0m [1mList task err:Get "http://127.0.0.1:10000/apis/resources/v1/groups": dial tcp 127.0.0.1:10000: connect: connection refused[0m
[90m2025-05-28 08:48:04.682[0m [31mERR[0m [1mList task err:Get "http://127.0.0.1:10000/apis/resources/v1/groups": dial tcp 127.0.0.1:10000: connect: connection refused[0m
[90m2025-05-28 08:48:04.784[0m [31mERR[0m [1mList task err:Get "http://127.0.0.1:10000/apis/resources/v1/groups": dial tcp 127.0.0.1:10000: connect: connection refused[0m
[90m2025-05-28 08:48:04.885[0m [31mERR[0m [1mList task err:Get "http://127.0.0.1:10000/apis/resources/v1/groups": dial tcp 127.0.0.1:10000: connect: connection refused[0m
[90m2025-05-28 08:48:04.986[0m [31mERR[0m [1mList task err:Get "http://127.0.0.1:10000/apis/resources/v1/groups": dial tcp 127.0.0.1:10000: connect: connection refused[0m
[90m2025-05-28 08:48:05.087[0m [31mERR[0m [1mList task err:Get "http://127.0.0.1:10000/apis/resources/v1/groups": dial tcp 127.0.0.1:10000: connect: connection refused[0m
[90m2025-05-28 08:48:05.189[0m [31mERR[0m [1mList task err:Get "http://127.0.0.1:10000/apis/resources/v1/groups": dial tcp 127.0.0.1:10000: connect: connection refused[0m
[90m2025-05-28 08:48:05.290[0m [31mERR[0m [1mList task err:Get "http://127.0.0.1:10000/apis/resources/v1/groups": dial tcp 127.0.0.1:10000: connect: connection refused[0m
[90m2025-05-28 08:48:05.392[0m [31mERR[0m [1mList task err:Get "http://127.0.0.1:10000/apis/resources/v1/groups": dial tcp 127.0.0.1:10000: connect: connection refused[0m
[90m2025-05-28 08:48:05.494[0m [31mERR[0m [1mList task err:Get "http://127.0.0.1:10000/apis/resources/v1/groups": dial tcp 127.0.0.1:10000: connect: connection refused[0m
[90m2025-05-28 08:48:05.595[0m [31mERR[0m [1mList task err:Get "http://127.0.0.1:10000/apis/resources/v1/groups": dial tcp 127.0.0.1:10000: connect: connection refused[0m
[90m2025-05-28 08:48:05.695[0m [31mERR[0m [1mList task err:Get "http://127.0.0.1:10000/apis/resources/v1/groups": dial tcp 127.0.0.1:10000: connect: connection refused[0m
[90m2025-05-28 08:48:05.796[0m [31mERR[0m [1mList task err:Get "http://127.0.0.1:10000/apis/resources/v1/groups": dial tcp 127.0.0.1:10000: connect: connection refused[0m
[90m2025-05-28 08:48:05.897[0m [31mERR[0m [1mList task err:Get "http://127.0.0.1:10000/apis/resources/v1/groups": dial tcp 127.0.0.1:10000: connect: connection refused[0m
[90m2025-05-28 08:48:05.998[0m [31mERR[0m [1mList task err:Get "http://127.0.0.1:10000/apis/resources/v1/groups": dial tcp 127.0.0.1:10000: connect: connection refused[0m
[90m2025-05-28 08:48:06.099[0m [31mERR[0m [1mList task err:Get "http://127.0.0.1:10000/apis/resources/v1/groups": dial tcp 127.0.0.1:10000: connect: connection refused[0m
[90m2025-05-28 08:48:06.200[0m [31mERR[0m [1mList task err:Get "http://127.0.0.1:10000/apis/resources/v1/groups": dial tcp 127.0.0.1:10000: connect: connection refused[0m
[90m2025-05-28 08:48:06.301[0m [31mERR[0m [1mList task err:Get "http://127.0.0.1:10000/apis/resources/v1/groups": dial tcp 127.0.0.1:10000: connect: connection refused[0m
[90m2025-05-28 08:48:06.402[0m [31mERR[0m [1mList task err:Get "http://127.0.0.1:10000/apis/resources/v1/groups": dial tcp 127.0.0.1:10000: connect: connection refused[0m
[90m2025-05-28 08:48:06.502[0m [31mERR[0m [1mList task err:Get "http://127.0.0.1:10000/apis/resources/v1/groups": dial tcp 127.0.0.1:10000: connect: connection refused[0m
[90m2025-05-28 08:48:06.603[0m [31mERR[0m [1mList task err:Get "http://127.0.0.1:10000/apis/resources/v1/groups": dial tcp 127.0.0.1:10000: connect: connection refused[0m
[90m2025-05-28 08:48:06.704[0m [31mERR[0m [1mList task err:Get "http://127.0.0.1:10000/apis/resources/v1/groups": dial tcp 127.0.0.1:10000: connect: connection refused[0m
[90m2025-05-28 08:48:06.806[0m [31mERR[0m [1mList task err:Get "http://127.0.0.1:10000/apis/resources/v1/groups": dial tcp 127.0.0.1:10000: connect: connection refused[0m
[90m2025-05-28 08:48:06.906[0m [31mERR[0m [1mList task err:Get "http://127.0.0.1:10000/apis/resources/v1/groups": dial tcp 127.0.0.1:10000: connect: connection refused[0m
[90m2025-05-28 08:48:07.008[0m [31mERR[0m [1mList task err:Get "http://127.0.0.1:10000/apis/resources/v1/groups": dial tcp 127.0.0.1:10000: connect: connection refused[0m
[90m2025-05-28 08:48:07.109[0m [31mERR[0m [1mList task err:Get "http://127.0.0.1:10000/apis/resources/v1/groups": dial tcp 127.0.0.1:10000: connect: connection refused[0m
[90m2025-05-28 08:48:07.209[0m [31mERR[0m [1mList task err:Get "http://127.0.0.1:10000/apis/resources/v1/groups": dial tcp 127.0.0.1:10000: connect: connection refused[0m
[90m2025-05-28 08:48:07.311[0m [31mERR[0m [1mList task err:Get "http://127.0.0.1:10000/apis/resources/v1/groups": dial tcp 127.0.0.1:10000: connect: connection refused[0m
[90m2025-05-28 08:48:07.411[0m [31mERR[0m [1mList task err:Get "http://127.0.0.1:10000/apis/resources/v1/groups": dial tcp 127.0.0.1:10000: connect: connection refused[0m
[90m2025-05-28 08:48:07.512[0m [31mERR[0m [1mList task err:Get "http://127.0.0.1:10000/apis/resources/v1/groups": dial tcp 127.0.0.1:10000: connect: connection refused[0m
[90m2025-05-28 08:48:07.613[0m [31mERR[0m [1mList task err:Get "http://127.0.0.1:10000/apis/resources/v1/groups": dial tcp 127.0.0.1:10000: connect: connection refused[0m
[90m2025-05-28 08:48:07.714[0m [31mERR[0m [1mList task err:Get "http://127.0.0.1:10000/apis/resources/v1/groups": dial tcp 127.0.0.1:10000: connect: connection refused[0m
[90m2025-05-28 08:48:23.102[0m [31mERR[0m [36mmodule=[0mcmd/nodelet/app/server.go:61 [36mmsg=[0m"Failed to start resourcelet-1"
Error: 
[90m2025-05-28 08:48:23.102[0m [31mERR[0m [36mmodule=[0mpkg/nodelet/task/monitor/group_handler.go:107 [36mmsg=[0m"Context canceled, exiting loop iteration"
Usage:
  nodelet [flags]

Flags:
      --framework-conf string   初始化配置文件路径
  -h, --help                    help for nodelet

